USE edu_environment;

desc status_complete ;


-- insert 

-- таблица user_status
INSERT INTO user_status (user_status_name) VALUES ('student');
INSERT INTO user_status (user_status_name) VALUES ('prepo');
INSERT INTO user_status (user_status_name) VALUES ('admin');

-- таблица task_types
INSERT INTO task_types (`name`) VALUES ('Лекция');
INSERT INTO task_types (name) VALUES ('Практическое занятие');
INSERT INTO task_types (name) VALUES ('Тест');

-- таблица teacher_posions
INSERT INTO teacher_positions (`name`) VALUES ('Профессор');
INSERT INTO teacher_positions (`name`) VALUES ('Доцент');
INSERT INTO teacher_positions (name) VALUES ('Старший преподаватель');
INSERT INTO teacher_positions (name) VALUES ('Преподаватель');

-- таблица status_complete 
INSERT INTO status_complete (name) VALUES ('Не выполнено');
INSERT INTO status_complete (name) VALUES ('Отправлено на проверку');
INSERT INTO status_complete (name) VALUES ('Черновик');
INSERT INTO status_complete (name) VALUES ('Оценено');

-- таблица  media_types
INSERT INTO media_types (name) VALUES ('VIDEO');
INSERT INTO media_types (name) VALUES ('AUDIO');
INSERT INTO media_types (name) VALUES ('IMAGE');
INSERT INTO media_types (name) VALUES ('TXT');
INSERT INTO media_types (name) VALUES ('PDF');
INSERT INTO media_types (name) VALUES ('Word');
INSERT INTO media_types (name) VALUES ('Excel');


-- таблица users 

INSERT INTO `users` (`id`, `email`, `nick`, `created_at`, `updated_at`) VALUES (1, 'shields.litzy@example.org', 'doloribus', '2016-12-13 19:38:08', '2018-11-19 16:07:07');
INSERT INTO `users` (`id`, `email`, `nick`, `created_at`, `updated_at`) VALUES (2, 'verdie04@example.org', 'dolor', '2005-09-03 04:15:27', '2019-07-06 16:08:04');
INSERT INTO `users` (`id`, `email`, `nick`, `created_at`, `updated_at`) VALUES (3, 'ruecker.waylon@example.net', 'in', '1993-06-09 01:08:50', '2021-06-13 22:59:41');
INSERT INTO `users` (`id`, `email`, `nick`, `created_at`, `updated_at`) VALUES (4, 'muller.adolphus@example.com', 'sapiente', '2003-09-23 14:49:26', '2018-04-26 17:59:38');
INSERT INTO `users` (`id`, `email`, `nick`, `created_at`, `updated_at`) VALUES (5, 'thiel.oran@example.org', 'possimus', '1972-03-29 09:54:24', '1982-08-06 20:18:24');
INSERT INTO `users` (`id`, `email`, `nick`, `created_at`, `updated_at`) VALUES (6, 'martine62@example.com', 'soluta', '1992-10-21 23:48:19', '1979-10-02 15:04:29');
INSERT INTO `users` (`id`, `email`, `nick`, `created_at`, `updated_at`) VALUES (7, 'wilkinson.wiley@example.net', 'a', '2013-04-08 14:47:17', '1991-12-20 14:10:15');
INSERT INTO `users` (`id`, `email`, `nick`, `created_at`, `updated_at`) VALUES (8, 'mac.gleason@example.net', 'veniam', '2002-10-07 13:54:47', '1982-02-22 20:42:05');
INSERT INTO `users` (`id`, `email`, `nick`, `created_at`, `updated_at`) VALUES (9, 'gino74@example.com', 'autem', '2004-08-21 15:49:07', '2010-09-29 23:15:46');
INSERT INTO `users` (`id`, `email`, `nick`, `created_at`, `updated_at`) VALUES (10, 'frohan@example.net', 'voluptas', '1979-03-20 16:13:40', '1976-04-28 07:21:28');
INSERT INTO `users` (`id`, `email`, `nick`, `created_at`, `updated_at`) VALUES (11, 'rogelio.bechtelar@example.org', 'rerum', '2003-05-27 17:46:03', '1994-10-14 10:59:00');
INSERT INTO `users` (`id`, `email`, `nick`, `created_at`, `updated_at`) VALUES (12, 'nrunolfsdottir@example.com', 'quasi', '2004-06-14 06:17:52', '1973-05-09 00:29:35');
INSERT INTO `users` (`id`, `email`, `nick`, `created_at`, `updated_at`) VALUES (13, 'lowell.dibbert@example.com', 'dolorem', '1992-10-02 06:03:22', '1993-07-25 05:34:39');
INSERT INTO `users` (`id`, `email`, `nick`, `created_at`, `updated_at`) VALUES (14, 'ziemann.bennie@example.org', 'ut', '2001-09-07 18:22:40', '1971-08-15 19:47:47');
INSERT INTO `users` (`id`, `email`, `nick`, `created_at`, `updated_at`) VALUES (15, 'guy00@example.net', 'ullam', '1972-05-30 22:33:38', '2011-05-06 02:27:20');
INSERT INTO `users` (`id`, `email`, `nick`, `created_at`, `updated_at`) VALUES (16, 'xlynch@example.net', 'cumque', '1970-10-05 16:47:19', '2007-04-13 21:47:41');
INSERT INTO `users` (`id`, `email`, `nick`, `created_at`, `updated_at`) VALUES (17, 'jed.strosin@example.org', 'natus', '2007-01-01 07:12:10', '2020-05-04 12:08:22');
INSERT INTO `users` (`id`, `email`, `nick`, `created_at`, `updated_at`) VALUES (18, 'beahan.lura@example.net', 'labore', '2020-10-27 16:48:23', '1993-12-15 05:02:21');
INSERT INTO `users` (`id`, `email`, `nick`, `created_at`, `updated_at`) VALUES (19, 'gregory.spencer@example.org', 'quo', '2011-11-22 22:31:13', '1971-08-21 03:00:48');
INSERT INTO `users` (`id`, `email`, `nick`, `created_at`, `updated_at`) VALUES (20, 'karine03@example.org', 'aliquam', '1975-02-03 10:24:15', '1972-06-09 17:21:51');
INSERT INTO `users` (`id`, `email`, `nick`, `created_at`, `updated_at`) VALUES (21, 'gdaniel@example.org', 'sunt', '2008-02-08 15:30:15', '1979-07-25 03:11:02');
INSERT INTO `users` (`id`, `email`, `nick`, `created_at`, `updated_at`) VALUES (22, 'eriberto.eichmann@example.net', 'incidunt', '1991-05-29 00:03:05', '1995-12-28 09:40:32');
INSERT INTO `users` (`id`, `email`, `nick`, `created_at`, `updated_at`) VALUES (23, 'georgianna.ondricka@example.org', 'voluptatem', '1993-10-27 23:39:35', '2015-04-09 15:31:54');
INSERT INTO `users` (`id`, `email`, `nick`, `created_at`, `updated_at`) VALUES (24, 'kwisoky@example.net', 'ea', '1997-01-10 21:13:41', '1981-06-08 11:24:08');
INSERT INTO `users` (`id`, `email`, `nick`, `created_at`, `updated_at`) VALUES (25, 'liliana28@example.com', 'aut', '2004-05-30 09:46:53', '1979-05-11 10:19:12');
INSERT INTO `users` (`id`, `email`, `nick`, `created_at`, `updated_at`) VALUES (26, 'dfunk@example.org', 'dolores', '2008-01-27 00:44:31', '2006-05-27 20:13:07');
INSERT INTO `users` (`id`, `email`, `nick`, `created_at`, `updated_at`) VALUES (27, 'shawna.waelchi@example.org', 'culpa', '1980-01-03 03:11:59', '2018-05-12 11:09:11');
INSERT INTO `users` (`id`, `email`, `nick`, `created_at`, `updated_at`) VALUES (28, 'delores44@example.net', 'officia', '2009-10-18 12:40:34', '1976-09-16 06:19:42');
INSERT INTO `users` (`id`, `email`, `nick`, `created_at`, `updated_at`) VALUES (29, 'reinger.joaquin@example.com', 'exercitationem', '1976-05-15 14:30:51', '1995-09-02 19:21:27');
INSERT INTO `users` (`id`, `email`, `nick`, `created_at`, `updated_at`) VALUES (30, 'xschultz@example.com', 'ipsam', '2017-02-12 22:49:48', '1977-10-12 13:39:18');
INSERT INTO `users` (`id`, `email`, `nick`, `created_at`, `updated_at`) VALUES (31, 'genesis25@example.com', 'qui', '1998-02-28 04:51:29', '2001-05-16 22:39:12');
INSERT INTO `users` (`id`, `email`, `nick`, `created_at`, `updated_at`) VALUES (32, 'cathrine.konopelski@example.com', 'fuga', '1981-05-13 00:50:06', '1975-08-24 09:19:21');
INSERT INTO `users` (`id`, `email`, `nick`, `created_at`, `updated_at`) VALUES (33, 'oberbrunner.kianna@example.com', 'eius', '2013-12-14 02:29:40', '1988-03-10 12:36:46');
INSERT INTO `users` (`id`, `email`, `nick`, `created_at`, `updated_at`) VALUES (34, 'toy.herman@example.net', 'est', '1974-10-12 07:04:40', '1986-07-31 11:56:52');
INSERT INTO `users` (`id`, `email`, `nick`, `created_at`, `updated_at`) VALUES (35, 'paucek.vicente@example.org', 'pariatur', '2009-03-27 02:17:35', '2020-05-08 10:29:16');
INSERT INTO `users` (`id`, `email`, `nick`, `created_at`, `updated_at`) VALUES (36, 'oharber@example.com', 'modi', '2014-10-14 23:12:37', '1998-03-27 23:35:51');
INSERT INTO `users` (`id`, `email`, `nick`, `created_at`, `updated_at`) VALUES (37, 'uromaguera@example.org', 'quibusdam', '2005-12-28 21:46:36', '2015-12-29 13:09:47');
INSERT INTO `users` (`id`, `email`, `nick`, `created_at`, `updated_at`) VALUES (38, 'gloria55@example.com', 'quod', '2010-05-09 22:28:07', '1984-05-25 07:08:56');
INSERT INTO `users` (`id`, `email`, `nick`, `created_at`, `updated_at`) VALUES (39, 'schroeder.jerome@example.net', 'ex', '2018-08-26 03:24:13', '2016-02-20 01:05:59');
INSERT INTO `users` (`id`, `email`, `nick`, `created_at`, `updated_at`) VALUES (40, 'eladio64@example.net', 'velit', '2004-03-08 13:19:45', '2002-04-17 20:42:26');
INSERT INTO `users` (`id`, `email`, `nick`, `created_at`, `updated_at`) VALUES (41, 'ubeer@example.com', 'ducimus', '1977-10-06 18:04:36', '1978-10-05 17:07:39');
INSERT INTO `users` (`id`, `email`, `nick`, `created_at`, `updated_at`) VALUES (42, 'haley.kaylin@example.net', 'earum', '2005-08-01 20:08:58', '1982-10-31 08:00:26');
INSERT INTO `users` (`id`, `email`, `nick`, `created_at`, `updated_at`) VALUES (43, 'murphy.cecil@example.net', 'adipisci', '1986-03-16 15:05:22', '1971-10-20 11:24:23');
INSERT INTO `users` (`id`, `email`, `nick`, `created_at`, `updated_at`) VALUES (44, 'rpfeffer@example.org', 'eos', '1977-06-19 13:58:30', '1981-05-28 10:28:08');
INSERT INTO `users` (`id`, `email`, `nick`, `created_at`, `updated_at`) VALUES (45, 'goodwin.dameon@example.net', 'sit', '2013-02-18 16:20:18', '2010-05-04 08:39:07');
INSERT INTO `users` (`id`, `email`, `nick`, `created_at`, `updated_at`) VALUES (46, 'lonie05@example.com', 'enim', '1987-02-05 18:59:51', '1971-04-25 06:11:50');
INSERT INTO `users` (`id`, `email`, `nick`, `created_at`, `updated_at`) VALUES (47, 'aimee11@example.net', 'blanditiis', '1974-04-16 05:52:50', '1971-06-22 14:39:44');
INSERT INTO `users` (`id`, `email`, `nick`, `created_at`, `updated_at`) VALUES (48, 'ogoyette@example.org', 'nemo', '1984-06-30 11:09:53', '1979-04-18 21:50:06');
INSERT INTO `users` (`id`, `email`, `nick`, `created_at`, `updated_at`) VALUES (49, 'feeney.lucas@example.com', 'nisi', '2020-09-07 14:27:10', '1974-08-28 00:16:57');
INSERT INTO `users` (`id`, `email`, `nick`, `created_at`, `updated_at`) VALUES (50, 'rafaela.paucek@example.com', 'illum', '2009-11-30 15:15:50', '1993-09-17 21:27:25');
INSERT INTO `users` (`id`, `email`, `nick`, `created_at`, `updated_at`) VALUES (51, 'mckayla94@example.net', 'quis', '1977-04-29 09:36:49', '2014-04-18 03:55:05');
INSERT INTO `users` (`id`, `email`, `nick`, `created_at`, `updated_at`) VALUES (52, 'dayna.strosin@example.org', 'et', '1980-03-01 20:12:18', '1978-06-21 20:39:39');
INSERT INTO `users` (`id`, `email`, `nick`, `created_at`, `updated_at`) VALUES (53, 'dibbert.christian@example.org', 'reiciendis', '1999-05-30 11:29:48', '1986-07-06 03:13:29');
INSERT INTO `users` (`id`, `email`, `nick`, `created_at`, `updated_at`) VALUES (54, 'quitzon.cydney@example.net', 'optio', '2020-02-07 06:55:42', '1988-12-24 21:17:56');
INSERT INTO `users` (`id`, `email`, `nick`, `created_at`, `updated_at`) VALUES (55, 'katrine.fritsch@example.net', 'molestiae', '1979-07-03 00:44:18', '2002-05-21 04:23:48');
INSERT INTO `users` (`id`, `email`, `nick`, `created_at`, `updated_at`) VALUES (56, 'claudie.feeney@example.org', 'distinctio', '1980-04-19 05:44:41', '1978-03-26 04:08:48');
INSERT INTO `users` (`id`, `email`, `nick`, `created_at`, `updated_at`) VALUES (57, 'nwhite@example.net', 'repellendus', '2017-10-12 18:40:21', '1984-11-19 20:02:30');
INSERT INTO `users` (`id`, `email`, `nick`, `created_at`, `updated_at`) VALUES (58, 'reichert.domingo@example.com', 'eum', '1981-04-21 21:00:19', '2000-10-23 21:32:35');
INSERT INTO `users` (`id`, `email`, `nick`, `created_at`, `updated_at`) VALUES (59, 'qgoldner@example.net', 'consequatur', '1975-03-17 19:04:32', '2013-09-27 20:03:11');
INSERT INTO `users` (`id`, `email`, `nick`, `created_at`, `updated_at`) VALUES (60, 'spinka.kaelyn@example.net', 'fugit', '1999-07-27 03:58:07', '2018-05-31 16:45:21');
INSERT INTO `users` (`id`, `email`, `nick`, `created_at`, `updated_at`) VALUES (61, 'eriberto.douglas@example.com', 'doloremque', '2019-11-27 12:41:20', '1972-07-28 18:23:34');
INSERT INTO `users` (`id`, `email`, `nick`, `created_at`, `updated_at`) VALUES (62, 'vivienne.emmerich@example.org', 'id', '1983-08-22 16:19:44', '1970-06-14 22:31:01');
INSERT INTO `users` (`id`, `email`, `nick`, `created_at`, `updated_at`) VALUES (63, 'imosciski@example.com', 'minima', '1980-07-27 20:15:04', '1993-10-13 04:18:33');
INSERT INTO `users` (`id`, `email`, `nick`, `created_at`, `updated_at`) VALUES (64, 'jwehner@example.org', 'consectetur', '2009-01-08 03:58:38', '1975-05-28 23:17:30');
INSERT INTO `users` (`id`, `email`, `nick`, `created_at`, `updated_at`) VALUES (65, 'reichert.kurt@example.com', 'quaerat', '2008-10-09 03:03:53', '1977-05-25 02:38:19');
INSERT INTO `users` (`id`, `email`, `nick`, `created_at`, `updated_at`) VALUES (66, 'urunte@example.net', 'accusamus', '2020-02-22 19:09:38', '1998-10-03 14:12:42');
INSERT INTO `users` (`id`, `email`, `nick`, `created_at`, `updated_at`) VALUES (67, 'geraldine26@example.com', 'voluptate', '1999-12-30 21:54:37', '1989-02-28 06:53:28');
INSERT INTO `users` (`id`, `email`, `nick`, `created_at`, `updated_at`) VALUES (68, 'ankunding.courtney@example.com', 'rem', '1991-12-25 11:45:52', '1998-09-20 06:09:23');
INSERT INTO `users` (`id`, `email`, `nick`, `created_at`, `updated_at`) VALUES (69, 'skunze@example.org', 'harum', '1971-05-01 09:52:39', '1989-05-24 09:55:23');
INSERT INTO `users` (`id`, `email`, `nick`, `created_at`, `updated_at`) VALUES (70, 'barrows.elinore@example.com', 'recusandae', '1992-11-12 15:05:03', '2021-03-30 01:48:33');
INSERT INTO `users` (`id`, `email`, `nick`, `created_at`, `updated_at`) VALUES (71, 'name08@example.com', 'assumenda', '1970-06-05 18:01:14', '2003-05-23 04:14:50');
INSERT INTO `users` (`id`, `email`, `nick`, `created_at`, `updated_at`) VALUES (72, 'arnoldo18@example.com', 'numquam', '2018-01-05 00:33:00', '1980-11-10 21:29:35');
INSERT INTO `users` (`id`, `email`, `nick`, `created_at`, `updated_at`) VALUES (73, 'marshall.schneider@example.com', 'impedit', '1976-05-02 17:40:14', '1997-01-03 06:24:06');
INSERT INTO `users` (`id`, `email`, `nick`, `created_at`, `updated_at`) VALUES (74, 'humberto95@example.org', 'libero', '2018-01-05 02:57:26', '1983-02-11 18:24:43');
INSERT INTO `users` (`id`, `email`, `nick`, `created_at`, `updated_at`) VALUES (75, 'schoen.camilla@example.org', 'suscipit', '1973-10-28 03:14:45', '2021-01-04 02:52:26');
INSERT INTO `users` (`id`, `email`, `nick`, `created_at`, `updated_at`) VALUES (76, 'sbeer@example.org', 'officiis', '1983-03-03 23:10:53', '1991-10-18 21:25:22');
INSERT INTO `users` (`id`, `email`, `nick`, `created_at`, `updated_at`) VALUES (77, 'timothy.turner@example.org', 'itaque', '1978-05-08 05:21:17', '1999-05-15 01:49:53');
INSERT INTO `users` (`id`, `email`, `nick`, `created_at`, `updated_at`) VALUES (78, 'fdach@example.com', 'consequuntur', '1972-02-26 08:25:16', '1978-12-23 23:11:15');
INSERT INTO `users` (`id`, `email`, `nick`, `created_at`, `updated_at`) VALUES (79, 'walter.madie@example.com', 'animi', '2018-04-27 09:15:11', '2003-11-23 13:57:05');
INSERT INTO `users` (`id`, `email`, `nick`, `created_at`, `updated_at`) VALUES (80, 'dorcas67@example.net', 'atque', '1976-02-20 18:41:54', '2001-01-18 07:03:05');
INSERT INTO `users` (`id`, `email`, `nick`, `created_at`, `updated_at`) VALUES (81, 'audrey47@example.org', 'debitis', '1993-11-29 06:56:19', '1992-07-04 21:48:14');
INSERT INTO `users` (`id`, `email`, `nick`, `created_at`, `updated_at`) VALUES (82, 'margot.schumm@example.net', 'tempore', '2002-12-15 12:51:58', '2006-11-22 04:35:24');
INSERT INTO `users` (`id`, `email`, `nick`, `created_at`, `updated_at`) VALUES (83, 'carlotta46@example.org', 'dignissimos', '1985-08-09 18:06:58', '2013-11-23 05:14:36');
INSERT INTO `users` (`id`, `email`, `nick`, `created_at`, `updated_at`) VALUES (84, 'elvie.thiel@example.net', 'tenetur', '2001-10-11 10:33:35', '1992-04-09 14:00:41');
INSERT INTO `users` (`id`, `email`, `nick`, `created_at`, `updated_at`) VALUES (85, 'bstracke@example.org', 'praesentium', '1991-01-30 15:30:36', '1974-04-30 22:50:57');
INSERT INTO `users` (`id`, `email`, `nick`, `created_at`, `updated_at`) VALUES (86, 'hector.wisozk@example.net', 'quia', '1976-07-10 20:22:30', '1987-04-21 07:50:43');
INSERT INTO `users` (`id`, `email`, `nick`, `created_at`, `updated_at`) VALUES (87, 'imani.feest@example.net', 'architecto', '2014-05-25 15:53:24', '2002-06-09 13:36:51');
INSERT INTO `users` (`id`, `email`, `nick`, `created_at`, `updated_at`) VALUES (88, 'sonny18@example.org', 'ratione', '1992-06-16 15:34:49', '2014-02-20 07:10:19');
INSERT INTO `users` (`id`, `email`, `nick`, `created_at`, `updated_at`) VALUES (89, 'ettie.ullrich@example.org', 'ab', '2004-09-12 18:30:39', '2002-07-12 04:46:57');
INSERT INTO `users` (`id`, `email`, `nick`, `created_at`, `updated_at`) VALUES (90, 'pquitzon@example.org', 'expedita', '1988-07-24 01:22:31', '2000-07-28 09:00:10');
INSERT INTO `users` (`id`, `email`, `nick`, `created_at`, `updated_at`) VALUES (91, 'kyost@example.com', 'fugiat', '2019-03-05 04:33:02', '2005-10-12 02:28:56');
INSERT INTO `users` (`id`, `email`, `nick`, `created_at`, `updated_at`) VALUES (92, 'becker.lynn@example.net', 'nihil', '2009-06-03 01:56:55', '2009-01-11 00:17:27');
INSERT INTO `users` (`id`, `email`, `nick`, `created_at`, `updated_at`) VALUES (93, 'patrick.koepp@example.net', 'quisquam', '1984-05-10 22:20:25', '1970-01-12 09:09:10');
INSERT INTO `users` (`id`, `email`, `nick`, `created_at`, `updated_at`) VALUES (94, 'kfunk@example.net', 'voluptatum', '1994-03-22 15:57:51', '2020-11-14 23:24:20');
INSERT INTO `users` (`id`, `email`, `nick`, `created_at`, `updated_at`) VALUES (95, 'kenya.gorczany@example.net', 'saepe', '2010-03-11 09:34:38', '2011-01-01 06:19:15');
INSERT INTO `users` (`id`, `email`, `nick`, `created_at`, `updated_at`) VALUES (96, 'kris25@example.net', 'ipsum', '2019-10-11 05:19:39', '1996-11-28 14:09:15');
INSERT INTO `users` (`id`, `email`, `nick`, `created_at`, `updated_at`) VALUES (97, 'fgrady@example.com', 'eligendi', '1988-04-22 20:54:41', '2012-10-25 06:51:38');
INSERT INTO `users` (`id`, `email`, `nick`, `created_at`, `updated_at`) VALUES (98, 'fwaelchi@example.org', 'asperiores', '2009-11-08 13:13:38', '1974-08-18 18:21:15');
INSERT INTO `users` (`id`, `email`, `nick`, `created_at`, `updated_at`) VALUES (99, 'sschimmel@example.org', 'nam', '2009-08-08 03:08:58', '2002-11-19 19:16:25');


-- таблица profiles 1-70 студенты, 71-94 - преподаватели, 95-99 админы
INSERT INTO `profiles` (`id`, `user_id`, `first_name`, `patronymic`, `last_name`, `user_status_id`, `about_user`, `user_foto`, `created_at`, `updated_at`) VALUES (1, 1, 'Jalyn', 'et', 'Howe', 1, NULL, 'icc', '1996-04-17 00:42:43', '1999-03-04 02:50:39');
INSERT INTO `profiles` (`id`, `user_id`, `first_name`, `patronymic`, `last_name`, `user_status_id`, `about_user`, `user_foto`, `created_at`, `updated_at`) VALUES (2, 2, 'Kristopher', 'possimus', 'Bogisich', 1, NULL, 'movie', '1975-02-28 09:52:34', '1985-09-03 09:40:11');
INSERT INTO `profiles` (`id`, `user_id`, `first_name`, `patronymic`, `last_name`, `user_status_id`, `about_user`, `user_foto`, `created_at`, `updated_at`) VALUES (3, 3, 'Maryse', 'quia', 'Metz', 1, NULL, 'ktx', '1998-10-24 02:07:53', '1992-10-26 10:56:35');
INSERT INTO `profiles` (`id`, `user_id`, `first_name`, `patronymic`, `last_name`, `user_status_id`, `about_user`, `user_foto`, `created_at`, `updated_at`) VALUES (4, 4, 'Nicola', 'dolorem', 'Gerlach', 1, NULL, 'fli', '1984-04-09 01:32:03', '1981-05-02 04:14:52');
INSERT INTO `profiles` (`id`, `user_id`, `first_name`, `patronymic`, `last_name`, `user_status_id`, `about_user`, `user_foto`, `created_at`, `updated_at`) VALUES (5, 5, 'Austen', 'quam', 'Beahan', 1, NULL, 'text', '2015-02-12 23:42:52', '2006-06-24 06:58:35');
INSERT INTO `profiles` (`id`, `user_id`, `first_name`, `patronymic`, `last_name`, `user_status_id`, `about_user`, `user_foto`, `created_at`, `updated_at`) VALUES (6, 6, 'Anika', 'tempore', 'Considine', 1, NULL, 'gca', '2005-04-01 01:24:05', '1970-12-14 19:26:27');
INSERT INTO `profiles` (`id`, `user_id`, `first_name`, `patronymic`, `last_name`, `user_status_id`, `about_user`, `user_foto`, `created_at`, `updated_at`) VALUES (7, 7, 'Kailey', 'ut', 'Littel', 1, NULL, 'mpe', '1992-07-01 05:28:55', '2000-07-12 23:50:31');
INSERT INTO `profiles` (`id`, `user_id`, `first_name`, `patronymic`, `last_name`, `user_status_id`, `about_user`, `user_foto`, `created_at`, `updated_at`) VALUES (8, 8, 'Onie', 'dolorum', 'Vandervort', 1, NULL, 'dwf', '1972-08-12 18:04:36', '1996-01-28 14:29:36');
INSERT INTO `profiles` (`id`, `user_id`, `first_name`, `patronymic`, `last_name`, `user_status_id`, `about_user`, `user_foto`, `created_at`, `updated_at`) VALUES (9, 9, 'Kyra', 'consequatur', 'Ferry', 1, NULL, 'bmp', '2002-07-21 18:02:16', '1996-11-05 19:47:23');
INSERT INTO `profiles` (`id`, `user_id`, `first_name`, `patronymic`, `last_name`, `user_status_id`, `about_user`, `user_foto`, `created_at`, `updated_at`) VALUES (10, 10, 'Felicita', 'eligendi', 'Hills', 1, NULL, 'sxd', '2007-06-01 22:02:21', '2020-02-02 12:30:05');
INSERT INTO `profiles` (`id`, `user_id`, `first_name`, `patronymic`, `last_name`, `user_status_id`, `about_user`, `user_foto`, `created_at`, `updated_at`) VALUES (11, 11, 'Harold', 'maxime', 'Watsica', 1, NULL, 'iso', '1990-05-26 23:37:42', '2003-07-19 05:24:39');
INSERT INTO `profiles` (`id`, `user_id`, `first_name`, `patronymic`, `last_name`, `user_status_id`, `about_user`, `user_foto`, `created_at`, `updated_at`) VALUES (12, 12, 'Geovanni', 'perspiciatis', 'Treutel', 1, NULL, 'wvx', '1987-04-02 13:43:41', '1984-10-18 02:27:39');
INSERT INTO `profiles` (`id`, `user_id`, `first_name`, `patronymic`, `last_name`, `user_status_id`, `about_user`, `user_foto`, `created_at`, `updated_at`) VALUES (13, 13, 'Ilene', 'iusto', 'Bashirian', 1, NULL, 'odm', '2008-09-30 14:06:15', '1989-12-27 22:30:45');
INSERT INTO `profiles` (`id`, `user_id`, `first_name`, `patronymic`, `last_name`, `user_status_id`, `about_user`, `user_foto`, `created_at`, `updated_at`) VALUES (14, 14, 'Curtis', 'aut', 'Hammes', 1, NULL, 'thmx', '2004-11-20 13:45:50', '2010-07-17 06:00:44');
INSERT INTO `profiles` (`id`, `user_id`, `first_name`, `patronymic`, `last_name`, `user_status_id`, `about_user`, `user_foto`, `created_at`, `updated_at`) VALUES (15, 15, 'Rogers', 'sapiente', 'Watsica', 1, NULL, 'cgm', '1977-07-09 02:56:01', '1973-04-19 12:39:23');
INSERT INTO `profiles` (`id`, `user_id`, `first_name`, `patronymic`, `last_name`, `user_status_id`, `about_user`, `user_foto`, `created_at`, `updated_at`) VALUES (16, 16, 'Alicia', 'qui', 'Stark', 1, NULL, 'htm', '2006-10-25 09:51:04', '1976-04-14 10:10:02');
INSERT INTO `profiles` (`id`, `user_id`, `first_name`, `patronymic`, `last_name`, `user_status_id`, `about_user`, `user_foto`, `created_at`, `updated_at`) VALUES (17, 17, 'Angie', 'rerum', 'Lynch', 1, NULL, 'iso', '2010-08-13 08:19:39', '2010-01-03 15:33:18');
INSERT INTO `profiles` (`id`, `user_id`, `first_name`, `patronymic`, `last_name`, `user_status_id`, `about_user`, `user_foto`, `created_at`, `updated_at`) VALUES (18, 18, 'Lisa', 'consequatur', 'Glover', 1, NULL, 'wspolicy', '2000-05-21 08:07:05', '1994-08-22 23:56:53');
INSERT INTO `profiles` (`id`, `user_id`, `first_name`, `patronymic`, `last_name`, `user_status_id`, `about_user`, `user_foto`, `created_at`, `updated_at`) VALUES (19, 19, 'Clyde', 'dolor', 'Schneider', 1, NULL, 'xlsb', '1999-06-27 15:37:29', '1974-04-24 20:34:33');
INSERT INTO `profiles` (`id`, `user_id`, `first_name`, `patronymic`, `last_name`, `user_status_id`, `about_user`, `user_foto`, `created_at`, `updated_at`) VALUES (20, 20, 'Samson', 'recusandae', 'Cremin', 1, NULL, 'dsc', '2017-07-11 03:00:57', '1991-04-24 05:47:04');
INSERT INTO `profiles` (`id`, `user_id`, `first_name`, `patronymic`, `last_name`, `user_status_id`, `about_user`, `user_foto`, `created_at`, `updated_at`) VALUES (21, 21, 'Jerry', 'ut', 'Lockman', 1, NULL, 'mag', '1993-08-25 03:38:26', '2019-01-16 16:50:35');
INSERT INTO `profiles` (`id`, `user_id`, `first_name`, `patronymic`, `last_name`, `user_status_id`, `about_user`, `user_foto`, `created_at`, `updated_at`) VALUES (22, 22, 'Felicita', 'tenetur', 'Altenwerth', 1, NULL, 'xla', '1994-07-18 07:15:40', '1986-09-01 08:46:29');
INSERT INTO `profiles` (`id`, `user_id`, `first_name`, `patronymic`, `last_name`, `user_status_id`, `about_user`, `user_foto`, `created_at`, `updated_at`) VALUES (23, 23, 'Roselyn', 'minus', 'Hirthe', 1, NULL, 'h261', '2016-05-13 05:12:50', '2006-08-27 09:03:43');
INSERT INTO `profiles` (`id`, `user_id`, `first_name`, `patronymic`, `last_name`, `user_status_id`, `about_user`, `user_foto`, `created_at`, `updated_at`) VALUES (24, 24, 'Katherine', 'reiciendis', 'Cole', 1, NULL, 'fhc', '1981-03-01 20:55:38', '2012-08-26 23:52:58');
INSERT INTO `profiles` (`id`, `user_id`, `first_name`, `patronymic`, `last_name`, `user_status_id`, `about_user`, `user_foto`, `created_at`, `updated_at`) VALUES (25, 25, 'Theresa', 'perferendis', 'Keebler', 1, NULL, 'ait', '2013-02-24 01:54:55', '1976-09-10 16:54:08');
INSERT INTO `profiles` (`id`, `user_id`, `first_name`, `patronymic`, `last_name`, `user_status_id`, `about_user`, `user_foto`, `created_at`, `updated_at`) VALUES (26, 26, 'Hortense', 'in', 'Pacocha', 1, NULL, 'sse', '1978-10-14 16:21:42', '1981-07-25 13:08:20');
INSERT INTO `profiles` (`id`, `user_id`, `first_name`, `patronymic`, `last_name`, `user_status_id`, `about_user`, `user_foto`, `created_at`, `updated_at`) VALUES (27, 27, 'Gisselle', 'omnis', 'Nicolas', 1, NULL, 'odft', '2008-03-07 03:37:43', '1981-05-02 03:40:29');
INSERT INTO `profiles` (`id`, `user_id`, `first_name`, `patronymic`, `last_name`, `user_status_id`, `about_user`, `user_foto`, `created_at`, `updated_at`) VALUES (28, 28, 'Rossie', 'quia', 'Heller', 1, NULL, 'xfdl', '2016-12-30 02:42:42', '2017-10-02 10:25:13');
INSERT INTO `profiles` (`id`, `user_id`, `first_name`, `patronymic`, `last_name`, `user_status_id`, `about_user`, `user_foto`, `created_at`, `updated_at`) VALUES (29, 29, 'Casper', 'non', 'Bauch', 1, NULL, 'mdi', '1991-04-16 07:27:12', '2015-05-03 18:30:29');
INSERT INTO `profiles` (`id`, `user_id`, `first_name`, `patronymic`, `last_name`, `user_status_id`, `about_user`, `user_foto`, `created_at`, `updated_at`) VALUES (30, 30, 'Alvena', 'nostrum', 'Russel', 1, NULL, 'class', '1999-08-26 08:22:35', '2007-08-28 20:10:57');
INSERT INTO `profiles` (`id`, `user_id`, `first_name`, `patronymic`, `last_name`, `user_status_id`, `about_user`, `user_foto`, `created_at`, `updated_at`) VALUES (31, 31, 'Leanna', 'id', 'Kozey', 1, NULL, 'st', '2003-09-17 17:46:17', '1981-05-07 14:21:59');
INSERT INTO `profiles` (`id`, `user_id`, `first_name`, `patronymic`, `last_name`, `user_status_id`, `about_user`, `user_foto`, `created_at`, `updated_at`) VALUES (32, 32, 'Jacklyn', 'quis', 'Turner', 1, NULL, 'itp', '1988-08-20 09:01:12', '1976-04-17 07:32:06');
INSERT INTO `profiles` (`id`, `user_id`, `first_name`, `patronymic`, `last_name`, `user_status_id`, `about_user`, `user_foto`, `created_at`, `updated_at`) VALUES (33, 33, 'Willa', 'est', 'Abbott', 1, NULL, 'sfd-hdstx', '2020-06-18 07:50:20', '1981-09-27 01:49:58');
INSERT INTO `profiles` (`id`, `user_id`, `first_name`, `patronymic`, `last_name`, `user_status_id`, `about_user`, `user_foto`, `created_at`, `updated_at`) VALUES (34, 34, 'Isaias', 'est', 'Berge', 1, NULL, 'xfdl', '1978-11-07 15:39:26', '2007-08-29 16:05:20');
INSERT INTO `profiles` (`id`, `user_id`, `first_name`, `patronymic`, `last_name`, `user_status_id`, `about_user`, `user_foto`, `created_at`, `updated_at`) VALUES (35, 35, 'Jackeline', 'doloribus', 'Gerhold', 1, NULL, 'wbmp', '1984-05-29 07:20:53', '1988-09-10 16:02:37');
INSERT INTO `profiles` (`id`, `user_id`, `first_name`, `patronymic`, `last_name`, `user_status_id`, `about_user`, `user_foto`, `created_at`, `updated_at`) VALUES (36, 36, 'Eudora', 'dolores', 'Kohler', 1, NULL, 'ogv', '2009-04-07 15:28:16', '2004-09-04 04:03:22');
INSERT INTO `profiles` (`id`, `user_id`, `first_name`, `patronymic`, `last_name`, `user_status_id`, `about_user`, `user_foto`, `created_at`, `updated_at`) VALUES (37, 37, 'Mortimer', 'voluptate', 'Kerluke', 1, NULL, 'mmr', '1975-03-02 17:57:54', '1980-12-10 03:27:12');
INSERT INTO `profiles` (`id`, `user_id`, `first_name`, `patronymic`, `last_name`, `user_status_id`, `about_user`, `user_foto`, `created_at`, `updated_at`) VALUES (38, 38, 'Colton', 'laudantium', 'Parisian', 1, NULL, 'dtd', '1986-01-25 12:55:16', '1984-11-21 02:33:52');
INSERT INTO `profiles` (`id`, `user_id`, `first_name`, `patronymic`, `last_name`, `user_status_id`, `about_user`, `user_foto`, `created_at`, `updated_at`) VALUES (39, 39, 'Kavon', 'ut', 'Oberbrunner', 1, NULL, 'opml', '2019-04-27 04:39:13', '1971-12-23 19:27:34');
INSERT INTO `profiles` (`id`, `user_id`, `first_name`, `patronymic`, `last_name`, `user_status_id`, `about_user`, `user_foto`, `created_at`, `updated_at`) VALUES (40, 40, 'Joana', 'sed', 'Franecki', 1, NULL, 'f4v', '1979-06-12 11:07:23', '1996-11-04 22:56:12');
INSERT INTO `profiles` (`id`, `user_id`, `first_name`, `patronymic`, `last_name`, `user_status_id`, `about_user`, `user_foto`, `created_at`, `updated_at`) VALUES (41, 41, 'Keon', 'sed', 'Schamberger', 1, NULL, 'ttl', '1995-06-26 22:52:30', '2009-07-13 21:58:22');
INSERT INTO `profiles` (`id`, `user_id`, `first_name`, `patronymic`, `last_name`, `user_status_id`, `about_user`, `user_foto`, `created_at`, `updated_at`) VALUES (42, 42, 'Pietro', 'eos', 'Harris', 1, NULL, 'csh', '1976-04-08 14:34:42', '1994-02-25 10:29:44');
INSERT INTO `profiles` (`id`, `user_id`, `first_name`, `patronymic`, `last_name`, `user_status_id`, `about_user`, `user_foto`, `created_at`, `updated_at`) VALUES (43, 43, 'Lenora', 'laudantium', 'Nitzsche', 1, NULL, 'jpgv', '2016-04-17 04:56:27', '1986-06-11 15:52:52');
INSERT INTO `profiles` (`id`, `user_id`, `first_name`, `patronymic`, `last_name`, `user_status_id`, `about_user`, `user_foto`, `created_at`, `updated_at`) VALUES (44, 44, 'Jakayla', 'consequatur', 'Cremin', 1, NULL, 'mov', '2014-03-27 16:36:47', '1984-08-28 01:43:22');
INSERT INTO `profiles` (`id`, `user_id`, `first_name`, `patronymic`, `last_name`, `user_status_id`, `about_user`, `user_foto`, `created_at`, `updated_at`) VALUES (45, 45, 'Jaycee', 'officiis', 'Olson', 1, NULL, 'html', '2002-12-09 16:40:47', '1973-10-24 11:03:50');
INSERT INTO `profiles` (`id`, `user_id`, `first_name`, `patronymic`, `last_name`, `user_status_id`, `about_user`, `user_foto`, `created_at`, `updated_at`) VALUES (46, 46, 'Amely', 'et', 'Brekke', 1, NULL, 'kia', '1981-07-25 21:46:54', '2006-09-03 02:45:36');
INSERT INTO `profiles` (`id`, `user_id`, `first_name`, `patronymic`, `last_name`, `user_status_id`, `about_user`, `user_foto`, `created_at`, `updated_at`) VALUES (47, 47, 'Jonas', 'voluptas', 'Klein', 1, NULL, 'sti', '1991-04-05 06:56:14', '1998-12-13 00:39:08');
INSERT INTO `profiles` (`id`, `user_id`, `first_name`, `patronymic`, `last_name`, `user_status_id`, `about_user`, `user_foto`, `created_at`, `updated_at`) VALUES (48, 48, 'Garrick', 'iure', 'Ziemann', 1, NULL, 'odt', '2015-01-22 16:43:36', '2019-09-20 05:54:15');
INSERT INTO `profiles` (`id`, `user_id`, `first_name`, `patronymic`, `last_name`, `user_status_id`, `about_user`, `user_foto`, `created_at`, `updated_at`) VALUES (49, 49, 'Allie', 'officiis', 'Bernier', 1, NULL, 'mets', '2010-06-04 21:46:15', '1988-06-10 00:55:10');
INSERT INTO `profiles` (`id`, `user_id`, `first_name`, `patronymic`, `last_name`, `user_status_id`, `about_user`, `user_foto`, `created_at`, `updated_at`) VALUES (50, 50, 'Lizeth', 'omnis', 'Streich', 1, NULL, 'mks', '2021-03-22 00:16:19', '2007-10-15 07:21:19');
INSERT INTO `profiles` (`id`, `user_id`, `first_name`, `patronymic`, `last_name`, `user_status_id`, `about_user`, `user_foto`, `created_at`, `updated_at`) VALUES (51, 51, 'Charlene', 'eos', 'Schuppe', 1, NULL, 'png', '1984-10-19 21:01:16', '1978-07-08 08:21:09');
INSERT INTO `profiles` (`id`, `user_id`, `first_name`, `patronymic`, `last_name`, `user_status_id`, `about_user`, `user_foto`, `created_at`, `updated_at`) VALUES (52, 52, 'Talia', 'molestiae', 'Bergnaum', 1, NULL, 'aifc', '1989-09-29 14:03:32', '1993-12-07 03:09:00');
INSERT INTO `profiles` (`id`, `user_id`, `first_name`, `patronymic`, `last_name`, `user_status_id`, `about_user`, `user_foto`, `created_at`, `updated_at`) VALUES (53, 53, 'Kristoffer', 'et', 'Mohr', 1, NULL, 'lbe', '1975-12-19 15:31:07', '2012-10-05 14:38:09');
INSERT INTO `profiles` (`id`, `user_id`, `first_name`, `patronymic`, `last_name`, `user_status_id`, `about_user`, `user_foto`, `created_at`, `updated_at`) VALUES (54, 54, 'Ivory', 'qui', 'Friesen', 1, NULL, 'bpk', '2000-10-12 15:48:32', '2009-03-30 04:08:29');
INSERT INTO `profiles` (`id`, `user_id`, `first_name`, `patronymic`, `last_name`, `user_status_id`, `about_user`, `user_foto`, `created_at`, `updated_at`) VALUES (55, 55, 'Eveline', 'fugiat', 'Ernser', 1, NULL, 'cfs', '1979-09-03 11:35:17', '1982-05-21 12:59:42');
INSERT INTO `profiles` (`id`, `user_id`, `first_name`, `patronymic`, `last_name`, `user_status_id`, `about_user`, `user_foto`, `created_at`, `updated_at`) VALUES (56, 56, 'Hortense', 'vero', 'Gorczany', 1, NULL, 'xop', '2012-07-30 23:52:16', '2003-08-24 16:06:25');
INSERT INTO `profiles` (`id`, `user_id`, `first_name`, `patronymic`, `last_name`, `user_status_id`, `about_user`, `user_foto`, `created_at`, `updated_at`) VALUES (57, 57, 'Roderick', 'quidem', 'Hettinger', 1, NULL, 'm4v', '1988-09-26 23:06:50', '1983-05-22 15:36:14');
INSERT INTO `profiles` (`id`, `user_id`, `first_name`, `patronymic`, `last_name`, `user_status_id`, `about_user`, `user_foto`, `created_at`, `updated_at`) VALUES (58, 58, 'Grayson', 'ut', 'Ward', 1, NULL, 'dd2', '1975-12-26 13:42:26', '1978-09-19 13:57:57');
INSERT INTO `profiles` (`id`, `user_id`, `first_name`, `patronymic`, `last_name`, `user_status_id`, `about_user`, `user_foto`, `created_at`, `updated_at`) VALUES (59, 59, 'Gladys', 'voluptatem', 'Davis', 1, NULL, 'ott', '2002-01-22 03:32:37', '1978-10-08 20:02:51');
INSERT INTO `profiles` (`id`, `user_id`, `first_name`, `patronymic`, `last_name`, `user_status_id`, `about_user`, `user_foto`, `created_at`, `updated_at`) VALUES (60, 60, 'Laurie', 'temporibus', 'Turcotte', 1, NULL, 'sxm', '1986-11-20 08:07:11', '1997-10-17 20:37:02');
INSERT INTO `profiles` (`id`, `user_id`, `first_name`, `patronymic`, `last_name`, `user_status_id`, `about_user`, `user_foto`, `created_at`, `updated_at`) VALUES (61, 61, 'Domenica', 'dolores', 'Sauer', 1, NULL, 'g3', '1986-05-03 18:22:56', '2019-02-26 17:00:50');
INSERT INTO `profiles` (`id`, `user_id`, `first_name`, `patronymic`, `last_name`, `user_status_id`, `about_user`, `user_foto`, `created_at`, `updated_at`) VALUES (62, 62, 'Julianne', 'itaque', 'White', 1, NULL, 'list', '1992-09-25 17:49:12', '1990-06-19 23:52:44');
INSERT INTO `profiles` (`id`, `user_id`, `first_name`, `patronymic`, `last_name`, `user_status_id`, `about_user`, `user_foto`, `created_at`, `updated_at`) VALUES (63, 63, 'Gabrielle', 'consectetur', 'Walsh', 1, NULL, 'wks', '2005-03-14 06:34:44', '1993-11-26 05:13:55');
INSERT INTO `profiles` (`id`, `user_id`, `first_name`, `patronymic`, `last_name`, `user_status_id`, `about_user`, `user_foto`, `created_at`, `updated_at`) VALUES (64, 64, 'Annette', 'distinctio', 'Little', 1, NULL, 'sub', '2011-06-05 07:47:58', '1992-03-19 09:23:52');
INSERT INTO `profiles` (`id`, `user_id`, `first_name`, `patronymic`, `last_name`, `user_status_id`, `about_user`, `user_foto`, `created_at`, `updated_at`) VALUES (65, 65, 'Maida', 'cupiditate', 'Zulauf', 1, NULL, 'tex', '2013-03-18 20:42:52', '1992-02-27 05:48:15');
INSERT INTO `profiles` (`id`, `user_id`, `first_name`, `patronymic`, `last_name`, `user_status_id`, `about_user`, `user_foto`, `created_at`, `updated_at`) VALUES (66, 66, 'Kristopher', 'sit', 'Bailey', 1, NULL, 'stl', '1983-07-27 14:48:51', '1979-11-18 21:49:34');
INSERT INTO `profiles` (`id`, `user_id`, `first_name`, `patronymic`, `last_name`, `user_status_id`, `about_user`, `user_foto`, `created_at`, `updated_at`) VALUES (67, 67, 'Favian', 'eum', 'Rice', 1, NULL, 'mathml', '2017-10-19 12:27:13', '1980-02-29 04:21:42');
INSERT INTO `profiles` (`id`, `user_id`, `first_name`, `patronymic`, `last_name`, `user_status_id`, `about_user`, `user_foto`, `created_at`, `updated_at`) VALUES (68, 68, 'Kenneth', 'vel', 'Connell', 1, NULL, 'atom', '2010-03-06 00:41:41', '2002-10-01 23:28:19');
INSERT INTO `profiles` (`id`, `user_id`, `first_name`, `patronymic`, `last_name`, `user_status_id`, `about_user`, `user_foto`, `created_at`, `updated_at`) VALUES (69, 69, 'Abe', 'et', 'West', 1, NULL, 'tar', '1993-07-26 22:58:46', '1993-10-17 14:31:17');
INSERT INTO `profiles` (`id`, `user_id`, `first_name`, `patronymic`, `last_name`, `user_status_id`, `about_user`, `user_foto`, `created_at`, `updated_at`) VALUES (70, 70, 'Mohamed', 'qui', 'Bergstrom', 1, NULL, 'x3dv', '2016-02-17 05:23:57', '1972-05-20 08:25:29');
INSERT INTO `profiles` (`id`, `user_id`, `first_name`, `patronymic`, `last_name`, `user_status_id`, `about_user`, `user_foto`, `created_at`, `updated_at`) VALUES (71, 71, 'Bella', 'voluptas', 'Boyle', 2, NULL, 'uvvt', '1984-03-06 02:10:15', '1993-09-19 11:33:06');
INSERT INTO `profiles` (`id`, `user_id`, `first_name`, `patronymic`, `last_name`, `user_status_id`, `about_user`, `user_foto`, `created_at`, `updated_at`) VALUES (72, 72, 'Stan', 'non', 'Jakubowski', 2, NULL, 'caf', '1994-11-04 18:13:21', '1970-03-19 15:21:45');
INSERT INTO `profiles` (`id`, `user_id`, `first_name`, `patronymic`, `last_name`, `user_status_id`, `about_user`, `user_foto`, `created_at`, `updated_at`) VALUES (73, 73, 'Lavern', 'quos', 'Hickle', 2, NULL, 'xo', '2012-10-10 06:23:46', '2007-04-06 20:53:34');
INSERT INTO `profiles` (`id`, `user_id`, `first_name`, `patronymic`, `last_name`, `user_status_id`, `about_user`, `user_foto`, `created_at`, `updated_at`) VALUES (74, 74, 'Dora', 'ipsa', 'Von', 2, NULL, 'nsc', '1989-08-07 09:28:28', '1995-02-26 15:12:33');
INSERT INTO `profiles` (`id`, `user_id`, `first_name`, `patronymic`, `last_name`, `user_status_id`, `about_user`, `user_foto`, `created_at`, `updated_at`) VALUES (75, 75, 'Aylin', 'officiis', 'Kirlin', 2, NULL, 'opml', '1979-06-15 06:35:17', '1998-08-28 01:45:01');
INSERT INTO `profiles` (`id`, `user_id`, `first_name`, `patronymic`, `last_name`, `user_status_id`, `about_user`, `user_foto`, `created_at`, `updated_at`) VALUES (76, 76, 'Zion', 'at', 'Shanahan', 2, NULL, 'gramps', '2008-02-21 21:12:28', '2014-03-29 13:01:43');
INSERT INTO `profiles` (`id`, `user_id`, `first_name`, `patronymic`, `last_name`, `user_status_id`, `about_user`, `user_foto`, `created_at`, `updated_at`) VALUES (77, 77, 'Trevor', 'voluptatem', 'Schulist', 2, NULL, 'deb', '2012-10-20 12:40:44', '1985-03-01 18:50:57');
INSERT INTO `profiles` (`id`, `user_id`, `first_name`, `patronymic`, `last_name`, `user_status_id`, `about_user`, `user_foto`, `created_at`, `updated_at`) VALUES (78, 78, 'Juston', 'ullam', 'Smitham', 2, NULL, 'xlf', '1996-10-21 21:18:09', '2014-10-12 18:23:27');
INSERT INTO `profiles` (`id`, `user_id`, `first_name`, `patronymic`, `last_name`, `user_status_id`, `about_user`, `user_foto`, `created_at`, `updated_at`) VALUES (79, 79, 'Willis', 'iusto', 'Rippin', 2, NULL, 'xbm', '1971-12-01 14:11:27', '1981-05-14 18:44:43');
INSERT INTO `profiles` (`id`, `user_id`, `first_name`, `patronymic`, `last_name`, `user_status_id`, `about_user`, `user_foto`, `created_at`, `updated_at`) VALUES (80, 80, 'Georgiana', 'esse', 'Crona', 2, NULL, 'mlp', '2007-04-04 12:44:53', '2020-01-14 09:52:38');
INSERT INTO `profiles` (`id`, `user_id`, `first_name`, `patronymic`, `last_name`, `user_status_id`, `about_user`, `user_foto`, `created_at`, `updated_at`) VALUES (81, 81, 'Eugene', 'vel', 'Trantow', 2, NULL, 'wbmp', '1984-11-18 23:32:31', '1997-09-06 03:33:19');
INSERT INTO `profiles` (`id`, `user_id`, `first_name`, `patronymic`, `last_name`, `user_status_id`, `about_user`, `user_foto`, `created_at`, `updated_at`) VALUES (82, 82, 'Alexandrea', 'in', 'Hessel', 2, NULL, 'wmls', '1983-07-16 21:14:45', '1971-06-30 16:17:27');
INSERT INTO `profiles` (`id`, `user_id`, `first_name`, `patronymic`, `last_name`, `user_status_id`, `about_user`, `user_foto`, `created_at`, `updated_at`) VALUES (83, 83, 'Johan', 'eum', 'Sawayn', 2, NULL, 'flv', '1970-12-12 15:40:50', '1970-07-18 00:49:46');
INSERT INTO `profiles` (`id`, `user_id`, `first_name`, `patronymic`, `last_name`, `user_status_id`, `about_user`, `user_foto`, `created_at`, `updated_at`) VALUES (84, 84, 'Valentina', 'et', 'Kreiger', 2, NULL, 'ott', '1997-06-10 09:33:46', '2015-05-15 05:12:23');
INSERT INTO `profiles` (`id`, `user_id`, `first_name`, `patronymic`, `last_name`, `user_status_id`, `about_user`, `user_foto`, `created_at`, `updated_at`) VALUES (85, 85, 'Olin', 'maiores', 'Williamson', 2, NULL, 'sid', '2011-11-23 04:25:43', '1971-04-20 10:19:23');
INSERT INTO `profiles` (`id`, `user_id`, `first_name`, `patronymic`, `last_name`, `user_status_id`, `about_user`, `user_foto`, `created_at`, `updated_at`) VALUES (86, 86, 'Orlando', 'excepturi', 'Skiles', 2, NULL, 'mseq', '1974-02-01 19:41:16', '1982-01-21 05:57:57');
INSERT INTO `profiles` (`id`, `user_id`, `first_name`, `patronymic`, `last_name`, `user_status_id`, `about_user`, `user_foto`, `created_at`, `updated_at`) VALUES (87, 87, 'Genoveva', 'facilis', 'Lynch', 2, NULL, 'fvt', '1978-06-06 23:58:09', '2001-07-19 14:56:41');
INSERT INTO `profiles` (`id`, `user_id`, `first_name`, `patronymic`, `last_name`, `user_status_id`, `about_user`, `user_foto`, `created_at`, `updated_at`) VALUES (88, 88, 'Eloisa', 'consequatur', 'Rempel', 2, NULL, 'lha', '1985-05-09 14:08:54', '2000-05-21 11:34:22');
INSERT INTO `profiles` (`id`, `user_id`, `first_name`, `patronymic`, `last_name`, `user_status_id`, `about_user`, `user_foto`, `created_at`, `updated_at`) VALUES (89, 89, 'Destin', 'voluptatem', 'Douglas', 2, NULL, 'swf', '1985-11-12 12:54:25', '1997-01-15 17:48:09');
INSERT INTO `profiles` (`id`, `user_id`, `first_name`, `patronymic`, `last_name`, `user_status_id`, `about_user`, `user_foto`, `created_at`, `updated_at`) VALUES (90, 90, 'Ole', 'dignissimos', 'Wilkinson', 2, NULL, 'deb', '1988-08-30 06:23:09', '2011-12-11 16:38:40');
INSERT INTO `profiles` (`id`, `user_id`, `first_name`, `patronymic`, `last_name`, `user_status_id`, `about_user`, `user_foto`, `created_at`, `updated_at`) VALUES (91, 91, 'Gino', 'voluptatem', 'Moore', 2, NULL, 'wdb', '2015-10-23 18:25:26', '1990-07-28 14:17:41');
INSERT INTO `profiles` (`id`, `user_id`, `first_name`, `patronymic`, `last_name`, `user_status_id`, `about_user`, `user_foto`, `created_at`, `updated_at`) VALUES (92, 92, 'Cordelia', 'voluptatum', 'Christiansen', 2, NULL, 'ppm', '1973-12-23 07:21:27', '1981-06-14 19:36:46');
INSERT INTO `profiles` (`id`, `user_id`, `first_name`, `patronymic`, `last_name`, `user_status_id`, `about_user`, `user_foto`, `created_at`, `updated_at`) VALUES (93, 93, 'Kyra', 'labore', 'Koch', 2, NULL, 'rdz', '1992-08-02 00:26:56', '1999-12-05 21:05:15');
INSERT INTO `profiles` (`id`, `user_id`, `first_name`, `patronymic`, `last_name`, `user_status_id`, `about_user`, `user_foto`, `created_at`, `updated_at`) VALUES (94, 94, 'Jerome', 'quis', 'Emmerich', 2, NULL, 'chrt', '1992-02-02 14:36:40', '1975-06-16 13:06:24');
INSERT INTO `profiles` (`id`, `user_id`, `first_name`, `patronymic`, `last_name`, `user_status_id`, `about_user`, `user_foto`, `created_at`, `updated_at`) VALUES (95, 95, 'Bridie', 'deserunt', 'Kunde', 3, NULL, 'semf', '1976-10-26 12:03:37', '1973-02-02 01:15:37');
INSERT INTO `profiles` (`id`, `user_id`, `first_name`, `patronymic`, `last_name`, `user_status_id`, `about_user`, `user_foto`, `created_at`, `updated_at`) VALUES (96, 96, 'Brandy', 'dolorem', 'Kirlin', 3, NULL, 'odp', '1979-07-10 01:30:08', '2018-01-04 07:01:52');
INSERT INTO `profiles` (`id`, `user_id`, `first_name`, `patronymic`, `last_name`, `user_status_id`, `about_user`, `user_foto`, `created_at`, `updated_at`) VALUES (97, 97, 'Liana', 'dolorum', 'Howell', 3, NULL, 'uva', '2007-01-13 19:10:15', '1993-12-21 19:30:32');
INSERT INTO `profiles` (`id`, `user_id`, `first_name`, `patronymic`, `last_name`, `user_status_id`, `about_user`, `user_foto`, `created_at`, `updated_at`) VALUES (98, 98, 'Giovanny', 'deserunt', 'Corwin', 3, NULL, '7z', '1986-11-14 00:03:40', '1983-09-14 13:59:17');
INSERT INTO `profiles` (`id`, `user_id`, `first_name`, `patronymic`, `last_name`, `user_status_id`, `about_user`, `user_foto`, `created_at`, `updated_at`) VALUES (99, 99, 'Thaddeus', 'quos', 'Zemlak', 3, NULL, 'semd', '2006-08-14 18:31:50', '1987-02-10 18:23:20');

-- таблица department_courses
INSERT INTO `department_courses` (`department_id`, `name`, `created_at`) VALUES (1, 'Уголовное право', '1988-05-21 20:31:46');
INSERT INTO `department_courses` (`department_id`, `name`, `created_at`) VALUES (2, 'Информационное право', '1995-09-08 08:49:33');
INSERT INTO `department_courses` (`department_id`, `name`, `created_at`) VALUES (2, 'Математика и информатика', '1993-02-19 07:27:04');
INSERT INTO `department_courses` (`department_id`, `name`, `created_at`) VALUES (3, 'Гражданское право', '2017-01-27 16:38:46');
INSERT INTO `department_courses` (`department_id`, `name`, `created_at`) VALUES (4, 'Криминалистика', '1985-02-06 18:13:13');
INSERT INTO `department_courses` (`department_id`, `name`, `created_at`) VALUES (5, 'Гражданский процесс', '1976-12-01 20:22:11');

-- таблица departments
INSERT INTO `departments` (`id`, `name`, `created_at`, `updated_at`) VALUES (1, 'Кафедра уголовного права', '2004-05-08 13:17:41', '2013-12-25 12:40:34');
INSERT INTO `departments` (`id`, `name`, `created_at`, `updated_at`) VALUES (2, 'Кафедра информационного права и цифровых технологий', '1989-02-10 21:36:31', '1973-06-14 12:54:28');
INSERT INTO `departments` (`id`, `name`, `created_at`, `updated_at`) VALUES (3, 'Кафедра гражданского права', '1987-08-14 09:21:50', '1990-05-29 02:33:34');
INSERT INTO `departments` (`id`, `name`, `created_at`, `updated_at`) VALUES (4, 'Кафедра криминалистики', '1980-07-27 19:53:01', '2012-02-20 21:49:04');
INSERT INTO `departments` (`id`, `name`, `created_at`, `updated_at`) VALUES (5, 'Кафедра гражданского процесса', '2011-07-24 22:39:44', '1992-05-08 13:52:33');

-- таблица department_teachers
INSERT INTO `department_teachers` (`department_id`, `teacher_id`, `teacher_position`, `created_at`) VALUES (1, 71, 2, '2001-06-08 09:19:23');
INSERT INTO `department_teachers` (`department_id`, `teacher_id`, `teacher_position`, `created_at`) VALUES (2, 72, 2, '2018-02-15 17:16:40');
INSERT INTO `department_teachers` (`department_id`, `teacher_id`, `teacher_position`, `created_at`) VALUES (3, 73, 3, '2012-07-25 14:10:31');
INSERT INTO `department_teachers` (`department_id`, `teacher_id`, `teacher_position`, `created_at`) VALUES (4, 74, 4, '2005-01-03 18:27:18');
INSERT INTO `department_teachers` (`department_id`, `teacher_id`, `teacher_position`, `created_at`) VALUES (5, 75, 2, '1994-06-09 18:00:10');
INSERT INTO `department_teachers` (`department_id`, `teacher_id`, `teacher_position`, `created_at`) VALUES (1, 76, 4, '2000-07-11 15:14:10');
INSERT INTO `department_teachers` (`department_id`, `teacher_id`, `teacher_position`, `created_at`) VALUES (2, 77, 2, '1992-02-18 17:09:44');
INSERT INTO `department_teachers` (`department_id`, `teacher_id`, `teacher_position`, `created_at`) VALUES (3, 78, 1, '1988-02-29 17:00:01');
INSERT INTO `department_teachers` (`department_id`, `teacher_id`, `teacher_position`, `created_at`) VALUES (4, 79, 1, '2004-01-07 22:08:57');
INSERT INTO `department_teachers` (`department_id`, `teacher_id`, `teacher_position`, `created_at`) VALUES (5, 80, 1, '1984-04-22 06:29:11');
INSERT INTO `department_teachers` (`department_id`, `teacher_id`, `teacher_position`, `created_at`) VALUES (1, 81, 2, '1987-10-31 00:31:01');
INSERT INTO `department_teachers` (`department_id`, `teacher_id`, `teacher_position`, `created_at`) VALUES (2, 82, 2, '1989-04-05 05:41:24');
INSERT INTO `department_teachers` (`department_id`, `teacher_id`, `teacher_position`, `created_at`) VALUES (3, 83, 2, '2017-10-13 14:35:17');
INSERT INTO `department_teachers` (`department_id`, `teacher_id`, `teacher_position`, `created_at`) VALUES (4, 84, 1, '2010-01-01 15:31:56');
INSERT INTO `department_teachers` (`department_id`, `teacher_id`, `teacher_position`, `created_at`) VALUES (5, 85, 2, '2013-09-23 22:50:27');
INSERT INTO `department_teachers` (`department_id`, `teacher_id`, `teacher_position`, `created_at`) VALUES (1, 86, 1, '1999-06-09 23:05:47');
INSERT INTO `department_teachers` (`department_id`, `teacher_id`, `teacher_position`, `created_at`) VALUES (2, 87, 1, '1997-09-29 16:41:51');
INSERT INTO `department_teachers` (`department_id`, `teacher_id`, `teacher_position`, `created_at`) VALUES (3, 88, 2, '1999-07-18 02:56:55');
INSERT INTO `department_teachers` (`department_id`, `teacher_id`, `teacher_position`, `created_at`) VALUES (4, 89, 3, '2005-10-27 00:18:15');
INSERT INTO `department_teachers` (`department_id`, `teacher_id`, `teacher_position`, `created_at`) VALUES (5, 90, 4, '1983-11-04 15:29:12');
INSERT INTO `department_teachers` (`department_id`, `teacher_id`, `teacher_position`, `created_at`) VALUES (1, 91, 4, '1988-01-17 09:06:44');
INSERT INTO `department_teachers` (`department_id`, `teacher_id`, `teacher_position`, `created_at`) VALUES (2, 92, 2, '1978-08-14 20:38:53');
INSERT INTO `department_teachers` (`department_id`, `teacher_id`, `teacher_position`, `created_at`) VALUES (3, 93, 2, '1992-07-08 03:37:51');
INSERT INTO `department_teachers` (`department_id`, `teacher_id`, `teacher_position`, `created_at`) VALUES (4, 94, 2, '1975-07-20 07:23:08');
INSERT INTO `department_teachers` (`department_id`, `teacher_id`, `teacher_position`, `created_at`) VALUES (3, 79, 1, '2004-01-07 22:08:57');
INSERT INTO `department_teachers` (`department_id`, `teacher_id`, `teacher_position`, `created_at`) VALUES (2, 30, 1, '1984-04-22 06:29:11'); -- проверка на триггер


#
# TABLE: messages
#
INSERT INTO `messages` (`id`, `from_user_id`, `to_user_id`, `message_text`, `is_delivered`, `created_at`, `updated_at`) VALUES (1, 1, 71, 'Voluptas perspiciatis explicabo eos necessitatibus sit temporibus voluptates. Sit accusantium quasi nostrum aspernatur.', 1, '2003-03-25 18:39:49', '1973-10-19 23:46:09');
INSERT INTO `messages` (`id`, `from_user_id`, `to_user_id`, `message_text`, `is_delivered`, `created_at`, `updated_at`) VALUES (2, 2, 72, 'Ipsam earum ratione ab deleniti eum rerum. Beatae asperiores laborum debitis nisi explicabo. Et ipsum incidunt incidunt delectus officia rerum.', 0, '2020-11-20 10:26:21', '1981-10-30 23:04:16');
INSERT INTO `messages` (`id`, `from_user_id`, `to_user_id`, `message_text`, `is_delivered`, `created_at`, `updated_at`) VALUES (3, 3, 73, 'Dolorem fuga magni veniam enim voluptatem. Placeat assumenda libero aut quaerat fugiat at ipsum. Nostrum est soluta reiciendis laboriosam enim.', 1, '1983-09-03 03:22:59', '1995-10-04 16:48:58');
INSERT INTO `messages` (`id`, `from_user_id`, `to_user_id`, `message_text`, `is_delivered`, `created_at`, `updated_at`) VALUES (4, 4, 74, 'Praesentium amet qui sed rerum quo est. Reprehenderit cumque et atque incidunt ullam animi ab voluptate. Atque doloribus delectus dolorum non. Ut architecto sequi et dolore quo tenetur sequi.', 1, '1970-05-16 13:27:44', '1975-10-15 20:56:52');
INSERT INTO `messages` (`id`, `from_user_id`, `to_user_id`, `message_text`, `is_delivered`, `created_at`, `updated_at`) VALUES (5, 5, 75, 'Et enim reiciendis adipisci error nemo nemo qui. Sed eum quaerat aut voluptatibus possimus. Rerum incidunt maxime et architecto.', 0, '2021-05-10 01:07:21', '2002-07-21 01:52:31');
INSERT INTO `messages` (`id`, `from_user_id`, `to_user_id`, `message_text`, `is_delivered`, `created_at`, `updated_at`) VALUES (6, 6, 76, 'Dolores quis libero possimus. Natus explicabo est ut natus at voluptatem. Voluptatem dolores asperiores beatae reiciendis rerum. Sint rem sunt et iure. Illo nihil recusandae quos.', 0, '1983-11-13 06:28:06', '2019-09-22 08:27:09');
INSERT INTO `messages` (`id`, `from_user_id`, `to_user_id`, `message_text`, `is_delivered`, `created_at`, `updated_at`) VALUES (7, 7, 77, 'Quae enim dolore laboriosam qui amet vitae. Ullam excepturi dolorem saepe rerum est delectus. Quia distinctio voluptatem rerum blanditiis.', 1, '2005-01-14 11:03:58', '1990-05-01 14:10:18');
INSERT INTO `messages` (`id`, `from_user_id`, `to_user_id`, `message_text`, `is_delivered`, `created_at`, `updated_at`) VALUES (8, 8, 78, 'Perspiciatis in officia ea voluptatem quia qui. Perspiciatis sit saepe sit dolor. Dolores consequatur architecto et cupiditate quod enim sit.', 0, '2012-10-22 17:29:30', '2021-03-13 23:47:52');
INSERT INTO `messages` (`id`, `from_user_id`, `to_user_id`, `message_text`, `is_delivered`, `created_at`, `updated_at`) VALUES (9, 9, 79, 'Sed quae quo exercitationem ut qui ea aliquid. Corrupti perferendis et sapiente quis officiis repudiandae saepe. Id libero omnis mollitia. Eaque omnis non perspiciatis ducimus omnis et facilis.', 0, '1990-08-29 20:53:15', '1990-12-06 18:58:39');
INSERT INTO `messages` (`id`, `from_user_id`, `to_user_id`, `message_text`, `is_delivered`, `created_at`, `updated_at`) VALUES (10, 10, 90, 'Ea ab nihil vel atque tempore. Quam rerum cupiditate rerum illum sint consequatur laborum inventore. Maxime saepe architecto fugiat quia aspernatur. Eveniet quia nihil similique.', 0, '1989-08-17 06:15:07', '2011-12-30 15:17:57');
INSERT INTO `messages` (`id`, `from_user_id`, `to_user_id`, `message_text`, `is_delivered`, `created_at`, `updated_at`) VALUES (11, 11, 1, 'Dicta fuga veritatis quos aut quis. Reiciendis facilis ratione id et. Ut aut consequatur dolore velit sint quae cumque. Rerum assumenda libero provident amet maxime eum enim.', 1, '1999-09-12 10:22:54', '2018-06-24 18:50:10');
INSERT INTO `messages` (`id`, `from_user_id`, `to_user_id`, `message_text`, `is_delivered`, `created_at`, `updated_at`) VALUES (12, 12, 2, 'Doloremque reiciendis in est sunt. Nemo et nesciunt impedit qui. Ullam sit dicta quod dolorem. Et fugit voluptatum perspiciatis et nemo unde qui non.', 0, '1986-11-02 06:38:31', '1972-02-15 19:18:24');
INSERT INTO `messages` (`id`, `from_user_id`, `to_user_id`, `message_text`, `is_delivered`, `created_at`, `updated_at`) VALUES (13, 13, 3, 'Consequuntur voluptatum ratione incidunt in. Animi dolore corrupti aspernatur. Facere animi cum eveniet quis nihil beatae labore. Et porro dolorum delectus quidem magni omnis.', 1, '1994-08-26 11:15:11', '2006-01-02 03:36:34');
INSERT INTO `messages` (`id`, `from_user_id`, `to_user_id`, `message_text`, `is_delivered`, `created_at`, `updated_at`) VALUES (14, 14, 4, 'Enim aliquam quis tenetur at praesentium officiis voluptatem. Quibusdam et tempore rerum recusandae provident. Excepturi laboriosam illum saepe molestiae.', 1, '2006-07-17 01:35:17', '1981-05-03 20:16:29');
INSERT INTO `messages` (`id`, `from_user_id`, `to_user_id`, `message_text`, `is_delivered`, `created_at`, `updated_at`) VALUES (15, 15, 5, 'Ea quis sed aut eum veritatis deleniti vel autem. Aut nostrum veritatis porro facere et. Incidunt perspiciatis et voluptate quia et nihil qui doloremque.', 0, '1983-05-07 18:54:48', '1989-03-31 04:24:27');
INSERT INTO `messages` (`id`, `from_user_id`, `to_user_id`, `message_text`, `is_delivered`, `created_at`, `updated_at`) VALUES (16, 16, 6, 'Vero sunt iste officiis doloremque a. Perspiciatis sapiente aspernatur qui dolorem eveniet porro. Quisquam eligendi modi dolor id aut incidunt.', 0, '1982-02-09 16:31:51', '1981-05-12 22:24:01');
INSERT INTO `messages` (`id`, `from_user_id`, `to_user_id`, `message_text`, `is_delivered`, `created_at`, `updated_at`) VALUES (17, 17, 7, 'Quam rem possimus voluptas impedit dignissimos. Ipsum placeat et non. Qui dolor tempora maxime odit suscipit sint ipsa. Similique voluptatibus aliquid porro iusto molestiae. Consequatur quam animi recusandae qui aliquam.', 1, '1970-02-09 01:32:39', '1989-10-08 05:09:21');
INSERT INTO `messages` (`id`, `from_user_id`, `to_user_id`, `message_text`, `is_delivered`, `created_at`, `updated_at`) VALUES (18, 18, 8, 'Commodi dolorem numquam neque tenetur in et est neque. Rerum dolorem soluta et aut inventore reiciendis id. Est sit voluptas et beatae.', 0, '1990-04-10 05:12:05', '2016-11-05 04:28:29');
INSERT INTO `messages` (`id`, `from_user_id`, `to_user_id`, `message_text`, `is_delivered`, `created_at`, `updated_at`) VALUES (19, 19, 9, 'Ipsum asperiores velit nihil quia. Libero asperiores ipsa commodi dolor impedit laboriosam voluptas. Commodi sunt culpa ducimus non ratione. Pariatur voluptatem vero nostrum unde.', 1, '1989-11-27 02:36:22', '1970-12-30 04:07:39');
INSERT INTO `messages` (`id`, `from_user_id`, `to_user_id`, `message_text`, `is_delivered`, `created_at`, `updated_at`) VALUES (20, 20, 10, 'Tempore fuga consequatur laboriosam qui qui voluptatem. Veniam error repellat itaque ab est quia. Voluptas dolor enim sequi suscipit fugit beatae. Commodi provident qui velit ea. Quia reprehenderit aut autem temporibus sapiente.', 1, '1971-11-16 04:57:25', '1995-03-13 15:40:04');
INSERT INTO `messages` (`id`, `from_user_id`, `to_user_id`, `message_text`, `is_delivered`, `created_at`, `updated_at`) VALUES (21, 21, 71, 'Vel nostrum dicta ipsam provident omnis culpa perferendis. Perspiciatis veritatis omnis ipsam sint quo molestiae. Voluptas iste eos dolores dolores quo et eum voluptatum.', 1, '2001-09-15 04:34:38', '1992-05-10 22:24:13');
INSERT INTO `messages` (`id`, `from_user_id`, `to_user_id`, `message_text`, `is_delivered`, `created_at`, `updated_at`) VALUES (22, 22, 72, 'Sed rerum vitae molestiae soluta placeat excepturi ratione. Accusamus qui aperiam sapiente voluptatem perferendis molestiae. Occaecati repellat et qui.', 0, '2001-02-21 06:23:24', '2018-12-19 14:51:21');
INSERT INTO `messages` (`id`, `from_user_id`, `to_user_id`, `message_text`, `is_delivered`, `created_at`, `updated_at`) VALUES (23, 23, 73, 'In est nihil odit consequatur sed quo voluptates. Ratione atque eos sed in facere quia quaerat. Officia quia qui tenetur rerum qui.', 0, '1995-01-03 12:47:58', '1988-01-21 21:35:37');
INSERT INTO `messages` (`id`, `from_user_id`, `to_user_id`, `message_text`, `is_delivered`, `created_at`, `updated_at`) VALUES (24, 24, 74, 'Tempora quidem aut sint sed reiciendis. Qui est nihil quo rem qui. Molestiae sapiente neque nostrum unde. Quis dolorem recusandae repellat consequuntur.', 0, '1977-04-27 19:54:42', '1994-01-09 21:44:36');
INSERT INTO `messages` (`id`, `from_user_id`, `to_user_id`, `message_text`, `is_delivered`, `created_at`, `updated_at`) VALUES (25, 25, 75, 'Aut et et eum nobis veritatis iste qui. Enim ut ea facere. Fugiat voluptatem pariatur praesentium quibusdam. Nihil quia ratione provident in.', 1, '1992-09-11 18:09:02', '1997-12-31 01:59:24');
INSERT INTO `messages` (`id`, `from_user_id`, `to_user_id`, `message_text`, `is_delivered`, `created_at`, `updated_at`) VALUES (26, 26, 76, 'Laboriosam quasi molestias qui delectus voluptatem labore et. Fugit ut molestias odio tempora molestiae. Ex nisi perferendis id voluptatem. Eos asperiores quia ratione animi mollitia quia qui voluptatum.', 0, '2015-04-28 09:58:13', '1999-10-01 18:54:43');
INSERT INTO `messages` (`id`, `from_user_id`, `to_user_id`, `message_text`, `is_delivered`, `created_at`, `updated_at`) VALUES (27, 27, 77, 'Tempora reprehenderit veniam at ipsa. Sapiente voluptate adipisci adipisci eligendi. Dolor quae et quaerat. Est esse suscipit enim voluptas reiciendis labore.', 1, '1977-10-19 09:36:35', '2009-02-04 21:00:10');
INSERT INTO `messages` (`id`, `from_user_id`, `to_user_id`, `message_text`, `is_delivered`, `created_at`, `updated_at`) VALUES (28, 28, 78, 'Modi voluptatem dolores aperiam vitae voluptas et dolorem. Neque repellat laborum quis sunt. Culpa sequi eligendi ea temporibus. Sapiente distinctio non similique molestiae consequatur.', 1, '1985-12-27 05:52:20', '2012-09-03 13:47:21');
INSERT INTO `messages` (`id`, `from_user_id`, `to_user_id`, `message_text`, `is_delivered`, `created_at`, `updated_at`) VALUES (29, 29, 79, 'Maiores facere aut quas iusto aut maiores. Dolor et praesentium et voluptatem in asperiores. Omnis quis dolore quaerat in quia est qui.', 1, '2001-07-29 07:35:06', '2016-12-08 00:27:58');
INSERT INTO `messages` (`id`, `from_user_id`, `to_user_id`, `message_text`, `is_delivered`, `created_at`, `updated_at`) VALUES (30, 30, 80, 'Eos eaque enim delectus consequuntur. Et in ab sit provident. Modi porro ut id veritatis provident.', 1, '1996-05-07 22:13:42', '1976-01-09 19:23:28');
INSERT INTO `messages` (`id`, `from_user_id`, `to_user_id`, `message_text`, `is_delivered`, `created_at`, `updated_at`) VALUES (31, 31, 81, 'Quia molestias rem eligendi itaque. Ullam et dolor eos numquam optio. In sed sit consequuntur ab.', 0, '2020-03-26 03:52:19', '1986-09-12 23:02:57');
INSERT INTO `messages` (`id`, `from_user_id`, `to_user_id`, `message_text`, `is_delivered`, `created_at`, `updated_at`) VALUES (32, 32, 82, 'Quae vero sit veniam non sequi repellat. Consectetur sunt deserunt ut enim voluptatibus et earum. Inventore ipsa neque beatae qui blanditiis. Expedita magni est vel.', 0, '1978-09-07 02:16:34', '1984-08-18 17:36:42');
INSERT INTO `messages` (`id`, `from_user_id`, `to_user_id`, `message_text`, `is_delivered`, `created_at`, `updated_at`) VALUES (33, 33, 83, 'Animi voluptas quos ipsa ea. Et odio sed aut aut. Beatae sunt magnam amet. Quis dolor eos facere perferendis.', 0, '2017-12-21 02:17:38', '1982-04-25 18:07:04');
INSERT INTO `messages` (`id`, `from_user_id`, `to_user_id`, `message_text`, `is_delivered`, `created_at`, `updated_at`) VALUES (34, 34, 84, 'Perferendis nulla porro ipsum rerum. Ut quaerat animi quae sapiente.', 1, '2019-07-20 23:15:36', '1997-10-07 16:54:34');
INSERT INTO `messages` (`id`, `from_user_id`, `to_user_id`, `message_text`, `is_delivered`, `created_at`, `updated_at`) VALUES (35, 35, 85, 'Praesentium ut ut optio illum necessitatibus et fuga. Dolores quia omnis quo animi totam pariatur voluptas. Numquam ut sapiente sapiente beatae sed dolor.', 1, '2013-09-04 16:11:47', '2017-08-16 09:45:45');
INSERT INTO `messages` (`id`, `from_user_id`, `to_user_id`, `message_text`, `is_delivered`, `created_at`, `updated_at`) VALUES (36, 36, 86, 'Nostrum et animi rerum dignissimos. Non delectus dolor nihil soluta. Amet ea quidem fugiat cupiditate qui aliquam. Sunt molestiae eum hic non cumque velit nobis quae. Maxime voluptatum et doloremque ut.', 1, '1997-01-29 06:16:59', '1974-09-07 17:34:27');
INSERT INTO `messages` (`id`, `from_user_id`, `to_user_id`, `message_text`, `is_delivered`, `created_at`, `updated_at`) VALUES (37, 37, 87, 'Exercitationem quia suscipit unde libero velit ea unde. Voluptatem aliquid enim et nam possimus veritatis aut dolorem. In voluptas voluptatem et nobis ut.', 1, '1987-10-15 12:09:30', '1983-01-11 19:25:39');
INSERT INTO `messages` (`id`, `from_user_id`, `to_user_id`, `message_text`, `is_delivered`, `created_at`, `updated_at`) VALUES (38, 38, 88, 'Et distinctio ea consequatur nulla quia. Voluptatem debitis aut numquam atque non. Qui doloribus quos reiciendis possimus. Fugiat qui nulla inventore autem minima minus.', 1, '1995-02-04 07:53:48', '1979-06-21 18:59:26');
INSERT INTO `messages` (`id`, `from_user_id`, `to_user_id`, `message_text`, `is_delivered`, `created_at`, `updated_at`) VALUES (39, 39, 89, 'Nihil qui eum itaque officiis saepe eos culpa. Et fugiat aliquid est possimus rerum eos. Laborum pariatur quis quasi deserunt perspiciatis.', 0, '1994-01-31 14:44:47', '2011-01-31 12:30:22');
INSERT INTO `messages` (`id`, `from_user_id`, `to_user_id`, `message_text`, `is_delivered`, `created_at`, `updated_at`) VALUES (40, 40, 80, 'Ea veritatis suscipit earum sint et temporibus asperiores. Voluptatem voluptatem doloremque sit alias ea rem. Delectus qui dolore eaque iste aliquid delectus. Fugiat et ex rerum quia voluptate quisquam.', 0, '2006-12-19 13:51:47', '1985-04-25 05:10:41');
INSERT INTO `messages` (`id`, `from_user_id`, `to_user_id`, `message_text`, `is_delivered`, `created_at`, `updated_at`) VALUES (41, 41, 91, 'Reiciendis beatae iure voluptate accusantium. Dolore dolores saepe voluptatem fugit tenetur ab maiores.', 1, '2009-07-19 15:08:30', '2007-09-06 05:35:52');
INSERT INTO `messages` (`id`, `from_user_id`, `to_user_id`, `message_text`, `is_delivered`, `created_at`, `updated_at`) VALUES (42, 42, 92, 'Nemo quasi excepturi sequi id est iste. Laudantium vitae temporibus tenetur eaque impedit beatae. Enim qui rerum soluta omnis non omnis.', 1, '1992-08-01 19:41:11', '1986-11-03 05:59:06');
INSERT INTO `messages` (`id`, `from_user_id`, `to_user_id`, `message_text`, `is_delivered`, `created_at`, `updated_at`) VALUES (43, 43, 93, 'Ipsam commodi molestias qui dolores fugit quasi ex. Exercitationem dolore nihil excepturi molestiae aut nisi. Minima sequi et dignissimos voluptates asperiores. Eligendi dicta enim dolorem labore quibusdam in unde. Iure vero omnis voluptates iure cum.', 0, '2017-12-09 04:31:24', '2004-06-27 07:00:15');
INSERT INTO `messages` (`id`, `from_user_id`, `to_user_id`, `message_text`, `is_delivered`, `created_at`, `updated_at`) VALUES (44, 44, 94, 'Autem distinctio libero blanditiis voluptatum aperiam. Et quia esse maiores nisi possimus. Asperiores excepturi quas temporibus minus natus tenetur.', 1, '1975-01-09 10:04:11', '2002-10-19 22:06:29');
INSERT INTO `messages` (`id`, `from_user_id`, `to_user_id`, `message_text`, `is_delivered`, `created_at`, `updated_at`) VALUES (45, 45, 95, 'Est ut error quos quidem ipsam a. Et incidunt voluptatem non. Maiores dolorem vitae dolorem numquam sit voluptatibus doloribus.', 1, '1984-01-27 04:01:25', '1983-08-12 09:02:40');
INSERT INTO `messages` (`id`, `from_user_id`, `to_user_id`, `message_text`, `is_delivered`, `created_at`, `updated_at`) VALUES (46, 46, 96, 'Eius voluptatem non autem atque fugiat quae quasi. Est consequatur consequatur tenetur. Ut suscipit velit iusto porro eos repellendus est totam.', 0, '1980-09-26 07:21:45', '1972-04-10 21:34:02');
INSERT INTO `messages` (`id`, `from_user_id`, `to_user_id`, `message_text`, `is_delivered`, `created_at`, `updated_at`) VALUES (47, 47, 97, 'Et quam dicta qui dolore dolorem ex qui. Dolor sed voluptatem cupiditate ut. Ratione molestias facilis qui fuga quia distinctio. Illum alias minus quibusdam ut doloribus officia reiciendis velit.', 0, '2000-01-07 10:51:45', '1989-04-23 17:42:34');
INSERT INTO `messages` (`id`, `from_user_id`, `to_user_id`, `message_text`, `is_delivered`, `created_at`, `updated_at`) VALUES (48, 48, 98, 'Laudantium qui libero voluptatem dolorum laudantium earum est pariatur. Doloremque omnis eveniet impedit rerum quam. Ullam blanditiis et quo molestias.', 0, '2010-03-24 09:40:36', '2008-02-27 07:05:08');
INSERT INTO `messages` (`id`, `from_user_id`, `to_user_id`, `message_text`, `is_delivered`, `created_at`, `updated_at`) VALUES (49, 49, 99, 'Veritatis magnam nesciunt sed quasi laboriosam. Occaecati odio asperiores neque est consequatur adipisci quo. Quia dolores cupiditate aut beatae eos sint.', 0, '1978-02-01 19:18:38', '1997-04-05 01:58:41');
INSERT INTO `messages` (`id`, `from_user_id`, `to_user_id`, `message_text`, `is_delivered`, `created_at`, `updated_at`) VALUES (50, 50, 80, 'Porro adipisci odio praesentium quasi ratione maiores. Dolores deleniti quia sint quos quidem fuga. Omnis sequi dolores adipisci modi quia. Eveniet consequatur et numquam odio id rerum ratione eum. Id numquam sed repellendus.', 1, '1980-02-25 20:10:21', '1984-11-26 15:51:57');
INSERT INTO `messages` (`id`, `from_user_id`, `to_user_id`, `message_text`, `is_delivered`, `created_at`, `updated_at`) VALUES (51, 51, 71, 'Et et eveniet accusamus. Ipsum vitae et consequatur necessitatibus mollitia quas. Et non dolores vel architecto.', 1, '2013-09-04 16:03:31', '1997-08-06 22:27:15');
INSERT INTO `messages` (`id`, `from_user_id`, `to_user_id`, `message_text`, `is_delivered`, `created_at`, `updated_at`) VALUES (52, 52, 72, 'Sint omnis cumque consequatur et rerum. Modi aperiam aliquam ea accusamus ipsa. Explicabo sed repellendus nostrum consequatur. Laboriosam fuga minima pariatur hic.', 1, '2005-06-19 01:58:01', '2004-03-31 14:39:43');
INSERT INTO `messages` (`id`, `from_user_id`, `to_user_id`, `message_text`, `is_delivered`, `created_at`, `updated_at`) VALUES (53, 53, 73, 'Dolorem cum voluptas ducimus id dolores qui perferendis. Et voluptatum necessitatibus perferendis veritatis quisquam inventore. Sed asperiores ea deserunt necessitatibus quod. Quia commodi placeat voluptas maiores temporibus.', 0, '2013-05-28 01:52:43', '1999-05-19 13:04:52');
INSERT INTO `messages` (`id`, `from_user_id`, `to_user_id`, `message_text`, `is_delivered`, `created_at`, `updated_at`) VALUES (54, 54, 74, 'Consequatur reprehenderit minus accusantium ut dolor totam. Voluptatum autem enim modi ullam accusamus consequatur explicabo. Officiis ut ut est et quia suscipit.', 0, '1991-01-15 20:19:56', '1980-05-05 02:21:01');
INSERT INTO `messages` (`id`, `from_user_id`, `to_user_id`, `message_text`, `is_delivered`, `created_at`, `updated_at`) VALUES (55, 55, 75, 'Sunt non distinctio quasi iure earum ea. Corporis quisquam vitae quos qui dolores similique ea. Sapiente dolore dolores possimus veniam. Atque accusantium libero quidem dolores iste.', 1, '2015-11-25 15:14:11', '1978-06-25 15:54:09');
INSERT INTO `messages` (`id`, `from_user_id`, `to_user_id`, `message_text`, `is_delivered`, `created_at`, `updated_at`) VALUES (56, 56, 76, 'Omnis vitae et maiores animi reprehenderit esse delectus. Aspernatur soluta aut sequi odio. Aperiam dicta consectetur voluptas quidem. In pariatur tempore in nulla blanditiis.', 1, '1986-03-20 06:42:12', '2016-10-02 08:18:09');
INSERT INTO `messages` (`id`, `from_user_id`, `to_user_id`, `message_text`, `is_delivered`, `created_at`, `updated_at`) VALUES (57, 57, 77, 'Et in aspernatur illo enim. Occaecati dolorum qui necessitatibus ipsum. Et incidunt tempore repellat aut consectetur.', 0, '1986-07-11 04:56:25', '1980-02-07 19:14:37');
INSERT INTO `messages` (`id`, `from_user_id`, `to_user_id`, `message_text`, `is_delivered`, `created_at`, `updated_at`) VALUES (58, 58, 78, 'Itaque natus qui atque mollitia. Magni eos odit praesentium possimus repellat. Repellat corrupti nulla iure illum hic. Perspiciatis et et eaque itaque velit nihil nihil.', 0, '1986-06-10 21:23:20', '2000-03-24 00:17:33');
INSERT INTO `messages` (`id`, `from_user_id`, `to_user_id`, `message_text`, `is_delivered`, `created_at`, `updated_at`) VALUES (59, 59, 79, 'Facere ab quaerat quasi minus eligendi aliquam. Recusandae labore quia sit non voluptatibus voluptatem earum. Aut atque voluptate iste dolores nobis molestiae adipisci. Eum velit facilis officiis neque hic.', 1, '1984-06-25 16:29:15', '2019-05-10 23:13:01');
INSERT INTO `messages` (`id`, `from_user_id`, `to_user_id`, `message_text`, `is_delivered`, `created_at`, `updated_at`) VALUES (60, 60, 80, 'Est assumenda incidunt laborum necessitatibus reprehenderit doloribus aut. Aliquid eius at saepe dolorem et eos ut et. Asperiores aut accusantium soluta iste nam id labore. Esse quae aliquid inventore distinctio.', 0, '2011-04-21 14:50:44', '1983-11-14 11:15:20');
INSERT INTO `messages` (`id`, `from_user_id`, `to_user_id`, `message_text`, `is_delivered`, `created_at`, `updated_at`) VALUES (61, 61, 81, 'Ut fugit ut et quia harum. Voluptates laudantium tempore voluptatem est impedit. Et quam at eligendi commodi officiis distinctio impedit.', 1, '2018-08-02 16:22:39', '1996-01-19 02:19:23');
INSERT INTO `messages` (`id`, `from_user_id`, `to_user_id`, `message_text`, `is_delivered`, `created_at`, `updated_at`) VALUES (62, 62, 82, 'Rerum aut ipsam sunt quibusdam. Exercitationem mollitia maxime reiciendis quaerat voluptatem at. Voluptas est repudiandae officiis. Voluptas corrupti corrupti et repellat nemo consequatur adipisci.', 0, '1973-12-25 22:50:25', '2012-10-21 07:50:31');
INSERT INTO `messages` (`id`, `from_user_id`, `to_user_id`, `message_text`, `is_delivered`, `created_at`, `updated_at`) VALUES (63, 63, 83, 'Tenetur sunt sit asperiores assumenda iste doloribus. Rerum aut cum et minima aperiam dolorem unde. Veritatis fugiat similique voluptatibus voluptas voluptatem.', 0, '1997-03-24 12:20:53', '2009-03-15 21:24:28');
INSERT INTO `messages` (`id`, `from_user_id`, `to_user_id`, `message_text`, `is_delivered`, `created_at`, `updated_at`) VALUES (64, 64, 84, 'Cupiditate odio porro corrupti qui dolorem. Fugiat impedit sit est. Voluptatem perspiciatis ab rem error esse. Cumque ut recusandae velit consequatur non.', 1, '2014-08-27 09:49:29', '1976-12-28 01:20:22');
INSERT INTO `messages` (`id`, `from_user_id`, `to_user_id`, `message_text`, `is_delivered`, `created_at`, `updated_at`) VALUES (65, 65, 85, 'Odio laboriosam nihil perspiciatis vitae et. Suscipit similique dolorem consequatur. Et quia molestiae rerum ab. Eos ab modi ea tenetur impedit.', 0, '1989-03-25 03:08:13', '1986-11-17 07:21:09');
INSERT INTO `messages` (`id`, `from_user_id`, `to_user_id`, `message_text`, `is_delivered`, `created_at`, `updated_at`) VALUES (66, 66, 86, 'Dolorem voluptates sunt aliquam consequatur velit illum. Velit et voluptates natus numquam sit reprehenderit laudantium iusto. Debitis voluptatem nostrum maiores modi sed.', 1, '2009-03-09 10:01:31', '1995-07-21 10:53:44');
INSERT INTO `messages` (`id`, `from_user_id`, `to_user_id`, `message_text`, `is_delivered`, `created_at`, `updated_at`) VALUES (67, 67, 87, 'Dolore voluptatum nam et autem consequatur. Magni est ipsam sit eligendi. Enim fugit alias maiores rerum. Pariatur laudantium et deserunt repellendus.', 1, '1998-11-15 09:30:42', '2004-06-20 14:58:25');
INSERT INTO `messages` (`id`, `from_user_id`, `to_user_id`, `message_text`, `is_delivered`, `created_at`, `updated_at`) VALUES (68, 68, 88, 'Ipsa necessitatibus et rerum molestiae qui quod ut. Dicta qui est dolorum. Cum animi soluta dolorem delectus quasi est voluptas.', 1, '1970-06-19 16:09:39', '2014-01-26 14:55:08');
INSERT INTO `messages` (`id`, `from_user_id`, `to_user_id`, `message_text`, `is_delivered`, `created_at`, `updated_at`) VALUES (69, 69, 89, 'Reprehenderit impedit provident sint. Non ducimus corrupti eos quibusdam. Eligendi animi odio modi. Tempore consequuntur eos sunt amet ipsam cumque tempore sit. Aut sint quis ex ex enim at dolores.', 0, '2003-07-24 21:47:14', '2002-03-25 10:23:30');
INSERT INTO `messages` (`id`, `from_user_id`, `to_user_id`, `message_text`, `is_delivered`, `created_at`, `updated_at`) VALUES (70, 70, 80, 'Dolorum quis ut et et cumque aliquam. Optio et et similique sit aperiam sit quis. Velit omnis minima dolor aut.', 1, '2020-02-18 09:12:19', '2012-08-20 04:28:53');
INSERT INTO `messages` (`id`, `from_user_id`, `to_user_id`, `message_text`, `is_delivered`, `created_at`, `updated_at`) VALUES (71, 71, 1, 'Et commodi deserunt qui consequatur. Consequatur sunt aperiam sequi in optio neque. Necessitatibus voluptas sint sed deserunt voluptatem. Accusantium nihil ducimus voluptatibus consequatur eum.', 1, '1989-04-03 13:50:02', '2006-09-01 02:25:44');
INSERT INTO `messages` (`id`, `from_user_id`, `to_user_id`, `message_text`, `is_delivered`, `created_at`, `updated_at`) VALUES (72, 72, 2, 'Quam dignissimos iusto adipisci. Natus facilis dolores voluptatem dolores rerum asperiores voluptatem. Atque et eos et omnis nihil quia eveniet qui.', 0, '2008-04-19 06:51:09', '2005-09-20 14:51:00');
INSERT INTO `messages` (`id`, `from_user_id`, `to_user_id`, `message_text`, `is_delivered`, `created_at`, `updated_at`) VALUES (73, 73, 3, 'Ut maiores voluptate laboriosam excepturi asperiores exercitationem. Magni facilis ad rerum quia. Laborum magni unde enim amet totam suscipit. Quidem nesciunt quae assumenda et sunt.', 0, '1972-12-04 17:15:48', '2001-05-09 06:04:02');
INSERT INTO `messages` (`id`, `from_user_id`, `to_user_id`, `message_text`, `is_delivered`, `created_at`, `updated_at`) VALUES (74, 74, 4, 'Eligendi earum sit dicta excepturi quibusdam. A laudantium tenetur suscipit. Asperiores dolore suscipit corrupti accusamus dolor. Exercitationem porro iste et quo minima.', 0, '1996-03-01 21:38:36', '2021-08-05 18:33:32');
INSERT INTO `messages` (`id`, `from_user_id`, `to_user_id`, `message_text`, `is_delivered`, `created_at`, `updated_at`) VALUES (75, 75, 5, 'Id occaecati non voluptate. Recusandae et esse magni dolorem illum quo. Repellat vel aspernatur porro vitae sit doloremque est in. Quae exercitationem et laboriosam reiciendis asperiores.', 0, '1999-08-11 19:56:53', '1990-08-18 22:28:45');
INSERT INTO `messages` (`id`, `from_user_id`, `to_user_id`, `message_text`, `is_delivered`, `created_at`, `updated_at`) VALUES (76, 76, 6, 'Voluptatem deserunt enim debitis ut ut quaerat recusandae ad. Ipsam rerum repellat aliquid inventore tempore maiores ducimus quaerat. Laboriosam ullam enim qui soluta quam inventore. Rem voluptas autem accusantium rerum accusantium.', 1, '1984-12-25 17:15:23', '2019-04-09 09:47:32');
INSERT INTO `messages` (`id`, `from_user_id`, `to_user_id`, `message_text`, `is_delivered`, `created_at`, `updated_at`) VALUES (77, 77, 7, 'Rerum debitis perspiciatis voluptate non aperiam quisquam nihil. Officiis est possimus veniam sed temporibus et. Sunt rerum dolore voluptatem ut quasi. Distinctio ea aspernatur minus esse ad ab.', 0, '1979-11-22 11:41:02', '2018-02-01 01:34:55');
INSERT INTO `messages` (`id`, `from_user_id`, `to_user_id`, `message_text`, `is_delivered`, `created_at`, `updated_at`) VALUES (78, 78, 8, 'Eos quos corrupti aspernatur explicabo. Nihil hic consectetur et vel dolores dolores. Doloribus rerum nobis nulla consequatur.', 1, '1996-03-25 14:59:11', '1988-05-22 03:01:15');
INSERT INTO `messages` (`id`, `from_user_id`, `to_user_id`, `message_text`, `is_delivered`, `created_at`, `updated_at`) VALUES (79, 79, 9, 'Ut eum et eaque id ut. Atque amet quod impedit eos. Itaque tempora corporis voluptatum deleniti delectus illo. Alias aut velit nesciunt ratione occaecati dolores.', 0, '1971-03-29 21:23:35', '2000-08-07 00:29:05');
INSERT INTO `messages` (`id`, `from_user_id`, `to_user_id`, `message_text`, `is_delivered`, `created_at`, `updated_at`) VALUES (80, 80, 10, 'Voluptatum dolores voluptatem dolor quis dolores ullam illo est. Earum aut molestiae dolorum fugit voluptatem consequuntur eos.', 0, '1971-03-15 05:51:28', '2006-12-09 01:44:13');
INSERT INTO `messages` (`id`, `from_user_id`, `to_user_id`, `message_text`, `is_delivered`, `created_at`, `updated_at`) VALUES (81, 81, 31, 'Maxime temporibus quis consequuntur voluptatem enim voluptatibus labore ipsum. Voluptatum aperiam sed perspiciatis nihil expedita. Accusamus incidunt iusto ea quas deleniti dolorem quia consequuntur. Quas sed earum velit.', 1, '1972-11-10 06:18:45', '1972-11-22 13:39:32');
INSERT INTO `messages` (`id`, `from_user_id`, `to_user_id`, `message_text`, `is_delivered`, `created_at`, `updated_at`) VALUES (82, 82, 32, 'Saepe consequuntur illo distinctio doloribus. At dignissimos officia fugit eveniet qui facere placeat. Doloremque officia aut facilis nemo incidunt.', 1, '1972-06-26 05:58:18', '2020-10-16 11:40:47');
INSERT INTO `messages` (`id`, `from_user_id`, `to_user_id`, `message_text`, `is_delivered`, `created_at`, `updated_at`) VALUES (83, 83, 33, 'At numquam vitae excepturi nesciunt labore ut. Provident voluptate repellendus incidunt. Nihil quo ipsam ducimus provident iusto.', 1, '2017-11-10 15:48:21', '2008-11-21 13:24:46');
INSERT INTO `messages` (`id`, `from_user_id`, `to_user_id`, `message_text`, `is_delivered`, `created_at`, `updated_at`) VALUES (84, 84, 34, 'Qui animi accusamus optio rerum soluta. Et voluptas ipsa iusto suscipit excepturi occaecati omnis. Nisi deserunt consequatur illum temporibus atque est culpa. Quia molestiae quia unde dolores aut placeat.', 0, '1990-10-10 20:27:52', '1974-07-31 20:56:13');
INSERT INTO `messages` (`id`, `from_user_id`, `to_user_id`, `message_text`, `is_delivered`, `created_at`, `updated_at`) VALUES (85, 85, 35, 'Beatae rerum veniam iusto et quibusdam quis. Commodi voluptate et qui consequatur. Architecto eius quo voluptas facilis aut enim aliquam quasi. Sed exercitationem voluptatem quia dolores aut. Voluptas laborum dolores ut commodi veniam ut.', 1, '1989-03-10 16:39:12', '2000-11-05 08:00:39');
INSERT INTO `messages` (`id`, `from_user_id`, `to_user_id`, `message_text`, `is_delivered`, `created_at`, `updated_at`) VALUES (86, 86, 36, 'Error qui enim eos rem suscipit aperiam maxime. Ipsum accusamus necessitatibus voluptatem. Ad cum dignissimos enim vitae nisi praesentium expedita. Aut fugit maxime sed dolor voluptas omnis.', 0, '2000-12-20 10:15:24', '2000-01-02 18:45:32');
INSERT INTO `messages` (`id`, `from_user_id`, `to_user_id`, `message_text`, `is_delivered`, `created_at`, `updated_at`) VALUES (87, 87, 37, 'Debitis tenetur dicta distinctio commodi unde ut occaecati. Minus modi minus assumenda animi tempore. Eligendi incidunt quasi incidunt magni. Qui nostrum eum adipisci asperiores omnis maxime dolore.', 0, '2010-02-12 19:45:11', '1974-03-16 13:21:25');
INSERT INTO `messages` (`id`, `from_user_id`, `to_user_id`, `message_text`, `is_delivered`, `created_at`, `updated_at`) VALUES (88, 88, 38, 'Quasi qui possimus in itaque dolores perferendis iusto. Corrupti consectetur reprehenderit molestiae ab debitis commodi. Et maxime aliquam quos est sed et est nobis. Libero qui eaque maxime quibusdam eos repellendus est.', 0, '1970-08-20 06:08:55', '1973-02-01 15:29:13');
INSERT INTO `messages` (`id`, `from_user_id`, `to_user_id`, `message_text`, `is_delivered`, `created_at`, `updated_at`) VALUES (89, 89, 39, 'Et officia sapiente voluptatibus et id. Sint deserunt beatae ut beatae eius. Fugiat dolorum quia unde enim sed. Rerum iure blanditiis sapiente.', 1, '2004-02-10 07:40:51', '1999-04-02 22:00:09');
INSERT INTO `messages` (`id`, `from_user_id`, `to_user_id`, `message_text`, `is_delivered`, `created_at`, `updated_at`) VALUES (90, 90, 30, 'Exercitationem dolorum velit dolor tenetur et. Provident quo fugiat repellat reiciendis nesciunt aperiam aspernatur. Eius ducimus nemo eum dolor aspernatur fugit.', 1, '2008-06-07 13:17:33', '2013-08-03 07:39:34');
INSERT INTO `messages` (`id`, `from_user_id`, `to_user_id`, `message_text`, `is_delivered`, `created_at`, `updated_at`) VALUES (91, 91, 81, 'Explicabo soluta eum delectus nulla soluta provident non iusto. Neque at autem ea aut nobis voluptates et.', 0, '2000-12-18 06:08:51', '1970-08-05 23:26:23');
INSERT INTO `messages` (`id`, `from_user_id`, `to_user_id`, `message_text`, `is_delivered`, `created_at`, `updated_at`) VALUES (92, 92, 82, 'Tempore et rem voluptates omnis voluptas autem. Nemo laudantium laborum perspiciatis velit commodi.', 1, '1988-05-17 07:12:09', '2021-07-05 09:26:56');
INSERT INTO `messages` (`id`, `from_user_id`, `to_user_id`, `message_text`, `is_delivered`, `created_at`, `updated_at`) VALUES (93, 93, 83, 'Voluptatem voluptates officia doloribus. Vero quam possimus eum doloribus nisi ratione tenetur. Quasi quia et est. Sit ut odit vel libero necessitatibus.', 0, '1991-10-08 06:21:23', '1989-10-03 23:19:13');
INSERT INTO `messages` (`id`, `from_user_id`, `to_user_id`, `message_text`, `is_delivered`, `created_at`, `updated_at`) VALUES (94, 94, 84, 'Quibusdam id praesentium aliquid voluptatem eaque. Est qui pariatur laborum maxime. Minus libero aut in vel eligendi iste. Magni a consequuntur quidem aut esse.', 1, '1983-05-23 00:03:14', '2011-06-28 07:26:23');
INSERT INTO `messages` (`id`, `from_user_id`, `to_user_id`, `message_text`, `is_delivered`, `created_at`, `updated_at`) VALUES (95, 95, 85, 'Sit distinctio dolor doloremque eum delectus voluptas aliquid. Est accusamus voluptas perspiciatis sit recusandae eligendi cupiditate. Voluptas non provident ut porro praesentium quam. Qui modi corrupti et.', 0, '1979-05-16 06:54:52', '1987-10-26 10:20:48');
INSERT INTO `messages` (`id`, `from_user_id`, `to_user_id`, `message_text`, `is_delivered`, `created_at`, `updated_at`) VALUES (96, 96, 86, 'Veritatis laboriosam quae vitae. Cum aperiam itaque autem molestiae. Amet totam ullam fugiat odio. Odit blanditiis est soluta.', 1, '2016-12-27 09:39:48', '1972-02-07 20:43:33');
INSERT INTO `messages` (`id`, `from_user_id`, `to_user_id`, `message_text`, `is_delivered`, `created_at`, `updated_at`) VALUES (97, 97, 87, 'Quia deserunt est voluptatem. Quis voluptatem corporis adipisci numquam at quos suscipit. Dolor dolorem fuga qui officia quas qui.', 1, '1996-02-28 01:29:14', '2002-04-03 02:04:01');
INSERT INTO `messages` (`id`, `from_user_id`, `to_user_id`, `message_text`, `is_delivered`, `created_at`, `updated_at`) VALUES (98, 98, 88, 'In reiciendis aspernatur sit. Ut doloremque eius quasi soluta aliquam eius. Aut ut fugit quos.', 0, '1974-06-08 23:03:30', '1998-05-03 10:32:39');
INSERT INTO `messages` (`id`, `from_user_id`, `to_user_id`, `message_text`, `is_delivered`, `created_at`, `updated_at`) VALUES (99, 99, 89, 'Id laudantium numquam facilis amet. Quidem voluptatum et sunt. Aperiam doloremque nihil nihil nobis saepe repudiandae quam.', 0, '1982-05-12 09:36:14', '2010-05-22 05:31:10');
INSERT INTO `messages` (`id`, `from_user_id`, `to_user_id`, `message_text`, `is_delivered`, `created_at`, `updated_at`) VALUES (100, 1, 81, 'Dolores ut ab blanditiis voluptatibus accusantium. Cumque ut ut necessitatibus quo minus aliquam dolorem. Facere maiores nisi facilis id eligendi. Et illum voluptas consectetur saepe iusto nesciunt est.', 0, '1994-10-28 13:53:35', '1989-03-06 13:14:08');
INSERT INTO `messages` (`id`, `from_user_id`, `to_user_id`, `message_text`, `is_delivered`, `created_at`, `updated_at`) VALUES (101, 2, 82, 'Et temporibus rerum illo at excepturi repellendus deleniti. Qui cupiditate officiis sint perferendis est. Quia possimus explicabo ipsum iste quos. Vel sint repellat fuga dolorem.', 1, '2011-01-18 16:11:51', '1992-03-23 12:11:30');
INSERT INTO `messages` (`id`, `from_user_id`, `to_user_id`, `message_text`, `is_delivered`, `created_at`, `updated_at`) VALUES (102, 3, 83, 'Velit ipsam aut cumque qui voluptas molestiae quo. Itaque optio dolores qui corporis maiores. Dolores quae architecto omnis error officiis recusandae. Deserunt temporibus rerum qui officiis at at.', 1, '2010-12-13 17:22:02', '1993-01-13 11:42:07');
INSERT INTO `messages` (`id`, `from_user_id`, `to_user_id`, `message_text`, `is_delivered`, `created_at`, `updated_at`) VALUES (103, 4, 84, 'A asperiores qui alias facilis. Atque facilis quod et velit voluptatem deserunt. Quos quis soluta at qui illum sit est. Voluptatem consequatur maxime rerum praesentium. Aut ad tempore fugiat dicta.', 1, '1986-08-06 00:53:39', '2015-12-05 05:58:53');
INSERT INTO `messages` (`id`, `from_user_id`, `to_user_id`, `message_text`, `is_delivered`, `created_at`, `updated_at`) VALUES (104, 5, 85, 'Sed quis et sit officia tenetur officiis. Ea fugit voluptatem molestias esse sed. Impedit est quia veniam sed vel enim ut.', 1, '2018-09-02 23:37:15', '1972-03-26 11:26:17');
INSERT INTO `messages` (`id`, `from_user_id`, `to_user_id`, `message_text`, `is_delivered`, `created_at`, `updated_at`) VALUES (105, 6, 86, 'Quos ea suscipit odio excepturi. Amet rem qui voluptates odio aut molestias. Qui sit laborum neque ea aut laborum.', 1, '1985-06-03 23:36:47', '2015-08-10 17:25:22');
INSERT INTO `messages` (`id`, `from_user_id`, `to_user_id`, `message_text`, `is_delivered`, `created_at`, `updated_at`) VALUES (106, 7, 87, 'Explicabo nostrum ut qui sint laborum deleniti dolorem dolorem. Maxime nulla qui facere qui enim aut in. Ullam possimus ipsum et harum aliquam sint deleniti. Aut veniam amet voluptates quis quia nam.', 0, '1984-02-15 06:59:12', '2013-08-05 06:32:05');
INSERT INTO `messages` (`id`, `from_user_id`, `to_user_id`, `message_text`, `is_delivered`, `created_at`, `updated_at`) VALUES (107, 8, 88, 'Eos voluptas iusto beatae. Atque voluptate atque a adipisci et est. Dolorum ut consequuntur qui.', 1, '1996-12-03 15:30:13', '1986-10-27 16:44:21');
INSERT INTO `messages` (`id`, `from_user_id`, `to_user_id`, `message_text`, `is_delivered`, `created_at`, `updated_at`) VALUES (108, 9, 89, 'Iure vero voluptatem facere qui laboriosam vel voluptas. Totam quo provident adipisci dignissimos. Rerum odio omnis qui rerum impedit.', 0, '1991-06-16 06:21:21', '2011-12-31 14:52:52');
INSERT INTO `messages` (`id`, `from_user_id`, `to_user_id`, `message_text`, `is_delivered`, `created_at`, `updated_at`) VALUES (109, 10, 70, 'Qui aut rerum at nemo enim ut minus autem. Eos amet ipsa impedit porro enim cum molestiae. Sunt ab nihil nisi temporibus. Non voluptate vel aliquid dolorem.', 0, '2018-02-17 06:22:50', '2016-11-25 23:29:00');
INSERT INTO `messages` (`id`, `from_user_id`, `to_user_id`, `message_text`, `is_delivered`, `created_at`, `updated_at`) VALUES (110, 11, 71, 'Beatae sed qui culpa. Quo quo error minus magnam est suscipit eaque. Quos ut vitae fugiat dignissimos dolor illo. Eum velit dolor quidem nobis nihil sunt veritatis sed.', 0, '2002-07-07 02:14:27', '1990-08-11 08:06:39');
INSERT INTO `messages` (`id`, `from_user_id`, `to_user_id`, `message_text`, `is_delivered`, `created_at`, `updated_at`) VALUES (111, 12, 72, 'Vel et deleniti excepturi excepturi iusto. Rerum dolor saepe expedita laboriosam molestiae omnis cum. Corporis totam a atque.', 1, '1970-01-12 11:53:08', '2004-12-14 00:04:25');
INSERT INTO `messages` (`id`, `from_user_id`, `to_user_id`, `message_text`, `is_delivered`, `created_at`, `updated_at`) VALUES (112, 13, 73, 'Pariatur nobis voluptas similique vero quos molestias quod. Aut illo non ipsa vel architecto amet perferendis. Consequatur dolores dolore voluptas ut veritatis eligendi enim. Cumque ea aut quia error autem modi.', 0, '2008-02-07 20:11:13', '1972-08-08 14:59:51');
INSERT INTO `messages` (`id`, `from_user_id`, `to_user_id`, `message_text`, `is_delivered`, `created_at`, `updated_at`) VALUES (113, 14, 74, 'Quod iure ipsum sit nostrum velit. Consequatur aperiam recusandae dolorem dolores qui dolorum. Eligendi deserunt nostrum minima ullam qui nihil et corporis.', 1, '1977-08-27 00:19:31', '1976-07-07 16:08:48');
INSERT INTO `messages` (`id`, `from_user_id`, `to_user_id`, `message_text`, `is_delivered`, `created_at`, `updated_at`) VALUES (114, 15, 75, 'Quis et reiciendis optio sit molestias temporibus. Delectus ex enim recusandae at perferendis omnis praesentium ut. Ipsa debitis dolores aut corrupti. Velit iure ex et corrupti adipisci libero dolore.', 1, '1975-12-01 21:08:30', '2015-06-11 13:40:10');
INSERT INTO `messages` (`id`, `from_user_id`, `to_user_id`, `message_text`, `is_delivered`, `created_at`, `updated_at`) VALUES (115, 16, 76, 'Et optio perspiciatis nobis voluptas corrupti. Officiis qui consequatur voluptas consequuntur et veritatis quod fugiat.', 1, '2010-07-27 20:03:53', '1992-08-22 15:03:49');
INSERT INTO `messages` (`id`, `from_user_id`, `to_user_id`, `message_text`, `is_delivered`, `created_at`, `updated_at`) VALUES (116, 17, 77, 'Similique deserunt qui unde sunt. Mollitia in corrupti ratione et neque eaque.', 1, '1989-05-13 14:18:08', '2020-11-27 05:09:05');
INSERT INTO `messages` (`id`, `from_user_id`, `to_user_id`, `message_text`, `is_delivered`, `created_at`, `updated_at`) VALUES (117, 18, 78, 'Saepe laudantium doloremque eius eum ea sint. Exercitationem molestiae occaecati eaque cumque vel dicta. Laboriosam fugiat ipsa optio consequatur nemo et. Quia quo esse nesciunt laborum esse rerum.', 0, '1990-07-01 02:09:04', '1990-05-19 14:07:43');
INSERT INTO `messages` (`id`, `from_user_id`, `to_user_id`, `message_text`, `is_delivered`, `created_at`, `updated_at`) VALUES (118, 19, 79, 'Quo itaque eos ipsum minima. Quam omnis ut quos et impedit. Rem cumque ea veritatis quo et. Consequatur enim voluptatem nisi dicta.', 0, '2015-10-12 21:23:12', '1979-03-25 22:02:44');
INSERT INTO `messages` (`id`, `from_user_id`, `to_user_id`, `message_text`, `is_delivered`, `created_at`, `updated_at`) VALUES (119, 20, 90, 'Omnis autem perferendis cum qui velit. Porro commodi sint unde et earum amet voluptatem. Quos dolorum quis fuga eius.', 1, '2016-07-31 10:11:07', '2012-07-10 01:54:08');
INSERT INTO `messages` (`id`, `from_user_id`, `to_user_id`, `message_text`, `is_delivered`, `created_at`, `updated_at`) VALUES (120, 21, 91, 'Provident cupiditate et quis aut. Et ea occaecati rerum quibusdam aut. Expedita fugit similique dolorum doloremque. Et minus velit expedita est consequatur et perspiciatis.', 1, '1976-03-12 15:00:08', '2012-07-13 12:48:57');
INSERT INTO `messages` (`id`, `from_user_id`, `to_user_id`, `message_text`, `is_delivered`, `created_at`, `updated_at`) VALUES (121, 22, 92, 'Excepturi repellendus veritatis veniam nihil. Quia eaque fugit sit eveniet nisi numquam.', 0, '1979-05-13 06:27:33', '2006-02-07 08:34:55');
INSERT INTO `messages` (`id`, `from_user_id`, `to_user_id`, `message_text`, `is_delivered`, `created_at`, `updated_at`) VALUES (122, 23, 93, 'Unde saepe architecto at sit. Error libero impedit est mollitia. Suscipit vitae omnis quia quis atque at aut. Aperiam itaque tenetur ad eius cupiditate enim numquam nihil.', 1, '2015-06-19 07:57:34', '2013-08-26 18:06:00');
INSERT INTO `messages` (`id`, `from_user_id`, `to_user_id`, `message_text`, `is_delivered`, `created_at`, `updated_at`) VALUES (123, 24, 94, 'Laudantium consequatur nihil numquam autem et autem accusamus. Et eius corporis sint quasi soluta. Quia recusandae quod sint praesentium provident.', 1, '1998-01-28 11:09:15', '1998-11-21 13:33:02');
INSERT INTO `messages` (`id`, `from_user_id`, `to_user_id`, `message_text`, `is_delivered`, `created_at`, `updated_at`) VALUES (124, 25, 95, 'Voluptatum accusamus placeat sunt est autem vel. Deleniti eius quia consequuntur quibusdam et. Non voluptatem non non sit consequatur. Ut dignissimos in aut dolor sapiente.', 1, '1997-05-25 12:53:10', '1980-08-07 13:05:01');
INSERT INTO `messages` (`id`, `from_user_id`, `to_user_id`, `message_text`, `is_delivered`, `created_at`, `updated_at`) VALUES (125, 26, 96, 'Expedita qui beatae placeat quas non ut aut. In ut esse est voluptas ratione. Porro labore sint natus.', 1, '1982-05-23 22:36:32', '2015-04-26 06:39:58');
INSERT INTO `messages` (`id`, `from_user_id`, `to_user_id`, `message_text`, `is_delivered`, `created_at`, `updated_at`) VALUES (126, 27, 97, 'Odio facilis aut quas odit porro et. Totam sit et autem aut nobis hic earum.', 1, '2019-03-03 17:06:04', '2007-05-16 15:42:03');
INSERT INTO `messages` (`id`, `from_user_id`, `to_user_id`, `message_text`, `is_delivered`, `created_at`, `updated_at`) VALUES (127, 28, 98, 'Tempore magni sapiente doloremque quia nam exercitationem distinctio. Possimus consequuntur quia adipisci non.', 0, '1982-09-13 12:23:32', '2019-01-14 03:30:20');
INSERT INTO `messages` (`id`, `from_user_id`, `to_user_id`, `message_text`, `is_delivered`, `created_at`, `updated_at`) VALUES (128, 29, 99, 'Adipisci libero delectus rerum labore sequi. Autem corporis molestiae recusandae illum est in. Sit debitis facere at veniam. Necessitatibus placeat reprehenderit voluptate.', 1, '2018-04-30 16:12:22', '1994-12-27 22:20:11');
INSERT INTO `messages` (`id`, `from_user_id`, `to_user_id`, `message_text`, `is_delivered`, `created_at`, `updated_at`) VALUES (129, 30, 90, 'Et unde et iste esse accusamus. Enim dolorum quia unde ut. Perferendis nihil quas et id est.', 1, '2010-04-11 00:32:10', '1995-08-03 04:27:06');
INSERT INTO `messages` (`id`, `from_user_id`, `to_user_id`, `message_text`, `is_delivered`, `created_at`, `updated_at`) VALUES (130, 31, 71, 'Impedit aliquid dolore est cumque. Fuga nisi qui dolorem nesciunt. Laboriosam ipsam dolor consequuntur quo aut delectus. Exercitationem rem recusandae architecto magni autem fugiat.', 0, '2014-01-02 07:21:28', '2004-01-28 20:25:54');
INSERT INTO `messages` (`id`, `from_user_id`, `to_user_id`, `message_text`, `is_delivered`, `created_at`, `updated_at`) VALUES (131, 32, 72, 'Sint quibusdam excepturi soluta dolore architecto. Quibusdam quam voluptatem sequi vero quasi excepturi. Et asperiores placeat repellat ipsam rerum. Debitis odit sequi at vitae et.', 0, '2012-09-11 13:36:07', '1979-11-10 14:11:07');
INSERT INTO `messages` (`id`, `from_user_id`, `to_user_id`, `message_text`, `is_delivered`, `created_at`, `updated_at`) VALUES (132, 33, 73, 'Sit officia cumque adipisci qui. Sit atque autem dolores quibusdam. Commodi fugit quod eligendi reiciendis laborum expedita. Alias perferendis qui mollitia quod et iusto excepturi maiores.', 0, '2016-12-06 14:42:53', '1978-03-28 02:43:25');
INSERT INTO `messages` (`id`, `from_user_id`, `to_user_id`, `message_text`, `is_delivered`, `created_at`, `updated_at`) VALUES (133, 34, 74, 'Eligendi minus dolor inventore ipsam quisquam. Officia facilis sit nisi quis omnis in ullam. Ut odit accusamus dolores quo.', 0, '2001-08-14 12:39:34', '1974-08-04 23:09:08');
INSERT INTO `messages` (`id`, `from_user_id`, `to_user_id`, `message_text`, `is_delivered`, `created_at`, `updated_at`) VALUES (134, 35, 75, 'Provident quo voluptatibus occaecati voluptatibus maxime quia sequi. Sint laboriosam corrupti dolores quae vel ea nemo sequi. Dolore enim quia voluptatibus ad. Laboriosam sit atque aut et qui.', 0, '1981-12-15 21:53:58', '1980-06-04 15:53:10');
INSERT INTO `messages` (`id`, `from_user_id`, `to_user_id`, `message_text`, `is_delivered`, `created_at`, `updated_at`) VALUES (135, 36, 76, 'Quis et nam architecto fugit. Eveniet nostrum dolores dicta expedita ullam incidunt voluptatem qui. Aut modi reiciendis ut consequatur eum.', 1, '2015-12-24 22:15:14', '1977-07-03 05:47:29');
INSERT INTO `messages` (`id`, `from_user_id`, `to_user_id`, `message_text`, `is_delivered`, `created_at`, `updated_at`) VALUES (136, 37, 77, 'Ducimus libero nostrum consequuntur sit porro et molestiae quasi. Necessitatibus quia est doloribus mollitia eos. Et dolor aut vel fuga officia.', 0, '2015-01-17 08:47:03', '2011-02-26 14:31:03');
INSERT INTO `messages` (`id`, `from_user_id`, `to_user_id`, `message_text`, `is_delivered`, `created_at`, `updated_at`) VALUES (137, 38, 88, 'Nemo vel eum id laudantium pariatur. Quis quisquam aut delectus nihil quas laboriosam. Voluptatem ut et est optio. Ut expedita mollitia qui perferendis quidem velit optio.', 1, '2019-06-14 00:11:03', '1981-04-04 07:17:19');
INSERT INTO `messages` (`id`, `from_user_id`, `to_user_id`, `message_text`, `is_delivered`, `created_at`, `updated_at`) VALUES (138, 39, 79, 'Reprehenderit earum cumque nihil dolores. Perferendis molestiae earum tenetur molestias. Qui consectetur voluptas suscipit rerum et.', 0, '2015-07-22 12:49:20', '1981-10-10 15:27:22');
INSERT INTO `messages` (`id`, `from_user_id`, `to_user_id`, `message_text`, `is_delivered`, `created_at`, `updated_at`) VALUES (139, 40, 80, 'Mollitia adipisci quam molestias quam. Numquam corporis suscipit qui qui deserunt ipsa voluptas. Sint nostrum enim veritatis autem est rerum sapiente. Labore perspiciatis molestiae sint totam.', 1, '2000-07-07 11:31:35', '1970-05-05 17:14:19');
INSERT INTO `messages` (`id`, `from_user_id`, `to_user_id`, `message_text`, `is_delivered`, `created_at`, `updated_at`) VALUES (140, 41, 81, 'Ut praesentium et dicta suscipit. Quam ut quod eum id sit minus. Voluptatum nam ea et blanditiis accusamus reiciendis fuga. Voluptatem expedita quia dolorem consequuntur molestiae optio officiis doloremque. Id vel animi et est velit sit officiis illo.', 1, '1998-11-06 16:40:54', '2006-12-15 18:50:10');
INSERT INTO `messages` (`id`, `from_user_id`, `to_user_id`, `message_text`, `is_delivered`, `created_at`, `updated_at`) VALUES (141, 42, 82, 'Blanditiis provident quam aperiam ut quibusdam. Assumenda voluptas eveniet dolorem quam et animi. Et aspernatur voluptatum ut explicabo quasi consequatur.', 1, '1994-07-02 10:30:34', '1995-12-24 16:11:25');
INSERT INTO `messages` (`id`, `from_user_id`, `to_user_id`, `message_text`, `is_delivered`, `created_at`, `updated_at`) VALUES (142, 43, 83, 'Magnam perferendis architecto atque ut dolor. Ullam porro quo necessitatibus voluptatum perspiciatis dolor beatae mollitia.', 0, '1979-12-29 12:29:31', '2020-03-17 00:37:40');
INSERT INTO `messages` (`id`, `from_user_id`, `to_user_id`, `message_text`, `is_delivered`, `created_at`, `updated_at`) VALUES (143, 44, 84, 'Officiis iure voluptatum blanditiis et qui. Officiis asperiores est molestiae optio. Tenetur eos quae commodi temporibus maxime provident.', 0, '1979-10-02 12:33:25', '1977-08-12 09:37:51');
INSERT INTO `messages` (`id`, `from_user_id`, `to_user_id`, `message_text`, `is_delivered`, `created_at`, `updated_at`) VALUES (144, 45, 85, 'Expedita natus exercitationem tenetur rem. Magnam in illum sed sed qui officiis. Aut nulla et et et.', 1, '1989-11-01 19:16:15', '2003-06-17 18:55:47');
INSERT INTO `messages` (`id`, `from_user_id`, `to_user_id`, `message_text`, `is_delivered`, `created_at`, `updated_at`) VALUES (145, 46, 86, 'Earum earum corporis distinctio ut. Ducimus reprehenderit vitae aspernatur. Unde saepe vel est commodi nulla minus asperiores. Incidunt voluptatem dolor laboriosam impedit deserunt modi. Et qui consectetur ducimus non sit.', 1, '1972-06-23 04:56:22', '1981-01-18 22:58:05');
INSERT INTO `messages` (`id`, `from_user_id`, `to_user_id`, `message_text`, `is_delivered`, `created_at`, `updated_at`) VALUES (146, 47, 87, 'Laudantium dolor ratione debitis nobis vel. Sit aliquam molestiae voluptatem ut dolor quia. Iure aut sint est sint aperiam ut. Totam repudiandae hic sit eaque est ea quis repellendus.', 0, '1990-01-05 05:16:57', '1990-07-26 13:08:21');
INSERT INTO `messages` (`id`, `from_user_id`, `to_user_id`, `message_text`, `is_delivered`, `created_at`, `updated_at`) VALUES (147, 48, 8, 'Et nulla commodi iure alias. Molestiae voluptas enim officiis quaerat inventore repellendus sint quia. Omnis tempora architecto et aspernatur ut. Quia incidunt magnam impedit mollitia.', 1, '1997-01-03 10:04:30', '2016-06-11 07:05:27');
INSERT INTO `messages` (`id`, `from_user_id`, `to_user_id`, `message_text`, `is_delivered`, `created_at`, `updated_at`) VALUES (148, 49, 89, 'Rem odit cum consequatur sed quia nam quidem. Illo voluptatibus veniam architecto quia sit sapiente debitis. Laudantium vero nostrum magni possimus. Ullam pariatur nobis repellat dolores itaque rerum nihil.', 0, '2018-12-30 11:40:54', '1972-10-08 00:58:46');
INSERT INTO `messages` (`id`, `from_user_id`, `to_user_id`, `message_text`, `is_delivered`, `created_at`, `updated_at`) VALUES (149, 50, 80, 'Accusamus harum exercitationem aut. Rerum sunt sint ea quam voluptas. Ea ex labore cupiditate pariatur.', 1, '1970-08-09 05:11:39', '2007-05-20 06:49:08');
INSERT INTO `messages` (`id`, `from_user_id`, `to_user_id`, `message_text`, `is_delivered`, `created_at`, `updated_at`) VALUES (150, 51, 81, 'Et et id suscipit dicta et in labore cumque. Quibusdam inventore quaerat ea ut animi in voluptatem. Ut quisquam omnis beatae autem itaque voluptatum.', 0, '2017-01-28 05:15:26', '2007-06-17 02:00:58');


#
# TABLE: courses
#
SELECT * FROM department_courses;
INSERT INTO `courses` (`id`, `course_name_id`, `teacher_user_id`, `title`, `description`, `is_visibility`, `created_at`, `updated_at`) VALUES (1, 7, 71, 'Veritatis alias est in debitis incidunt et.', 'Ut quisquam consequatur illum voluptatem beatae accusantium sed. Tenetur debitis amet dolore. Non et labore accusantium sequi. Perferendis voluptate velit et nihil qui. Assumenda sunt expedita animi ab iure nulla aliquam.', 0, '1990-03-16 04:45:27', '2013-03-30 12:03:28');
INSERT INTO `courses` (`id`, `course_name_id`, `teacher_user_id`, `title`, `description`, `is_visibility`, `created_at`, `updated_at`) VALUES (2, 8, 72, 'Ea tenetur consequuntur impedit aliquam et nisi voluptatem quod.', 'Voluptatibus eum similique et recusandae veritatis qui eum. Et sequi fuga quos cum. Dolorem vero distinctio natus ut.', 0, '1973-06-14 20:16:42', '1980-01-17 22:05:45');
INSERT INTO `courses` (`id`, `course_name_id`, `teacher_user_id`, `title`, `description`, `is_visibility`, `created_at`, `updated_at`) VALUES (3, 3, 73, 'Ratione iure sed magni qui tempora.', 'Iure et eius qui. Qui quidem sit accusamus sunt. Ipsa maiores at natus reprehenderit temporibus.', 0, '1990-09-24 00:19:47', '1992-07-01 17:31:31');
INSERT INTO `courses` (`id`, `course_name_id`, `teacher_user_id`, `title`, `description`, `is_visibility`, `created_at`, `updated_at`) VALUES (4, 4, 74, 'Id reiciendis vel nemo totam voluptatum molestiae reiciendis.', 'Qui quaerat corporis consequatur nihil sit repudiandae. Et sit ut voluptate sint ullam ratione quia consequuntur. Nisi necessitatibus soluta doloremque quia repudiandae ex id. Aliquid dolorem veritatis ut blanditiis qui quo.', 1, '2007-11-26 03:35:26', '1996-01-23 02:17:38');
INSERT INTO `courses` (`id`, `course_name_id`, `teacher_user_id`, `title`, `description`, `is_visibility`, `created_at`, `updated_at`) VALUES (5, 5, 75, 'Nulla et sed aut itaque voluptatum minus aperiam.', 'Velit voluptatibus consequatur beatae temporibus esse numquam quae nisi. Earum qui reiciendis inventore sit id eius. Perferendis nihil quod voluptatem ipsum minus ratione.', 0, '2004-10-07 10:37:50', '1998-08-01 11:47:38');
INSERT INTO `courses` (`id`, `course_name_id`, `teacher_user_id`, `title`, `description`, `is_visibility`, `created_at`, `updated_at`) VALUES (6, 6, 76, 'Doloremque reiciendis delectus et impedit.', 'Sapiente similique deleniti ipsum ratione voluptas et placeat. Voluptatem ratione aut ad quia ut et. Quia odio quidem eum eligendi aperiam et nulla. Soluta amet et repudiandae sequi minus alias nam ad.', 0, '1993-01-23 13:08:23', '1983-09-05 14:13:39');
INSERT INTO `courses` (`id`, `course_name_id`, `teacher_user_id`, `title`, `description`, `is_visibility`, `created_at`, `updated_at`) VALUES (7, 7, 77, 'Rem ut enim sunt quo earum earum et.', 'Temporibus quos commodi et ut maiores et. Iste exercitationem sed id et doloribus corrupti consequatur. Voluptas excepturi repellendus magnam sunt odio sit corporis. Suscipit eius omnis ad cupiditate. Velit iste molestias explicabo aut eos quisquam ducimus.', 1, '1996-09-10 12:53:50', '2007-07-31 23:43:29');
INSERT INTO `courses` (`id`, `course_name_id`, `teacher_user_id`, `title`, `description`, `is_visibility`, `created_at`, `updated_at`) VALUES (8, 8, 78, 'Ipsa alias dicta unde velit magnam facere sit.', 'Aut aperiam incidunt nesciunt et aut illum quia. Fugiat qui distinctio ut officiis in tempore aliquam. Nulla a necessitatibus sed eligendi quia velit. Dolores ea voluptatem dolorem pariatur voluptatem suscipit consectetur reiciendis.', 0, '2000-10-07 19:31:36', '2015-11-09 01:45:20');
INSERT INTO `courses` (`id`, `course_name_id`, `teacher_user_id`, `title`, `description`, `is_visibility`, `created_at`, `updated_at`) VALUES (9, 3, 79, 'Voluptas vel ipsam velit fugit.', 'Autem a veniam minima beatae eligendi. Numquam est dolor sequi optio aut velit nobis. Sit omnis non rem dolor expedita non. Assumenda laborum suscipit consequatur quia eum itaque sed sint.', 0, '1983-07-26 21:18:44', '2000-11-25 21:12:44');
INSERT INTO `courses` (`id`, `course_name_id`, `teacher_user_id`, `title`, `description`, `is_visibility`, `created_at`, `updated_at`) VALUES (10, 4, 80, 'Ipsam porro ut earum ab ut maxime et.', 'Voluptatibus voluptatem libero ut eum provident. Eaque soluta iure tempore porro ab. In eos ut labore quia debitis vel iste.', 0, '1981-10-28 04:59:27', '1989-06-12 08:52:07');
INSERT INTO `courses` (`id`, `course_name_id`, `teacher_user_id`, `title`, `description`, `is_visibility`, `created_at`, `updated_at`) VALUES (11, 5, 81, 'Temporibus doloremque dolorem vero dolorem placeat.', 'Illo sed voluptates recusandae. Sequi quis perferendis veniam. Est voluptatem est beatae quo tenetur temporibus. Eligendi velit quis aperiam expedita at ex.', 0, '1974-04-20 18:42:37', '1972-11-27 18:44:20');
INSERT INTO `courses` (`id`, `course_name_id`, `teacher_user_id`, `title`, `description`, `is_visibility`, `created_at`, `updated_at`) VALUES (12, 6, 82, 'Aut rerum ullam exercitationem inventore facilis aliquam voluptas ea.', 'Et veritatis ipsum nam impedit et architecto. At facere sunt eum consectetur est ut esse. Ut ex in quod rerum sunt cum ipsa sunt. Ad accusamus consectetur est quidem est dolores ipsam.', 1, '1989-11-26 07:27:16', '1985-07-22 20:40:26');
INSERT INTO `courses` (`id`, `course_name_id`, `teacher_user_id`, `title`, `description`, `is_visibility`, `created_at`, `updated_at`) VALUES (13, 7, 83, 'Quaerat in officiis quibusdam consequuntur dolores occaecati.', 'Error magni quos corrupti dolorem ex sed sint. Possimus nihil est cum voluptatum odit. Necessitatibus non asperiores et voluptates pariatur. Deleniti corrupti et quia veniam.', 0, '2011-09-30 19:26:33', '2016-04-16 06:19:24');
INSERT INTO `courses` (`id`, `course_name_id`, `teacher_user_id`, `title`, `description`, `is_visibility`, `created_at`, `updated_at`) VALUES (14, 8, 84, 'Distinctio dolorem quae sunt expedita veritatis ut id.', 'Error et unde dolores quia facilis. Aut reiciendis quo et ipsum ut repellat ea. Perferendis quia alias rerum quia voluptates sunt qui.', 1, '1979-09-02 19:32:23', '1990-05-12 04:32:24');
INSERT INTO `courses` (`id`, `course_name_id`, `teacher_user_id`, `title`, `description`, `is_visibility`, `created_at`, `updated_at`) VALUES (15, 3, 85, 'Eligendi et aspernatur fugiat neque ipsa.', 'Eum assumenda corporis dicta. Iste quidem nostrum nemo neque quidem. Soluta velit quia a soluta. Sed nulla voluptatem quam deserunt est accusantium tenetur.', 1, '1998-06-29 04:37:46', '1995-10-28 01:54:42');
INSERT INTO `courses` (`id`, `course_name_id`, `teacher_user_id`, `title`, `description`, `is_visibility`, `created_at`, `updated_at`) VALUES (16, 4, 86, 'Est veniam ea voluptas qui autem tenetur quibusdam.', 'Quaerat dignissimos nulla nostrum nostrum ex. Nisi nihil aut asperiores qui consectetur non. Quas unde vel incidunt autem vero libero. Aut est dolorum maiores ipsa soluta atque nihil.', 0, '2021-07-26 12:59:21', '2007-05-29 10:54:38');
INSERT INTO `courses` (`id`, `course_name_id`, `teacher_user_id`, `title`, `description`, `is_visibility`, `created_at`, `updated_at`) VALUES (17, 5, 87, 'Dolore quasi ut voluptates quo et iure eligendi.', 'Non at repudiandae id sint voluptatem culpa. Quaerat perferendis accusantium ducimus. Ex sunt consequatur cum maiores aut exercitationem laborum sit. Eligendi reiciendis et voluptas ea et et.', 1, '1997-05-14 03:14:11', '2017-04-15 02:57:24');
INSERT INTO `courses` (`id`, `course_name_id`, `teacher_user_id`, `title`, `description`, `is_visibility`, `created_at`, `updated_at`) VALUES (18, 6, 88, 'Voluptatem optio inventore dolorem consequatur placeat dolores.', 'Nobis voluptas totam dolorem reprehenderit delectus. Omnis quo temporibus optio. At sunt voluptas ducimus hic sed tempora. Aliquam quam consequatur rerum.', 0, '1981-06-06 07:33:19', '2021-05-05 17:51:15');
INSERT INTO `courses` (`id`, `course_name_id`, `teacher_user_id`, `title`, `description`, `is_visibility`, `created_at`, `updated_at`) VALUES (19, 8, 89, 'Sunt ut modi voluptatum sit officiis minus velit.', 'Aut sunt porro consequuntur dolorem omnis. Quibusdam deleniti inventore aspernatur ullam doloribus. Ex aliquid et ea aut rerum dignissimos praesentium reprehenderit. Perspiciatis iure consequatur enim.', 0, '2008-03-06 14:56:28', '1995-08-30 20:56:00');
INSERT INTO `courses` (`id`, `course_name_id`, `teacher_user_id`, `title`, `description`, `is_visibility`, `created_at`, `updated_at`) VALUES (20, 7, 90, 'Ut impedit provident accusamus odit nihil nesciunt eos.', 'Doloremque aut ut ut quas rerum cumque. Fugiat et officia eum. Tempora est ut accusantium mollitia.', 1, '2002-07-28 11:42:10', '2016-08-11 06:40:37');
INSERT INTO `courses` (`id`, `course_name_id`, `teacher_user_id`, `title`, `description`, `is_visibility`, `created_at`, `updated_at`) VALUES (21, 3, 91, 'Est voluptatum sed minima itaque.', 'Eum mollitia dolores inventore rem eos eligendi. Corporis voluptatibus nisi temporibus animi. Nihil at at porro eum. Aspernatur illum aut sapiente distinctio eveniet perferendis.', 0, '1997-07-03 05:06:57', '1973-05-13 03:03:34');
INSERT INTO `courses` (`id`, `course_name_id`, `teacher_user_id`, `title`, `description`, `is_visibility`, `created_at`, `updated_at`) VALUES (22, 4, 92, 'Velit sequi non atque qui perferendis.', 'Debitis amet quia ea illum rerum exercitationem voluptas. Voluptatem necessitatibus ut consequatur. Inventore molestiae numquam non veniam a sit qui est.', 0, '2013-03-02 22:48:09', '1987-06-07 06:25:06');
INSERT INTO `courses` (`id`, `course_name_id`, `teacher_user_id`, `title`, `description`, `is_visibility`, `created_at`, `updated_at`) VALUES (23, 5, 93, 'Perspiciatis facilis qui id in atque blanditiis animi pariatur.', 'Cum voluptatem qui excepturi odio eum unde et qui. Quasi incidunt sed tempora et. Earum aspernatur architecto aut saepe non ut.', 0, '1983-10-18 15:27:22', '2015-08-09 19:20:36');
INSERT INTO `courses` (`id`, `course_name_id`, `teacher_user_id`, `title`, `description`, `is_visibility`, `created_at`, `updated_at`) VALUES (24, 6, 94, 'Quod voluptas sit et culpa velit accusamus.', 'Et porro rerum mollitia mollitia dolor possimus a quos. Quibusdam placeat fugiat accusantium laboriosam repudiandae natus est. Qui ea molestiae doloribus.', 0, '1971-04-22 15:31:47', '2008-07-17 05:13:15');
INSERT INTO `courses` (`id`, `course_name_id`, `teacher_user_id`, `title`, `description`, `is_visibility`, `created_at`, `updated_at`) VALUES (25, 8, 85, 'Fugit tempora recusandae quam natus ad.', 'Rerum eligendi mollitia qui eum illum deserunt. Atque consequuntur quasi non quo. Molestias similique et fugit ea autem iure. Praesentium sit molestias sit omnis iusto qui.', 0, '1986-06-25 17:41:22', '2006-03-28 19:12:24');
INSERT INTO `courses` (`id`, `course_name_id`, `teacher_user_id`, `title`, `description`, `is_visibility`, `created_at`, `updated_at`) VALUES (26, 7, 86, 'Ipsam unde dicta unde sequi illum.', 'Autem doloremque maxime perferendis. Voluptatem sit inventore vitae excepturi. Nobis hic eaque molestias culpa. Blanditiis nihil delectus velit cumque placeat eaque. Voluptates nisi et facilis porro et.', 0, '1997-09-20 20:06:34', '2006-03-25 02:23:15');
INSERT INTO `courses` (`id`, `course_name_id`, `teacher_user_id`, `title`, `description`, `is_visibility`, `created_at`, `updated_at`) VALUES (27, 3, 87, 'Debitis ea sit ratione vero laborum.', 'Beatae dolor quod rerum at laudantium ab. Ut quisquam est aliquid est dicta quibusdam dolores maiores.', 1, '1970-08-10 21:18:50', '1970-11-27 23:26:29');
INSERT INTO `courses` (`id`, `course_name_id`, `teacher_user_id`, `title`, `description`, `is_visibility`, `created_at`, `updated_at`) VALUES (28, 4, 78, 'Nemo quisquam voluptatem dolor quia dolorum eos recusandae.', 'Qui qui adipisci fugiat quia dolores quo et enim. Est aspernatur laboriosam delectus. Dolorem reiciendis illum alias ea voluptatem vel officiis. Ut modi itaque a accusamus eveniet culpa qui.', 1, '2008-02-26 13:51:37', '1981-04-29 16:48:51');
INSERT INTO `courses` (`id`, `course_name_id`, `teacher_user_id`, `title`, `description`, `is_visibility`, `created_at`, `updated_at`) VALUES (29, 5, 79, 'Molestias sint officia repudiandae facilis at.', 'Accusamus exercitationem sint doloribus rerum expedita. Sapiente laborum mollitia cum molestiae.', 0, '1988-07-31 10:13:38', '1989-03-08 21:53:42');
INSERT INTO `courses` (`id`, `course_name_id`, `teacher_user_id`, `title`, `description`, `is_visibility`, `created_at`, `updated_at`) VALUES (30, 6, 80, 'Beatae ipsam tenetur omnis hic dolores nostrum laborum.', 'Facilis eos ut repellendus expedita ut harum doloribus. Unde modi ea nisi ad omnis qui magni. Blanditiis numquam omnis recusandae molestias laudantium accusantium.', 1, '1977-09-25 17:09:56', '2014-12-01 14:58:15');
INSERT INTO `courses` (`id`, `course_name_id`, `teacher_user_id`, `title`, `description`, `is_visibility`, `created_at`, `updated_at`) VALUES (33, 6, 30, 'Beatae ipsam tenetur omnis hic dolores nostrum laborum.', 'Facilis eos ut repellendus expedita ut harum doloribus. Unde modi ea nisi ad omnis qui magni. Blanditiis numquam omnis recusandae molestias laudantium accusantium.', 1, '1977-09-25 17:09:56', '2014-12-01 14:58:15'); -- триггер
UPDATE courses  SET `teacher_user_id` = 80 WHERE id=31;
UPDATE courses  SET `teacher_user_id` = 88 WHERE id=32;


#
# TABLE: lessons
#

INSERT INTO `lessons` (`id`, `course_id`, `title`, `description`, `is_visibility`, `created_at`, `updated_at`) VALUES (1, 1, 'Minima et qui odit.', 'Numquam dolorum placeat reiciendis quibusdam. Numquam sapiente vel quia. Provident id ducimus itaque iste a aut.', 0, '1985-11-20 01:04:49', '2009-06-13 23:14:29');
INSERT INTO `lessons` (`id`, `course_id`, `title`, `description`, `is_visibility`, `created_at`, `updated_at`) VALUES (2, 2, 'Cupiditate minima quaerat sunt iure placeat unde.', 'Quasi tempore veritatis sint eaque quo hic eaque veniam. Libero in quia animi illum explicabo. Id eum quidem autem illo. Veritatis molestiae sit corporis pariatur reiciendis autem.', 0, '2013-10-02 13:32:05', '1994-01-21 20:28:35');
INSERT INTO `lessons` (`id`, `course_id`, `title`, `description`, `is_visibility`, `created_at`, `updated_at`) VALUES (3, 3, 'Eaque placeat quas voluptas labore.', 'Iure est ipsam omnis impedit voluptatum nihil quas voluptatem. Omnis tempora harum perspiciatis libero ducimus voluptatem voluptatem. Autem non eos labore eos quibusdam.', 0, '2021-04-23 13:06:15', '2004-01-12 12:59:36');
INSERT INTO `lessons` (`id`, `course_id`, `title`, `description`, `is_visibility`, `created_at`, `updated_at`) VALUES (4, 4, 'Soluta quo explicabo fugit corporis maiores ut quam voluptas.', 'Minus laboriosam ut est pariatur et. Quo doloremque perferendis ut accusantium perferendis dignissimos occaecati. Ab dolores eos et aut.', 0, '1981-06-10 12:59:02', '1989-01-13 01:18:17');
INSERT INTO `lessons` (`id`, `course_id`, `title`, `description`, `is_visibility`, `created_at`, `updated_at`) VALUES (5, 5, 'Minus temporibus in officiis sequi.', 'Et aut laudantium dignissimos odio. Laboriosam sed fugiat facilis omnis iusto porro aut. Perferendis sed cumque voluptatibus qui explicabo.', 1, '1989-06-09 13:21:23', '1997-07-04 18:09:20');
INSERT INTO `lessons` (`id`, `course_id`, `title`, `description`, `is_visibility`, `created_at`, `updated_at`) VALUES (6, 6, 'Et dolor officiis eveniet praesentium.', 'Sequi consequuntur inventore rerum omnis. Esse et sit ea sit autem sint magnam. Quas quod qui mollitia. Reiciendis blanditiis velit cumque quo dicta reiciendis.', 1, '1994-12-12 17:15:09', '2003-10-18 18:14:12');
INSERT INTO `lessons` (`id`, `course_id`, `title`, `description`, `is_visibility`, `created_at`, `updated_at`) VALUES (7, 7, 'Laborum voluptatem autem voluptatem vel rerum saepe omnis.', 'Voluptatem sed repellat architecto hic. Sed ut vel minus.', 1, '1982-10-08 22:30:33', '1978-03-20 16:58:40');
INSERT INTO `lessons` (`id`, `course_id`, `title`, `description`, `is_visibility`, `created_at`, `updated_at`) VALUES (8, 8, 'Rerum architecto ut enim dicta perspiciatis repellat nulla.', 'Nesciunt et quas ea voluptatibus velit reprehenderit. Sunt officiis doloribus dignissimos repellat rerum.', 1, '2013-09-24 21:20:34', '2015-03-21 14:11:00');
INSERT INTO `lessons` (`id`, `course_id`, `title`, `description`, `is_visibility`, `created_at`, `updated_at`) VALUES (9, 9, 'Omnis aliquam tempora magni quo qui tenetur at.', 'Nobis omnis aut necessitatibus quasi eum. Quod dolore reprehenderit vitae laborum numquam. Dolores earum saepe dicta vitae.', 1, '1988-09-17 09:42:16', '2019-10-06 18:13:26');
INSERT INTO `lessons` (`id`, `course_id`, `title`, `description`, `is_visibility`, `created_at`, `updated_at`) VALUES (10, 10, 'Est qui reiciendis sunt.', 'Quasi voluptatem qui sunt veniam inventore repudiandae dolorem. Corrupti veniam et ipsum voluptate reprehenderit ut. Rerum nihil fugit ab voluptatibus dolorem impedit cupiditate.', 0, '2020-06-04 18:13:24', '2021-04-13 14:11:32');
INSERT INTO `lessons` (`id`, `course_id`, `title`, `description`, `is_visibility`, `created_at`, `updated_at`) VALUES (11, 11, 'Doloremque aut autem explicabo iusto tempore rerum libero.', 'Perspiciatis aut eaque sunt enim doloribus quisquam neque. Aut maxime harum aut assumenda dolores nesciunt. Vel sint sint et. Autem quia ratione distinctio nisi possimus.', 0, '2017-12-20 20:15:14', '2004-01-19 00:29:07');
INSERT INTO `lessons` (`id`, `course_id`, `title`, `description`, `is_visibility`, `created_at`, `updated_at`) VALUES (12, 12, 'Praesentium soluta dolorem aut rem dolorum qui est.', 'Dolor harum in adipisci nisi quia eveniet animi repudiandae. Dolores dolorem dicta quos rerum aliquam animi.', 0, '2013-01-05 09:00:20', '2009-05-08 09:37:53');
INSERT INTO `lessons` (`id`, `course_id`, `title`, `description`, `is_visibility`, `created_at`, `updated_at`) VALUES (13, 13, 'Neque et dolores voluptate.', 'Ut nihil molestiae provident illum neque. Qui sed ea sunt velit maiores cumque atque. Provident id consequuntur odit omnis inventore. Non maiores ut qui accusamus eum ex.', 1, '1972-01-05 08:08:39', '2002-01-26 04:38:24');
INSERT INTO `lessons` (`id`, `course_id`, `title`, `description`, `is_visibility`, `created_at`, `updated_at`) VALUES (14, 14, 'Exercitationem accusantium perferendis illo.', 'Sint molestiae ad cupiditate ullam eveniet. Commodi eaque quo illum tempora tenetur. Tenetur et est nisi. Dolor et aut deleniti perferendis sed quos officiis. Dignissimos suscipit nihil quod veniam blanditiis maxime.', 1, '2012-03-13 00:03:57', '2004-07-29 23:13:49');
INSERT INTO `lessons` (`id`, `course_id`, `title`, `description`, `is_visibility`, `created_at`, `updated_at`) VALUES (15, 15, 'Asperiores repellendus eaque ut nostrum non.', 'Beatae dolorum qui et sed id magni praesentium. Maiores recusandae natus voluptatibus cupiditate. Minus unde voluptas maiores animi quia vel rem fugit. Molestias expedita id temporibus tempora. Dolor illo aliquid quo neque deleniti aliquid velit exercitationem.', 1, '1988-09-28 11:09:51', '1985-05-04 22:02:17');
INSERT INTO `lessons` (`id`, `course_id`, `title`, `description`, `is_visibility`, `created_at`, `updated_at`) VALUES (16, 16, 'In rerum ut saepe molestiae delectus atque sint.', 'Quisquam laborum dolor quia dolore quia. Eum sed id ad. Qui omnis error ut eos veniam et. Eveniet cumque assumenda quidem commodi non.', 1, '1982-01-26 02:03:05', '1986-10-01 00:26:42');
INSERT INTO `lessons` (`id`, `course_id`, `title`, `description`, `is_visibility`, `created_at`, `updated_at`) VALUES (17, 17, 'Corporis excepturi architecto placeat porro consectetur enim.', 'Et qui labore aliquam. Aut itaque et corrupti aliquam voluptate quod aut. Tempora et eum consequatur eum aut ad.', 1, '1974-09-25 21:03:29', '2017-01-10 16:43:40');
INSERT INTO `lessons` (`id`, `course_id`, `title`, `description`, `is_visibility`, `created_at`, `updated_at`) VALUES (18, 18, 'Sint distinctio aut illo labore commodi tempora.', 'In voluptatem aut tenetur. Est corporis corporis tempora repellat rerum quis. Repellat voluptatem quisquam qui ratione. Nulla sed corrupti enim beatae ut in.', 0, '2020-02-02 21:38:59', '1970-10-10 18:33:20');
INSERT INTO `lessons` (`id`, `course_id`, `title`, `description`, `is_visibility`, `created_at`, `updated_at`) VALUES (19, 19, 'Laborum rem provident eaque ea.', 'Sunt totam sed sed expedita est eveniet quia. Architecto autem eum repellat tenetur asperiores illo sit. Quia dolorem qui dolorum at consequatur.', 0, '2016-09-15 10:05:02', '1970-02-19 21:26:30');
INSERT INTO `lessons` (`id`, `course_id`, `title`, `description`, `is_visibility`, `created_at`, `updated_at`) VALUES (20, 20, 'Minima vel molestiae quia optio officia iusto aut.', 'Qui voluptatem dignissimos sit esse maiores quo optio. Aut rerum libero exercitationem ratione eveniet quasi. Sapiente repudiandae dolores maiores praesentium fugiat esse asperiores.', 1, '2017-10-15 05:52:50', '1977-10-19 22:39:42');
INSERT INTO `lessons` (`id`, `course_id`, `title`, `description`, `is_visibility`, `created_at`, `updated_at`) VALUES (21, 21, 'Quod nam quo optio aliquid tempora quia provident non.', 'Eos aut dolore aut et quo praesentium dolorum. Quo provident sint aut explicabo ad nihil incidunt. Doloremque molestiae nulla corrupti blanditiis. Quaerat quod sint placeat dolorem. Et eveniet quia amet asperiores.', 1, '1971-06-08 05:44:40', '2006-12-29 07:30:08');
INSERT INTO `lessons` (`id`, `course_id`, `title`, `description`, `is_visibility`, `created_at`, `updated_at`) VALUES (22, 22, 'Quae neque deserunt vitae minima dolorem alias sint quos.', 'Iure vitae nisi architecto consequuntur accusantium. Quis sed dolor dolores ut deleniti. Aut ut minus voluptatem iure impedit sint illum. Esse quis et laborum fugit.', 1, '2021-05-19 06:42:48', '2014-11-28 01:26:12');
INSERT INTO `lessons` (`id`, `course_id`, `title`, `description`, `is_visibility`, `created_at`, `updated_at`) VALUES (23, 23, 'Quo aspernatur reprehenderit debitis.', 'Minima pariatur est eveniet et. Doloremque earum veritatis quis quaerat. Repellat quis in delectus laudantium.', 1, '2007-06-05 23:37:09', '1980-05-25 16:29:58');
INSERT INTO `lessons` (`id`, `course_id`, `title`, `description`, `is_visibility`, `created_at`, `updated_at`) VALUES (24, 24, 'Qui nihil velit quidem aut fugit officia.', 'Quisquam sed atque eius qui. Voluptate quia enim natus perspiciatis qui pariatur odio doloremque. Voluptas blanditiis dignissimos quia modi dolores.', 1, '1973-09-11 02:39:41', '1972-06-17 09:11:46');
INSERT INTO `lessons` (`id`, `course_id`, `title`, `description`, `is_visibility`, `created_at`, `updated_at`) VALUES (25, 25, 'Est voluptatum consectetur vero debitis autem deserunt voluptatum.', 'Natus eius repellendus maxime aut. Dolore suscipit sed doloribus perferendis sequi ipsam. Sequi et dolore in adipisci dolorem molestias et. Possimus velit assumenda dolorem vel voluptas voluptatem quia.', 1, '1997-07-29 04:28:11', '1981-05-30 04:55:05');
INSERT INTO `lessons` (`id`, `course_id`, `title`, `description`, `is_visibility`, `created_at`, `updated_at`) VALUES (26, 26, 'In sed voluptas consequuntur cupiditate at quia vel.', 'Aut delectus nihil provident impedit. Beatae quam recusandae quam aperiam. Sit corrupti nihil voluptatem id. Quos odio ipsa quidem est possimus quisquam.', 0, '1995-02-10 04:03:09', '1997-07-31 23:42:22');
INSERT INTO `lessons` (`id`, `course_id`, `title`, `description`, `is_visibility`, `created_at`, `updated_at`) VALUES (27, 27, 'Omnis eaque molestias ut alias aperiam voluptatem molestias.', 'Natus nesciunt voluptatem commodi voluptas et error. Alias natus nesciunt dolore harum ut reprehenderit est. Ipsum magni dignissimos nihil et voluptas sed.', 0, '2012-01-14 19:22:24', '1995-05-23 18:58:57');
INSERT INTO `lessons` (`id`, `course_id`, `title`, `description`, `is_visibility`, `created_at`, `updated_at`) VALUES (28, 28, 'Distinctio odit et adipisci voluptatem soluta.', 'Inventore corrupti consequatur libero et voluptatem quod. Et iusto voluptatum qui provident et omnis aut. Dignissimos et esse illo et.', 0, '2006-11-10 15:17:55', '2017-11-16 03:34:16');
INSERT INTO `lessons` (`id`, `course_id`, `title`, `description`, `is_visibility`, `created_at`, `updated_at`) VALUES (29, 29, 'Exercitationem in qui ipsa et consequatur.', 'Doloribus fugiat quisquam explicabo consequatur perferendis qui quod. Sit unde dignissimos et velit cum vitae quod ullam. Sit consequatur excepturi doloremque nobis.', 1, '1994-06-19 09:58:49', '1978-08-09 10:53:37');
INSERT INTO `lessons` (`id`, `course_id`, `title`, `description`, `is_visibility`, `created_at`, `updated_at`) VALUES (30, 30, 'Eos facere culpa natus modi fuga.', 'Velit doloribus expedita et quibusdam. Quia exercitationem minima consequatur reiciendis et accusantium unde. Culpa enim quas consequatur quidem.', 0, '1972-12-28 03:10:33', '1975-07-23 00:17:21');
INSERT INTO `lessons` (`id`, `course_id`, `title`, `description`, `is_visibility`, `created_at`, `updated_at`) VALUES (31, 1, 'Optio perferendis ratione alias doloremque.', 'Ipsum voluptatem quo nulla voluptatem ullam sunt. Sed quo provident facilis eos. Voluptatem occaecati suscipit tenetur nostrum enim non.', 1, '1977-07-30 16:50:16', '1972-11-30 22:28:30');
INSERT INTO `lessons` (`id`, `course_id`, `title`, `description`, `is_visibility`, `created_at`, `updated_at`) VALUES (32, 2, 'Sit dolorem enim qui blanditiis libero laborum.', 'Dignissimos quas iusto placeat amet cumque soluta minima. A nesciunt iusto ut voluptas nesciunt officiis.', 0, '1988-10-31 19:48:13', '2001-05-16 17:16:42');
INSERT INTO `lessons` (`id`, `course_id`, `title`, `description`, `is_visibility`, `created_at`, `updated_at`) VALUES (33, 3, 'Vitae perferendis amet excepturi repellendus quis eius ut aliquid.', 'Nesciunt et illum nisi fuga tenetur. Et in corrupti ut impedit in. Mollitia est adipisci amet qui.', 1, '2016-12-16 20:20:20', '1983-10-25 14:27:30');
INSERT INTO `lessons` (`id`, `course_id`, `title`, `description`, `is_visibility`, `created_at`, `updated_at`) VALUES (34, 4, 'Temporibus consequatur dolorum est voluptatem aspernatur a dolorem repellendus.', 'Ea sequi et qui voluptatem quo reiciendis. Tempora in quisquam magnam voluptas qui tempora.', 1, '2014-06-03 06:15:50', '1979-11-19 11:45:50');
INSERT INTO `lessons` (`id`, `course_id`, `title`, `description`, `is_visibility`, `created_at`, `updated_at`) VALUES (35, 5, 'Debitis nemo molestias fuga accusantium.', 'Eius quia nisi fuga hic excepturi corporis animi quo. Natus harum qui eaque qui perspiciatis molestiae. Unde molestias eum enim.', 1, '1986-06-08 23:49:58', '1972-11-04 04:00:43');
INSERT INTO `lessons` (`id`, `course_id`, `title`, `description`, `is_visibility`, `created_at`, `updated_at`) VALUES (36, 6, 'Magnam dolores et labore ipsa eveniet saepe et sed.', 'Voluptas ut itaque id eaque veniam itaque. Voluptatibus odio ut doloribus. Et quia vitae eum eos vel. Et unde quaerat et eum eum et.', 0, '2006-02-17 11:33:55', '1991-02-04 20:00:15');
INSERT INTO `lessons` (`id`, `course_id`, `title`, `description`, `is_visibility`, `created_at`, `updated_at`) VALUES (37, 7, 'Quaerat qui harum repellendus delectus ut unde dolorem.', 'Debitis quos enim amet non reiciendis modi consequatur. Recusandae illo rerum optio dolores nihil. Ab ea non voluptate molestiae.', 1, '1983-01-10 17:23:41', '2003-09-24 08:06:43');
INSERT INTO `lessons` (`id`, `course_id`, `title`, `description`, `is_visibility`, `created_at`, `updated_at`) VALUES (38, 8, 'Quia quia iure omnis et in quae.', 'Odit molestiae id minus eos eum porro. Voluptatum non deserunt et exercitationem porro dolores architecto qui. Officia autem sapiente voluptatum ipsa totam.', 1, '2006-09-16 13:50:06', '2004-07-07 13:41:50');
INSERT INTO `lessons` (`id`, `course_id`, `title`, `description`, `is_visibility`, `created_at`, `updated_at`) VALUES (39, 9, 'Ipsam dolorem accusamus ut ea id et nemo aliquid.', 'Occaecati nam iste architecto quod rerum voluptas. Consectetur et et accusamus aut blanditiis explicabo cumque. Cupiditate incidunt reprehenderit natus perferendis iure. Quae commodi aut dolores ducimus officia sapiente quia numquam.', 0, '2017-12-07 11:53:35', '1998-10-02 12:43:01');
INSERT INTO `lessons` (`id`, `course_id`, `title`, `description`, `is_visibility`, `created_at`, `updated_at`) VALUES (40, 10, 'Ut veniam tenetur et ut.', 'Laborum quas sapiente repudiandae quis aut et. Quia tempora veritatis voluptatibus. Quaerat deleniti ducimus delectus itaque. Ducimus quos quidem eveniet suscipit veniam expedita excepturi. Ut ea ex autem est.', 0, '2003-10-17 10:36:59', '1997-11-13 19:58:48');
INSERT INTO `lessons` (`id`, `course_id`, `title`, `description`, `is_visibility`, `created_at`, `updated_at`) VALUES (41, 11, 'Voluptas qui mollitia ut voluptas.', 'Enim est dolore rerum rerum voluptatem ratione praesentium. Odit ut et et id dolorem. Veritatis possimus voluptatem sed assumenda fugiat nostrum. Exercitationem officia qui ut nam vel.', 1, '2001-03-22 22:26:03', '1973-03-01 18:37:38');
INSERT INTO `lessons` (`id`, `course_id`, `title`, `description`, `is_visibility`, `created_at`, `updated_at`) VALUES (42, 12, 'Veritatis neque sed quibusdam voluptatibus dolor consectetur.', 'Sapiente quis accusamus atque. Sunt odio saepe eius eveniet aut itaque dicta. Eaque necessitatibus exercitationem eius et at maiores. Repellat sit assumenda nostrum nemo dolorem voluptates temporibus.', 1, '1974-08-05 14:17:29', '1985-03-04 08:24:23');
INSERT INTO `lessons` (`id`, `course_id`, `title`, `description`, `is_visibility`, `created_at`, `updated_at`) VALUES (43, 13, 'Dolorum enim veniam necessitatibus quo consequuntur officia.', 'Consequatur labore id minima id nihil quam. Reprehenderit pariatur rerum est rerum. Odit et voluptatum aut corrupti perspiciatis. Blanditiis deserunt et placeat similique.', 1, '1986-12-29 11:41:54', '2018-11-09 19:39:49');
INSERT INTO `lessons` (`id`, `course_id`, `title`, `description`, `is_visibility`, `created_at`, `updated_at`) VALUES (44, 14, 'Consequatur quo labore aut hic.', 'Et eaque voluptas sit pariatur sit ut. Temporibus nulla minus veniam similique nulla alias autem. Qui aut officia magnam tempora autem. Quasi minima ut nobis quo cumque architecto eveniet.', 1, '2008-03-24 07:45:06', '2003-10-14 07:42:35');
INSERT INTO `lessons` (`id`, `course_id`, `title`, `description`, `is_visibility`, `created_at`, `updated_at`) VALUES (45, 15, 'Pariatur rerum ea consequuntur illo voluptates.', 'Quam ipsum dolores reprehenderit culpa ipsum assumenda nesciunt. Quaerat doloribus atque est est aspernatur non. Dolor ut et error est in quod quis. Quia ratione voluptatem pariatur et illum totam quia.', 0, '1982-09-09 01:18:59', '1996-07-06 13:40:18');
INSERT INTO `lessons` (`id`, `course_id`, `title`, `description`, `is_visibility`, `created_at`, `updated_at`) VALUES (46, 16, 'Nesciunt sint maxime nulla fugiat aperiam molestiae.', 'Doloribus autem qui aspernatur ipsa. Quasi ut ut inventore dolor modi. Aut deserunt voluptatibus autem. Quis modi nobis reiciendis voluptas at.', 1, '1983-06-07 09:00:18', '2006-01-02 23:03:27');
INSERT INTO `lessons` (`id`, `course_id`, `title`, `description`, `is_visibility`, `created_at`, `updated_at`) VALUES (47, 17, 'Distinctio labore facere neque.', 'Rerum vel nulla consequatur et excepturi deleniti beatae. Dolorem officia ullam aut. Hic maxime non nam et. Voluptates debitis est quasi qui neque excepturi iure.', 1, '2013-09-01 19:04:08', '1977-12-20 07:53:10');
INSERT INTO `lessons` (`id`, `course_id`, `title`, `description`, `is_visibility`, `created_at`, `updated_at`) VALUES (48, 18, 'Aut quaerat aperiam esse amet.', 'Natus voluptate et consequatur voluptates temporibus. Perspiciatis alias nisi nihil ut. Nobis adipisci quidem sint omnis cumque.', 1, '2000-07-15 14:48:42', '1974-03-17 00:18:29');
INSERT INTO `lessons` (`id`, `course_id`, `title`, `description`, `is_visibility`, `created_at`, `updated_at`) VALUES (49, 19, 'Doloribus rem dolores aliquam.', 'Sit consequatur vel cupiditate consequatur ut nihil. Voluptatum quo distinctio dolor delectus tempore. Occaecati magni voluptate sit vero commodi qui.', 0, '1997-02-11 06:53:15', '2016-04-05 16:45:02');
INSERT INTO `lessons` (`id`, `course_id`, `title`, `description`, `is_visibility`, `created_at`, `updated_at`) VALUES (50, 20, 'Velit aliquam alias est voluptatum dignissimos quasi.', 'Odit ut ex vel assumenda ut similique. Qui quaerat deserunt ea a non non. At in est consequatur.', 0, '2004-02-08 14:40:44', '2018-11-18 00:13:09');
INSERT INTO `lessons` (`id`, `course_id`, `title`, `description`, `is_visibility`, `created_at`, `updated_at`) VALUES (51, 1, 'Numquam provident illum et nam ad beatae sed.', 'Ipsa in eum sit placeat dolorum tempore. Autem aspernatur unde numquam facilis dolor tenetur quos. Consequatur repudiandae temporibus consequatur repudiandae.', 1, '1971-05-29 02:16:03', '1972-11-17 18:54:22');
INSERT INTO `lessons` (`id`, `course_id`, `title`, `description`, `is_visibility`, `created_at`, `updated_at`) VALUES (52, 2, 'Quibusdam ut dicta mollitia aspernatur.', 'Fugit veniam dolorem veritatis cumque ipsam. Quo commodi cupiditate impedit et incidunt. Autem sed aut ad accusantium minus voluptate vel optio. Nesciunt ipsum consequatur dolore inventore sed amet.', 1, '1991-06-23 20:42:13', '2013-03-19 00:17:30');
INSERT INTO `lessons` (`id`, `course_id`, `title`, `description`, `is_visibility`, `created_at`, `updated_at`) VALUES (53, 3, 'Necessitatibus suscipit ex a qui et qui tenetur.', 'Velit pariatur ex alias voluptas necessitatibus recusandae laborum. Sit nobis voluptatem voluptates animi quas vitae.', 0, '2002-04-30 16:44:21', '1981-04-16 04:15:16');
INSERT INTO `lessons` (`id`, `course_id`, `title`, `description`, `is_visibility`, `created_at`, `updated_at`) VALUES (54, 4, 'Velit eaque et alias omnis et.', 'Labore facere aut dolorum qui non. Earum rerum id inventore quaerat. Laudantium deleniti velit fuga consequatur voluptatum. Voluptate aspernatur enim corrupti soluta sint qui.', 1, '1988-09-01 01:23:18', '1985-06-13 11:18:56');
INSERT INTO `lessons` (`id`, `course_id`, `title`, `description`, `is_visibility`, `created_at`, `updated_at`) VALUES (55, 5, 'Sunt deleniti omnis reprehenderit.', 'Quia corporis est at quos ea. Quod blanditiis enim non id fugiat sint dolore. Dolorum vitae dolor aut deleniti est delectus id.', 0, '2008-06-19 07:03:41', '1988-03-12 23:27:06');
INSERT INTO `lessons` (`id`, `course_id`, `title`, `description`, `is_visibility`, `created_at`, `updated_at`) VALUES (56, 6, 'Autem id dolorum hic fuga animi.', 'Et distinctio quia perspiciatis ut vero non. Soluta natus occaecati quis. Rem dolores accusamus veritatis facilis asperiores quia.', 1, '1984-12-01 20:48:26', '1991-10-19 08:28:42');
INSERT INTO `lessons` (`id`, `course_id`, `title`, `description`, `is_visibility`, `created_at`, `updated_at`) VALUES (57, 7, 'Ad architecto enim inventore excepturi ipsa.', 'Voluptatem omnis ut non sed ratione id. Ea fugiat omnis dolor corporis harum impedit vero impedit. Possimus ratione vel quibusdam et rem dolore aut. Ab esse aut magnam. Animi molestiae ipsa quia distinctio dolores.', 1, '2000-11-28 22:43:43', '1975-11-08 19:29:33');
INSERT INTO `lessons` (`id`, `course_id`, `title`, `description`, `is_visibility`, `created_at`, `updated_at`) VALUES (58, 8, 'Modi repudiandae laudantium quis enim.', 'Amet esse ad blanditiis aut ut voluptas. Omnis natus voluptatem quo. Repellendus et porro eum facilis aspernatur.', 0, '1995-07-21 22:20:12', '1987-04-22 02:13:54');
INSERT INTO `lessons` (`id`, `course_id`, `title`, `description`, `is_visibility`, `created_at`, `updated_at`) VALUES (59, 9, 'Qui ullam provident in laudantium et.', 'Sed consequatur ea ipsam exercitationem in tempora suscipit. Rerum et sequi aliquam aperiam laborum et magnam. Id officia doloribus qui tempore et.', 1, '1978-03-21 22:50:13', '2018-07-15 03:17:47');
INSERT INTO `lessons` (`id`, `course_id`, `title`, `description`, `is_visibility`, `created_at`, `updated_at`) VALUES (60, 10, 'Illo necessitatibus iure delectus inventore quia est.', 'Reprehenderit necessitatibus illo in laborum veritatis mollitia quas commodi. Et id dolorum corrupti qui reprehenderit non veniam. Odit quidem aliquid enim dolor omnis. Laudantium ex dolore sequi facere accusamus sed. Dolorem incidunt ut mollitia.', 0, '1993-05-30 04:10:15', '1974-12-23 18:30:43');
INSERT INTO `lessons` (`id`, `course_id`, `title`, `description`, `is_visibility`, `created_at`, `updated_at`) VALUES (61, 11, 'Est dolores repellat dolorum voluptatum nobis et itaque.', 'Impedit eligendi earum non laboriosam et excepturi. Omnis ut est aut magni maxime perspiciatis quod. Ut fugiat qui voluptatem non. Adipisci distinctio quis itaque est. Commodi quia ipsa minus rerum ea voluptatibus voluptas.', 0, '2021-05-27 05:36:31', '2007-10-01 15:17:11');
INSERT INTO `lessons` (`id`, `course_id`, `title`, `description`, `is_visibility`, `created_at`, `updated_at`) VALUES (62, 12, 'Fuga quia voluptatem nihil voluptas deserunt doloremque iste.', 'Qui molestiae omnis rerum qui consequatur velit fugiat. Et nostrum ut eius molestiae repellat qui in. Velit dolor non doloremque incidunt voluptatem non iusto.', 1, '1997-09-06 06:29:54', '2018-02-25 20:06:52');
INSERT INTO `lessons` (`id`, `course_id`, `title`, `description`, `is_visibility`, `created_at`, `updated_at`) VALUES (63, 13, 'Similique nihil delectus aut molestiae minus quia.', 'Et natus nihil sint officiis. Eaque veniam nisi in mollitia aperiam voluptas. Occaecati aut magni quam eum.', 0, '2013-10-26 07:11:52', '1978-03-26 12:34:04');
INSERT INTO `lessons` (`id`, `course_id`, `title`, `description`, `is_visibility`, `created_at`, `updated_at`) VALUES (64, 14, 'Nisi tenetur rem suscipit illo et.', 'Ut qui reiciendis mollitia maxime excepturi voluptas. Nesciunt molestias at magni rerum adipisci autem sit. Blanditiis sint eos qui doloremque iusto ut et. Ad impedit maxime voluptates illum qui tempora soluta.', 0, '2008-11-20 16:05:59', '2011-01-10 11:44:21');
INSERT INTO `lessons` (`id`, `course_id`, `title`, `description`, `is_visibility`, `created_at`, `updated_at`) VALUES (65, 15, 'Assumenda qui quia et ut.', 'Quod qui corporis aliquid inventore corrupti ratione libero. Natus quia consectetur enim corporis ex reiciendis.', 0, '1976-09-05 08:39:51', '2013-06-13 08:27:47');
INSERT INTO `lessons` (`id`, `course_id`, `title`, `description`, `is_visibility`, `created_at`, `updated_at`) VALUES (66, 16, 'Expedita laudantium illo asperiores et corporis.', 'Exercitationem cupiditate nihil dolorum nemo facilis debitis hic. Sit sed repellendus ex sint impedit sit. Officiis rem voluptatum vero blanditiis voluptatibus est mollitia. Quasi eligendi quae ut id et iste provident.', 0, '1983-07-22 12:14:41', '2020-05-22 14:24:15');
INSERT INTO `lessons` (`id`, `course_id`, `title`, `description`, `is_visibility`, `created_at`, `updated_at`) VALUES (67, 17, 'Consequatur impedit reprehenderit iure non ea dolorem ipsum.', 'Ea at et molestias quia illo nihil quae. Eum fuga libero consectetur. Sint voluptatem est soluta sit quis quam eveniet. Aut laboriosam modi enim consequatur sit doloribus odio.', 0, '2004-09-24 18:34:24', '2019-12-25 12:10:11');
INSERT INTO `lessons` (`id`, `course_id`, `title`, `description`, `is_visibility`, `created_at`, `updated_at`) VALUES (68, 18, 'Voluptatem nam et qui harum quod a aut.', 'Delectus voluptates cum eveniet exercitationem quia temporibus iste veniam. Temporibus ipsum debitis at nihil. Dolores aut asperiores culpa atque cupiditate fuga et. Praesentium consequatur aperiam explicabo recusandae praesentium minima iure. Ut aut et molestiae iste.', 0, '2016-06-20 13:29:41', '1979-07-28 17:11:00');
INSERT INTO `lessons` (`id`, `course_id`, `title`, `description`, `is_visibility`, `created_at`, `updated_at`) VALUES (69, 19, 'Sed et enim vel dicta autem nihil.', 'Provident beatae deleniti quas in facere. Optio facere facere et temporibus necessitatibus cumque maiores.', 1, '2016-04-26 15:59:26', '2011-07-30 10:51:15');
INSERT INTO `lessons` (`id`, `course_id`, `title`, `description`, `is_visibility`, `created_at`, `updated_at`) VALUES (70, 20, 'Ipsam odio iste officiis delectus qui maiores quas dolorem.', 'Ut ut provident id et est aspernatur fuga. Rerum ipsum consectetur sint sit sed quis quia.', 0, '1983-06-11 18:42:59', '1997-11-23 19:44:41');
INSERT INTO `lessons` (`id`, `course_id`, `title`, `description`, `is_visibility`, `created_at`, `updated_at`) VALUES (71, 21, 'Minus alias voluptatibus molestias.', 'Corrupti repellendus ab praesentium qui sint placeat laboriosam. Aspernatur aliquid aperiam voluptatem rerum rem unde.', 0, '1995-11-15 10:12:01', '2017-10-13 18:17:45');
INSERT INTO `lessons` (`id`, `course_id`, `title`, `description`, `is_visibility`, `created_at`, `updated_at`) VALUES (72, 22, 'Ducimus quibusdam hic ut illo.', 'Esse aliquid sit suscipit ipsam voluptatum labore. Possimus consequatur iure quisquam voluptates quibusdam. Dignissimos numquam nostrum aperiam vero animi consectetur. Molestiae quo et exercitationem qui mollitia.', 0, '1987-08-28 18:42:18', '2012-04-20 20:24:48');
INSERT INTO `lessons` (`id`, `course_id`, `title`, `description`, `is_visibility`, `created_at`, `updated_at`) VALUES (73, 23, 'Iste sequi aut ut quas et eos.', 'Iusto veniam illo rerum. Maiores necessitatibus saepe excepturi voluptates dolores fuga praesentium. Nulla harum amet ullam.', 0, '2005-05-20 06:33:59', '1979-07-28 06:03:04');
INSERT INTO `lessons` (`id`, `course_id`, `title`, `description`, `is_visibility`, `created_at`, `updated_at`) VALUES (74, 24, 'Ullam accusantium voluptate aut.', 'Laudantium odio et voluptatem. Nam eveniet consequatur est dolor amet omnis. Autem quisquam velit dolores cupiditate.', 1, '1996-02-09 17:39:32', '1976-04-11 18:32:26');
INSERT INTO `lessons` (`id`, `course_id`, `title`, `description`, `is_visibility`, `created_at`, `updated_at`) VALUES (75, 25, 'Sit sit enim quo cum quis animi dignissimos est.', 'Quae officia amet tenetur autem. Ut voluptas qui omnis ut illo cupiditate sunt deserunt. Amet odit voluptas minima suscipit eaque.', 1, '1975-11-17 00:50:11', '1993-11-29 11:10:54');
INSERT INTO `lessons` (`id`, `course_id`, `title`, `description`, `is_visibility`, `created_at`, `updated_at`) VALUES (76, 26, 'Sit et sed et quas illum veritatis.', 'Ut non minima omnis cum voluptatem ab ea. Pariatur ut vel molestiae repellendus eum sed. Unde rerum ut dolor aut quasi sed.', 1, '2006-05-21 16:18:06', '1971-08-01 00:05:39');
INSERT INTO `lessons` (`id`, `course_id`, `title`, `description`, `is_visibility`, `created_at`, `updated_at`) VALUES (77, 27, 'Deserunt voluptas voluptas aperiam nostrum.', 'Eum cupiditate ipsam molestiae. Ipsam assumenda voluptatum sint.', 1, '2013-06-21 03:33:43', '1970-02-04 11:46:30');
INSERT INTO `lessons` (`id`, `course_id`, `title`, `description`, `is_visibility`, `created_at`, `updated_at`) VALUES (78, 28, 'Saepe sed molestiae nostrum assumenda quo at voluptas est.', 'Alias id sint vero molestiae assumenda blanditiis voluptatem. Error sunt autem provident est.', 1, '2007-06-27 15:55:54', '1985-05-22 21:55:20');
INSERT INTO `lessons` (`id`, `course_id`, `title`, `description`, `is_visibility`, `created_at`, `updated_at`) VALUES (79, 29, 'Ea et delectus ipsam quis placeat minima.', 'Iure odio et vero at et perferendis consequatur. Quos voluptatem amet quo aut quo iste eos. Quas illum et quis ipsa inventore asperiores.', 0, '2007-09-21 23:28:26', '2000-01-16 13:12:34');
INSERT INTO `lessons` (`id`, `course_id`, `title`, `description`, `is_visibility`, `created_at`, `updated_at`) VALUES (80, 30, 'Ex pariatur commodi aut.', 'Autem eveniet et eos iusto rerum et. Culpa laudantium enim repellendus impedit sapiente qui similique. Est et est rerum recusandae sed perspiciatis. Dolorum laudantium sed qui eius sit aut.', 1, '1997-09-28 15:30:44', '1971-07-13 09:33:13');
INSERT INTO `lessons` (`id`, `course_id`, `title`, `description`, `is_visibility`, `created_at`, `updated_at`) VALUES (81, 31, 'Vel non enim officia deleniti.', 'Voluptatem cum explicabo aut velit sapiente est quaerat quo. Rerum reiciendis distinctio in et aspernatur dolore odio. Ut in ipsam et vel minus omnis. Illum et officia doloremque enim laborum velit. Sit et enim expedita consectetur quis.', 1, '1984-08-09 05:25:31', '1999-07-17 23:54:19');
INSERT INTO `lessons` (`id`, `course_id`, `title`, `description`, `is_visibility`, `created_at`, `updated_at`) VALUES (82, 32, 'Quia suscipit sit sit deserunt.', 'Vel aut accusantium enim harum accusantium. Numquam dignissimos aut ut ipsam in. Corrupti voluptas soluta ipsam. Quo harum incidunt nisi dignissimos expedita.', 1, '2008-03-23 18:33:53', '1999-05-22 03:20:04');
INSERT INTO `lessons` (`id`, `course_id`, `title`, `description`, `is_visibility`, `created_at`, `updated_at`) VALUES (83, 23, 'Ex expedita aut voluptatem ipsum ut quo.', 'Ut soluta quas totam autem. Fugiat vero modi ut esse sit ut sapiente repudiandae. Reprehenderit ea repellendus sit.', 0, '2016-02-13 02:58:49', '2007-06-02 11:31:22');
INSERT INTO `lessons` (`id`, `course_id`, `title`, `description`, `is_visibility`, `created_at`, `updated_at`) VALUES (84, 24, 'Reiciendis suscipit adipisci omnis quia.', 'Ut sit et possimus et minima doloremque. Sint error cum beatae illum iure expedita. Nostrum quia qui explicabo cum sit molestiae aut.', 1, '2003-11-30 20:27:53', '2017-09-11 20:55:41');
INSERT INTO `lessons` (`id`, `course_id`, `title`, `description`, `is_visibility`, `created_at`, `updated_at`) VALUES (85, 25, 'A aut est sit.', 'Nihil culpa qui ullam placeat ut commodi. Et molestiae nemo omnis qui officiis eos. Architecto molestiae quaerat itaque et corrupti numquam.', 1, '2012-02-15 10:26:44', '1991-04-26 06:33:32');
INSERT INTO `lessons` (`id`, `course_id`, `title`, `description`, `is_visibility`, `created_at`, `updated_at`) VALUES (86, 26, 'Rem saepe assumenda ut.', 'Libero dolorem natus inventore aspernatur doloremque et quas ad. Nesciunt quaerat molestias sit ut.', 0, '1971-09-07 03:31:20', '2008-08-25 19:12:23');
INSERT INTO `lessons` (`id`, `course_id`, `title`, `description`, `is_visibility`, `created_at`, `updated_at`) VALUES (87, 27, 'Maxime ut commodi sequi id debitis quo.', 'Culpa voluptatem eius exercitationem deleniti quas porro nemo. Dignissimos sed corporis repellendus nisi. Sint harum laborum dolores autem molestiae dolores veritatis. Reiciendis minus vero officia numquam.', 0, '1987-04-02 05:12:15', '1998-06-04 08:23:33');
INSERT INTO `lessons` (`id`, `course_id`, `title`, `description`, `is_visibility`, `created_at`, `updated_at`) VALUES (88, 28, 'Ut unde similique vel architecto praesentium.', 'Sit sed odio qui quo. Nemo debitis doloremque doloribus dolorem laborum officiis blanditiis. Ad officia molestiae natus. Natus ut consequatur accusantium accusamus facere.', 0, '1978-04-12 02:54:11', '2011-12-07 19:22:09');
INSERT INTO `lessons` (`id`, `course_id`, `title`, `description`, `is_visibility`, `created_at`, `updated_at`) VALUES (89, 29, 'Voluptas perspiciatis ut quod distinctio voluptatum.', 'Rem aspernatur quasi ut magni quia non eveniet. Tempore magni neque repellat et unde. Aliquam autem nihil neque eaque ut sed.', 0, '1990-07-23 07:21:21', '1988-04-21 01:19:00');
INSERT INTO `lessons` (`id`, `course_id`, `title`, `description`, `is_visibility`, `created_at`, `updated_at`) VALUES (90, 10, 'Magnam molestiae eveniet voluptatem quam consequuntur quo.', 'Quia nihil non non numquam dolorem est atque. Nostrum similique vero et ex aspernatur dicta est natus. Architecto odit qui nisi qui dolorem possimus non.', 1, '1994-01-30 07:20:10', '1971-03-30 06:49:35');
INSERT INTO `lessons` (`id`, `course_id`, `title`, `description`, `is_visibility`, `created_at`, `updated_at`) VALUES (91, 11, 'Dolor ab aut enim sequi.', 'Odit ullam fugiat fugiat odio aut ipsum. Velit et id iusto et iure fugit. Dicta voluptas est et corrupti. Sit autem repellat mollitia nihil fugiat ipsa. Ea dolores voluptatem et omnis modi.', 1, '1994-12-04 00:16:23', '1982-12-23 09:05:23');
INSERT INTO `lessons` (`id`, `course_id`, `title`, `description`, `is_visibility`, `created_at`, `updated_at`) VALUES (92, 12, 'Ipsa sit animi repellat sint sint.', 'Est et suscipit non eaque sapiente illo modi. Voluptatem aut qui iure facere dignissimos magnam animi et. Dolorem unde eos aut aut quia.', 1, '2012-07-01 19:30:17', '2004-06-04 21:46:28');
INSERT INTO `lessons` (`id`, `course_id`, `title`, `description`, `is_visibility`, `created_at`, `updated_at`) VALUES (93, 13, 'Laudantium non enim sapiente eius quis.', 'Voluptatem quae quo omnis dolorem ut qui illum. Magnam consectetur porro modi minus voluptas. Alias perferendis consectetur et dolore. Consectetur iure nam fugit deserunt. Voluptas consequatur rerum nemo consequatur aut.', 1, '1991-01-21 02:03:34', '2011-02-01 20:04:46');
INSERT INTO `lessons` (`id`, `course_id`, `title`, `description`, `is_visibility`, `created_at`, `updated_at`) VALUES (94, 14, 'Consequatur enim aut non velit.', 'Est non maxime est doloremque sit consequuntur laborum qui. Et nam molestias laborum ad placeat qui voluptatem. Ratione odit nostrum reprehenderit dolore molestiae maxime.', 0, '1985-04-27 06:32:23', '2011-01-04 09:05:45');
INSERT INTO `lessons` (`id`, `course_id`, `title`, `description`, `is_visibility`, `created_at`, `updated_at`) VALUES (95, 15, 'Molestias dolores rerum omnis ipsum omnis soluta.', 'Delectus fugiat omnis repudiandae quos. Totam consequatur eveniet dignissimos rerum quia impedit ut. Deleniti sit nisi sed.', 0, '2009-09-19 11:22:06', '1992-03-09 17:51:16');
INSERT INTO `lessons` (`id`, `course_id`, `title`, `description`, `is_visibility`, `created_at`, `updated_at`) VALUES (96, 16, 'Nobis optio quos deserunt a et ipsum.', 'Magnam magnam porro id sapiente reprehenderit natus. Repellat dolorum autem natus accusantium qui voluptas architecto distinctio. Ut laborum aut consequatur illo minus iure et maiores. Recusandae distinctio quo voluptatum temporibus et.', 0, '1977-04-14 22:29:57', '1996-07-31 21:44:34');
INSERT INTO `lessons` (`id`, `course_id`, `title`, `description`, `is_visibility`, `created_at`, `updated_at`) VALUES (97, 17, 'Enim eum ex doloribus commodi sapiente neque odio.', 'Qui dolor rerum repellat ipsam fuga sed eum ullam. Labore ea recusandae aut culpa ipsum quis. Consequatur voluptatem est dolor corrupti ipsam sed.', 0, '1990-11-28 06:10:03', '1989-04-12 18:37:58');
INSERT INTO `lessons` (`id`, `course_id`, `title`, `description`, `is_visibility`, `created_at`, `updated_at`) VALUES (98, 18, 'Reiciendis fugiat quaerat sint.', 'Voluptas vero quisquam sed excepturi occaecati magni debitis voluptas. Fuga et repellendus vel totam sed aut et. Voluptas consequatur culpa ab neque alias asperiores sed.', 1, '2005-02-07 08:35:33', '1972-06-07 12:48:51');
INSERT INTO `lessons` (`id`, `course_id`, `title`, `description`, `is_visibility`, `created_at`, `updated_at`) VALUES (99, 19, 'Nemo quam et sunt dolor quisquam ea.', 'Corporis qui maxime eius molestiae quis voluptas error. Tempora id beatae repellendus. Quaerat rerum hic quia. Est aut eveniet minima deserunt est. Nihil quasi voluptatem nulla voluptas harum voluptatem.', 1, '2000-11-18 14:38:17', '1997-08-01 06:49:59');
INSERT INTO `lessons` (`id`, `course_id`, `title`, `description`, `is_visibility`, `created_at`, `updated_at`) VALUES (100, 20, 'Iste quod non qui non nihil quia.', 'Odio totam et quae fugiat. Est ut voluptatem et earum hic consequatur. Magnam dicta quasi possimus maxime culpa odio fuga qui.', 0, '2013-12-05 23:35:25', '2001-03-07 11:38:01');
INSERT INTO `lessons` (`id`, `course_id`, `title`, `description`, `is_visibility`, `created_at`, `updated_at`) VALUES (101, 1, 'Et aspernatur quia impedit iure quia beatae ut.', 'Quaerat laborum est eaque pariatur vel eum est. Est blanditiis voluptatem consequatur non voluptatem. Sunt consequatur eos eaque cupiditate dignissimos modi.', 1, '2008-02-08 15:17:01', '1973-07-01 01:29:52');
INSERT INTO `lessons` (`id`, `course_id`, `title`, `description`, `is_visibility`, `created_at`, `updated_at`) VALUES (102, 2, 'Nam sit doloribus et fuga ut.', 'Porro qui possimus odit unde quia. Tenetur vitae vel repellat dolore magni voluptatem ab. Vel sit sequi ab aut eligendi quia ut quo.', 1, '2010-08-21 11:51:36', '2009-02-18 01:55:43');
INSERT INTO `lessons` (`id`, `course_id`, `title`, `description`, `is_visibility`, `created_at`, `updated_at`) VALUES (103, 3, 'Officiis sed est et quia.', 'Aliquid suscipit ut ratione ipsum ullam. Illum consectetur molestiae id laudantium sed quae.', 0, '2015-04-02 12:38:48', '1977-05-14 21:51:24');
INSERT INTO `lessons` (`id`, `course_id`, `title`, `description`, `is_visibility`, `created_at`, `updated_at`) VALUES (104, 4, 'Eveniet et dolorum quia est unde.', 'Odit sed ipsa debitis hic facilis ipsa ipsam. Possimus est molestias odio ipsam saepe magnam porro dolor.', 0, '2020-04-26 23:35:59', '2008-12-31 11:50:25');
INSERT INTO `lessons` (`id`, `course_id`, `title`, `description`, `is_visibility`, `created_at`, `updated_at`) VALUES (105, 5, 'Quo voluptates illo est quam.', 'Beatae consectetur voluptatibus consectetur voluptas non voluptas. Excepturi dolor reprehenderit aut illum nulla molestiae autem. Libero totam cumque sunt sed error natus sit. A dicta ea dolor illum sunt numquam ut.', 1, '1971-10-07 09:03:33', '2000-12-23 12:15:29');
INSERT INTO `lessons` (`id`, `course_id`, `title`, `description`, `is_visibility`, `created_at`, `updated_at`) VALUES (106, 6, 'Eveniet quo neque deleniti officia error molestiae.', 'Eius exercitationem dolor qui. Quia quam dolore magnam officia tempore qui. Architecto magnam id quia et officia quae.', 1, '2007-09-18 00:45:14', '2005-03-16 05:53:39');
INSERT INTO `lessons` (`id`, `course_id`, `title`, `description`, `is_visibility`, `created_at`, `updated_at`) VALUES (107, 7, 'Dolorem excepturi adipisci et hic.', 'Quos omnis dolores pariatur odio quo aut doloremque. Fuga veritatis eius corporis autem nulla. Necessitatibus libero ducimus odio qui aspernatur. Nulla impedit et sit voluptatem voluptatem.', 1, '2011-04-12 01:56:29', '1998-03-26 05:16:17');
INSERT INTO `lessons` (`id`, `course_id`, `title`, `description`, `is_visibility`, `created_at`, `updated_at`) VALUES (108, 8, 'Iure sit non illum ut et.', 'Sed temporibus quod deleniti aut esse cumque nihil. Blanditiis dolor at voluptatem consequatur. Voluptates id corrupti ex tempore cupiditate et ut.', 1, '2017-09-10 00:04:36', '1997-01-09 11:05:46');
INSERT INTO `lessons` (`id`, `course_id`, `title`, `description`, `is_visibility`, `created_at`, `updated_at`) VALUES (109, 9, 'Et ut possimus illum velit eveniet.', 'Quas explicabo dolorem eveniet. Qui asperiores facere reiciendis qui reiciendis qui aspernatur. Expedita accusamus error harum aut dolorem aliquam ut.', 0, '1976-08-18 16:24:09', '2015-02-19 21:18:48');
INSERT INTO `lessons` (`id`, `course_id`, `title`, `description`, `is_visibility`, `created_at`, `updated_at`) VALUES (110, 10, 'Velit consequuntur dolor nesciunt.', 'Sit porro aperiam sapiente. Est velit illum nemo possimus dolorem enim reiciendis. Voluptate beatae animi iusto aut.', 0, '2007-09-18 11:47:34', '1980-10-29 16:27:15');
INSERT INTO `lessons` (`id`, `course_id`, `title`, `description`, `is_visibility`, `created_at`, `updated_at`) VALUES (111, 11, 'Mollitia qui vero ab sit.', 'Accusantium rerum explicabo soluta accusantium illo. Et architecto omnis sed ducimus et. Quos ducimus minima est aliquam non illo. Ut autem vel harum ea distinctio autem quidem.', 0, '1975-09-28 21:56:11', '1996-08-27 04:00:38');
INSERT INTO `lessons` (`id`, `course_id`, `title`, `description`, `is_visibility`, `created_at`, `updated_at`) VALUES (112, 12, 'Sed corrupti veritatis porro.', 'Incidunt et dolor tempore non qui. Qui et unde et ea. Ratione neque mollitia beatae ipsa rerum.', 0, '1993-01-10 07:55:51', '1979-07-02 06:27:53');
INSERT INTO `lessons` (`id`, `course_id`, `title`, `description`, `is_visibility`, `created_at`, `updated_at`) VALUES (113, 13, 'Laudantium cum est quis dolor.', 'Et doloremque aut aut sit delectus architecto quae alias. Vel qui nemo excepturi. Harum exercitationem quisquam voluptatibus autem.', 1, '1987-03-14 16:59:57', '2003-10-25 03:43:03');
INSERT INTO `lessons` (`id`, `course_id`, `title`, `description`, `is_visibility`, `created_at`, `updated_at`) VALUES (114, 14, 'Omnis ut dolores repudiandae excepturi ab.', 'Rerum autem exercitationem ducimus libero magni natus ut et. Rerum fugit laboriosam dolores. Sit voluptatibus autem sit sunt qui ad tempore.', 1, '2011-03-30 06:31:57', '2001-03-01 11:41:02');
INSERT INTO `lessons` (`id`, `course_id`, `title`, `description`, `is_visibility`, `created_at`, `updated_at`) VALUES (115, 15, 'Accusamus excepturi reiciendis nam unde deserunt repellat excepturi.', 'Ut placeat dicta vitae illo ut. Placeat molestiae corrupti aut sed animi. Magni atque quia et sint qui nulla veritatis.', 1, '2016-07-14 20:32:45', '1977-01-31 18:59:30');
INSERT INTO `lessons` (`id`, `course_id`, `title`, `description`, `is_visibility`, `created_at`, `updated_at`) VALUES (116, 16, 'Et tempora dolores officia eos dignissimos accusantium dolorum.', 'Dignissimos quis architecto ut fugiat iure sit ea. Omnis corrupti odio atque aut voluptatem ipsam. Distinctio et quo quam quia.', 0, '1973-10-22 21:08:19', '2004-04-30 18:06:10');
INSERT INTO `lessons` (`id`, `course_id`, `title`, `description`, `is_visibility`, `created_at`, `updated_at`) VALUES (117, 17, 'Debitis quia cumque et aspernatur.', 'Rerum rerum qui voluptatem facere. Incidunt qui temporibus sunt. Consequatur cum dolores excepturi ut.', 1, '2019-04-28 06:42:27', '1989-04-13 08:17:29');
INSERT INTO `lessons` (`id`, `course_id`, `title`, `description`, `is_visibility`, `created_at`, `updated_at`) VALUES (118, 18, 'Voluptas et qui tenetur quaerat et.', 'Dolorem aut libero ipsam possimus totam. Expedita itaque sapiente voluptatem sit perspiciatis recusandae quia sit.', 0, '1990-08-16 09:06:54', '2014-06-07 02:41:56');
INSERT INTO `lessons` (`id`, `course_id`, `title`, `description`, `is_visibility`, `created_at`, `updated_at`) VALUES (119, 19, 'Est molestias ab veritatis iure.', 'Quae ut a illo dolores. Ut laboriosam quae quaerat mollitia et. Blanditiis sed et autem sed. Quod consequatur dolore officia aliquam qui ipsam.', 1, '1974-04-03 11:32:15', '1981-06-13 14:25:09');
INSERT INTO `lessons` (`id`, `course_id`, `title`, `description`, `is_visibility`, `created_at`, `updated_at`) VALUES (120, 20, 'Officia officia est vero est.', 'Aspernatur autem ab dicta tempore ea. Distinctio vel facilis quisquam necessitatibus enim. Veritatis est velit distinctio dolorum est nam corporis velit.', 1, '1978-06-30 00:44:25', '2002-03-07 04:38:37');
INSERT INTO `lessons` (`id`, `course_id`, `title`, `description`, `is_visibility`, `created_at`, `updated_at`) VALUES (121, 21, 'Ratione omnis quia ducimus animi.', 'Impedit nostrum dolores et reiciendis eos rerum. At ea est illo occaecati aliquam ullam. Perferendis ea ipsam id aut iure. Aliquid quae blanditiis veritatis et accusantium.', 0, '2015-11-23 06:19:45', '1978-07-03 08:43:56');
INSERT INTO `lessons` (`id`, `course_id`, `title`, `description`, `is_visibility`, `created_at`, `updated_at`) VALUES (122, 22, 'Dolorum modi eveniet ipsam id voluptas iusto quae quo.', 'Perspiciatis cupiditate ea nemo neque assumenda rerum. Quia aut sint recusandae sit quidem esse. Dignissimos placeat commodi nemo.', 1, '1988-06-01 17:36:41', '1990-10-28 23:43:10');
INSERT INTO `lessons` (`id`, `course_id`, `title`, `description`, `is_visibility`, `created_at`, `updated_at`) VALUES (123, 23, 'Exercitationem pariatur incidunt nisi in assumenda molestiae a.', 'Quidem ut rerum et ut. Non labore rerum et et quia. Sapiente aut expedita consequatur et. Officia minus laudantium eum delectus facilis.', 0, '1985-11-02 00:10:30', '1987-02-10 03:30:54');
INSERT INTO `lessons` (`id`, `course_id`, `title`, `description`, `is_visibility`, `created_at`, `updated_at`) VALUES (124, 24, 'Consequatur eos ipsam occaecati perferendis voluptatem perferendis.', 'Est est voluptatum optio perferendis sed. Rerum rerum consectetur illo quia nulla. Voluptatem ipsa maxime laudantium natus rem veritatis.', 0, '1979-02-09 23:15:55', '1973-12-26 09:03:07');
INSERT INTO `lessons` (`id`, `course_id`, `title`, `description`, `is_visibility`, `created_at`, `updated_at`) VALUES (125, 25, 'Atque perspiciatis quo id est.', 'Eos vitae sed saepe perspiciatis sit ex. Autem ut tenetur quibusdam corporis. Autem et temporibus hic quae atque ea nam. Sapiente nemo eos est voluptas quas repellat est. Aut est et minus et pariatur.', 1, '1978-06-05 08:11:55', '2010-08-27 00:07:44');
INSERT INTO `lessons` (`id`, `course_id`, `title`, `description`, `is_visibility`, `created_at`, `updated_at`) VALUES (126, 26, 'Sint quo quia consequatur ut.', 'Recusandae repellat similique eligendi dicta expedita nobis. At animi nihil molestiae adipisci voluptas consequatur fuga consectetur. Voluptas aut fugiat aperiam dolor recusandae iste illum. Eveniet maxime est laudantium est beatae sed.', 1, '1998-04-30 06:56:57', '1995-01-15 09:37:46');
INSERT INTO `lessons` (`id`, `course_id`, `title`, `description`, `is_visibility`, `created_at`, `updated_at`) VALUES (127, 27, 'Et saepe quas mollitia impedit tempore aliquid.', 'Labore quam inventore quos neque quis. Id minus quidem temporibus ea ipsum laborum in. Commodi deleniti sequi qui consequatur officia.', 0, '2021-07-20 14:00:13', '1992-06-20 02:58:39');
INSERT INTO `lessons` (`id`, `course_id`, `title`, `description`, `is_visibility`, `created_at`, `updated_at`) VALUES (128, 28, 'Vitae esse sequi odio labore placeat.', 'Velit ullam ex consequuntur maiores. Rerum ut corporis at aut odit sit. Non est eligendi quos.', 0, '1987-09-16 19:51:16', '1986-03-12 22:28:42');
INSERT INTO `lessons` (`id`, `course_id`, `title`, `description`, `is_visibility`, `created_at`, `updated_at`) VALUES (129, 29, 'Quas voluptate esse qui.', 'Facilis necessitatibus quia delectus. Sunt ut alias qui quam. Cupiditate qui sint exercitationem quaerat dolore beatae est.', 1, '1984-02-04 06:03:30', '2009-01-25 06:46:44');
INSERT INTO `lessons` (`id`, `course_id`, `title`, `description`, `is_visibility`, `created_at`, `updated_at`) VALUES (130, 30, 'Doloremque quas quod ex sequi quia ipsam.', 'Quo temporibus aperiam eos et. Quo nemo deserunt omnis fugit quam. Tempore laudantium aperiam voluptatem quia. Itaque laudantium ratione dolores.', 0, '1983-09-17 16:05:35', '2002-08-06 20:21:20');
INSERT INTO `lessons` (`id`, `course_id`, `title`, `description`, `is_visibility`, `created_at`, `updated_at`) VALUES (131, 31, 'Quidem enim dolores qui.', 'Eius consequatur dignissimos nam tempore. Consequatur id magni autem deleniti.', 0, '1995-05-19 00:51:54', '2011-04-27 10:31:18');
INSERT INTO `lessons` (`id`, `course_id`, `title`, `description`, `is_visibility`, `created_at`, `updated_at`) VALUES (132, 32, 'Velit rem quae alias eligendi sit.', 'Ea sint vel ut velit. Qui architecto molestias laboriosam quis. Qui sed architecto voluptas laboriosam minus corrupti et. Iste vitae soluta unde aut sed.', 0, '1991-12-24 07:59:35', '1983-12-08 03:24:38');
INSERT INTO `lessons` (`id`, `course_id`, `title`, `description`, `is_visibility`, `created_at`, `updated_at`) VALUES (133, 3, 'Mollitia aut dolorum aliquid itaque quam saepe ipsa.', 'Eligendi modi sunt qui est debitis ea. Assumenda distinctio eveniet voluptas tenetur ut. Nisi dicta cum consectetur aspernatur veritatis molestias.', 1, '1971-10-12 09:39:00', '1985-09-13 18:48:19');
INSERT INTO `lessons` (`id`, `course_id`, `title`, `description`, `is_visibility`, `created_at`, `updated_at`) VALUES (134, 4, 'Sapiente qui iure asperiores quidem tempore error et et.', 'Necessitatibus ipsa debitis perferendis consequatur. Laudantium ex voluptas in aliquid qui et cum. Quia est qui esse eos et qui.', 0, '2004-12-25 22:19:36', '1980-08-06 17:35:59');
INSERT INTO `lessons` (`id`, `course_id`, `title`, `description`, `is_visibility`, `created_at`, `updated_at`) VALUES (135, 5, 'Sequi eos nemo et reiciendis nostrum.', 'Non eveniet ut fuga est maxime enim eius. Amet fuga cum blanditiis ipsa quidem enim. Et nesciunt ea quod aut soluta. Tempore minus numquam adipisci aperiam fugiat reprehenderit.', 1, '1989-06-01 16:10:52', '2006-10-07 18:09:07');
INSERT INTO `lessons` (`id`, `course_id`, `title`, `description`, `is_visibility`, `created_at`, `updated_at`) VALUES (136, 6, 'Est odio maiores debitis harum commodi ut.', 'A ipsum molestiae itaque tempore possimus expedita eum optio. Quia dolores rerum eum non. Voluptatem in et minima aut amet maiores suscipit dolores. Expedita eos earum reiciendis laudantium.', 0, '1974-07-27 05:09:34', '1975-01-13 02:50:57');
INSERT INTO `lessons` (`id`, `course_id`, `title`, `description`, `is_visibility`, `created_at`, `updated_at`) VALUES (137, 7, 'Suscipit accusamus et non dignissimos.', 'Inventore in impedit voluptatum qui tempore in deleniti. Est eaque deserunt quo quod vero. Voluptatem aut hic culpa voluptatem.', 1, '1985-07-01 08:32:14', '1994-08-13 06:44:21');
INSERT INTO `lessons` (`id`, `course_id`, `title`, `description`, `is_visibility`, `created_at`, `updated_at`) VALUES (138, 8, 'Et vel ut quia et culpa quo rem voluptas.', 'Ea cum nulla et magni aut. Dolores fugiat exercitationem temporibus autem esse sed.', 0, '1992-11-24 04:23:12', '1988-04-16 10:29:45');
INSERT INTO `lessons` (`id`, `course_id`, `title`, `description`, `is_visibility`, `created_at`, `updated_at`) VALUES (139, 9, 'Voluptate blanditiis voluptatum expedita officiis tempore.', 'Soluta asperiores eligendi cumque quia nostrum. Suscipit eius velit consequatur est et numquam dolorem. Aspernatur sunt voluptatem rerum. Asperiores et at sit tenetur assumenda sunt et.', 1, '1973-03-06 12:29:00', '2015-01-28 19:08:02');
INSERT INTO `lessons` (`id`, `course_id`, `title`, `description`, `is_visibility`, `created_at`, `updated_at`) VALUES (140, 10, 'Aliquam qui illum sint mollitia quibusdam quibusdam qui error.', 'Exercitationem architecto minima et tenetur eum provident. Perferendis reiciendis praesentium vel dicta.', 1, '2008-01-30 21:08:38', '2010-05-06 06:18:48');
INSERT INTO `lessons` (`id`, `course_id`, `title`, `description`, `is_visibility`, `created_at`, `updated_at`) VALUES (141, 11, 'Hic error quam possimus voluptatem culpa.', 'Facilis veniam nesciunt dolores incidunt dolores. Vel repudiandae cumque laboriosam exercitationem molestiae repellat et. Ea officia ipsam aut suscipit vitae omnis.', 1, '2002-03-19 21:44:09', '1982-10-25 10:22:48');
INSERT INTO `lessons` (`id`, `course_id`, `title`, `description`, `is_visibility`, `created_at`, `updated_at`) VALUES (142, 12, 'Tempora quis pariatur maxime.', 'Deleniti ea qui voluptatem. Eaque sed aut quibusdam qui. Et illum iure quae mollitia maxime labore. Fuga nam veniam doloribus voluptatum minus.', 0, '1974-04-01 19:50:44', '1973-05-06 00:45:10');
INSERT INTO `lessons` (`id`, `course_id`, `title`, `description`, `is_visibility`, `created_at`, `updated_at`) VALUES (143, 13, 'Ab consequatur ab necessitatibus sint magni.', 'Explicabo ut dolor eum nisi dignissimos dolore. Sequi quisquam id eum impedit molestiae. Fugiat voluptatem temporibus aut et qui placeat.', 0, '1986-12-20 19:55:14', '1979-03-09 15:00:12');
INSERT INTO `lessons` (`id`, `course_id`, `title`, `description`, `is_visibility`, `created_at`, `updated_at`) VALUES (144, 14, 'Tempora ut sed sunt excepturi quae pariatur.', 'Quas qui inventore provident enim. Consectetur voluptas qui cumque fugit. Dolor quas a doloribus alias commodi nihil.', 1, '1986-03-30 15:33:02', '1971-02-10 03:43:48');
INSERT INTO `lessons` (`id`, `course_id`, `title`, `description`, `is_visibility`, `created_at`, `updated_at`) VALUES (145, 15, 'Tempora non ipsum sapiente architecto.', 'Autem quae velit vero nisi iste assumenda sed. Voluptatem quae labore temporibus sapiente enim cumque nesciunt. Repellendus provident officia officia ab iure exercitationem.', 0, '2005-06-04 13:40:35', '1987-09-18 00:01:51');
INSERT INTO `lessons` (`id`, `course_id`, `title`, `description`, `is_visibility`, `created_at`, `updated_at`) VALUES (146, 16, 'Doloremque necessitatibus et iusto.', 'Quis voluptatum et cupiditate occaecati mollitia. Sint vel tempora officia nihil. Sunt delectus voluptatem rerum ab. Cum est et placeat ut.', 1, '1985-12-14 00:42:23', '1988-04-29 01:05:37');
INSERT INTO `lessons` (`id`, `course_id`, `title`, `description`, `is_visibility`, `created_at`, `updated_at`) VALUES (147, 17, 'Facere hic eligendi ut exercitationem cum.', 'Incidunt delectus autem amet incidunt aperiam facilis excepturi exercitationem. Porro et aut minus.', 0, '2002-12-05 19:57:22', '2013-06-26 20:23:29');
INSERT INTO `lessons` (`id`, `course_id`, `title`, `description`, `is_visibility`, `created_at`, `updated_at`) VALUES (148, 18, 'Eos repudiandae est non deleniti rem quis.', 'Dolorem facilis ut laborum alias voluptates omnis. Quis aut non esse. Et illum nam labore et ea.', 1, '1998-10-27 02:00:04', '2017-06-08 20:42:30');
INSERT INTO `lessons` (`id`, `course_id`, `title`, `description`, `is_visibility`, `created_at`, `updated_at`) VALUES (149, 19, 'Rerum quidem eum nostrum.', 'Quia enim consequatur non aut voluptas. Porro sequi quidem sed temporibus assumenda mollitia. Hic officiis quia reiciendis odit voluptate qui harum quisquam.', 1, '1997-10-01 18:12:40', '1987-08-19 09:23:30');
INSERT INTO `lessons` (`id`, `course_id`, `title`, `description`, `is_visibility`, `created_at`, `updated_at`) VALUES (150, 20, 'Impedit quia asperiores aspernatur officia autem.', 'Pariatur sapiente itaque facilis optio. Eaque possimus placeat ipsum quibusdam.', 0, '1978-12-07 13:52:25', '1985-06-30 18:49:26');
INSERT INTO `lessons` (`id`, `course_id`, `title`, `description`, `is_visibility`, `created_at`, `updated_at`) VALUES (151, 1, 'Itaque assumenda necessitatibus aut deserunt ut est.', 'Architecto et et et soluta ipsum vel qui. Facere eos deserunt et mollitia deserunt necessitatibus sint. Dolore molestiae aliquid nisi nemo et accusantium non. Quis omnis praesentium minus consectetur nam ipsa enim.', 0, '2012-11-09 17:08:36', '1998-10-06 08:00:56');
INSERT INTO `lessons` (`id`, `course_id`, `title`, `description`, `is_visibility`, `created_at`, `updated_at`) VALUES (152, 2, 'Tempore consequuntur aperiam explicabo ipsum.', 'Ducimus labore vero incidunt eum natus. Blanditiis illum laborum asperiores ducimus ut nostrum.', 0, '2000-03-08 14:41:39', '1990-12-16 05:59:40');
INSERT INTO `lessons` (`id`, `course_id`, `title`, `description`, `is_visibility`, `created_at`, `updated_at`) VALUES (153, 3, 'Esse ipsam animi pariatur eaque maiores quis libero.', 'Excepturi aliquid in tempore maiores libero velit voluptatum. Corrupti enim accusamus laboriosam. Optio ratione itaque vel aperiam. Ducimus dolores qui nihil non laboriosam eligendi. Libero nam dolorem et.', 0, '2000-02-27 19:02:27', '1985-01-19 00:35:09');
INSERT INTO `lessons` (`id`, `course_id`, `title`, `description`, `is_visibility`, `created_at`, `updated_at`) VALUES (154, 4, 'Quia consequatur sint architecto reprehenderit qui neque.', 'Vitae ut sed dignissimos sed tempora maiores sunt. Aut quam in consequatur officia qui. Reprehenderit sit quia et ex. Asperiores incidunt modi magni voluptate est.', 1, '2003-10-28 22:18:15', '2001-09-29 15:28:17');
INSERT INTO `lessons` (`id`, `course_id`, `title`, `description`, `is_visibility`, `created_at`, `updated_at`) VALUES (155, 5, 'Enim enim omnis dolor laboriosam et quaerat.', 'Autem sit delectus enim aut autem sed debitis nam. Ut doloremque accusantium id enim sunt. Quam et enim libero nobis eaque.', 1, '2004-06-28 14:58:26', '1988-04-21 19:23:56');
INSERT INTO `lessons` (`id`, `course_id`, `title`, `description`, `is_visibility`, `created_at`, `updated_at`) VALUES (156, 6, 'Tempora eum assumenda tempore aspernatur hic id molestiae.', 'Nesciunt harum iste est ipsam. Minus aliquam modi consequatur enim qui assumenda. Provident atque ex impedit unde hic dolores.', 1, '2003-02-01 21:48:10', '2015-06-26 06:38:42');
INSERT INTO `lessons` (`id`, `course_id`, `title`, `description`, `is_visibility`, `created_at`, `updated_at`) VALUES (157, 7, 'Sit nemo fugiat minima sed quasi in explicabo.', 'Illo commodi et sequi soluta. Non quis veritatis doloribus dolores aspernatur minus et. Sunt optio quod repellat sequi.', 0, '2007-10-31 22:33:05', '1984-06-24 02:14:40');
INSERT INTO `lessons` (`id`, `course_id`, `title`, `description`, `is_visibility`, `created_at`, `updated_at`) VALUES (158, 8, 'Amet accusantium qui ut vel.', 'Aliquam praesentium quasi iste quo dolore est. Eum voluptas assumenda et repellat quia. Optio temporibus officiis distinctio perferendis ut nihil.', 1, '1970-11-30 20:59:00', '1973-03-20 13:30:46');
INSERT INTO `lessons` (`id`, `course_id`, `title`, `description`, `is_visibility`, `created_at`, `updated_at`) VALUES (159, 9, 'Enim deleniti deserunt sequi aspernatur dolorem veritatis quibusdam.', 'Non dolores sapiente quasi laboriosam vero. Quae ea praesentium laudantium aut pariatur aut quasi. Nihil dolor occaecati tenetur sed. Rem occaecati assumenda reiciendis quas quasi ut.', 1, '1974-02-21 06:38:02', '2017-01-02 03:57:28');
INSERT INTO `lessons` (`id`, `course_id`, `title`, `description`, `is_visibility`, `created_at`, `updated_at`) VALUES (160, 10, 'Repudiandae maiores quas tenetur inventore iste optio quia.', 'Et veritatis qui eum ut. Numquam architecto provident nemo veniam. Unde veniam quaerat sit aut.', 0, '1979-08-14 02:26:27', '2019-07-27 03:30:40');
INSERT INTO `lessons` (`id`, `course_id`, `title`, `description`, `is_visibility`, `created_at`, `updated_at`) VALUES (161, 11, 'Error voluptates et asperiores quo sit est.', 'Omnis fugit sed odit corrupti et. Et incidunt dignissimos aspernatur numquam. In iusto officiis ea quisquam nostrum.', 0, '2017-03-06 01:19:20', '1970-08-30 11:18:29');
INSERT INTO `lessons` (`id`, `course_id`, `title`, `description`, `is_visibility`, `created_at`, `updated_at`) VALUES (162, 12, 'Quia perspiciatis quibusdam quibusdam unde architecto.', 'Tempora ducimus facere odio eaque. Ut accusamus tempora dolorem eos dicta. Temporibus enim minus saepe. Reprehenderit corrupti ab ipsam.', 0, '1983-08-13 16:10:21', '1990-11-28 14:32:52');
INSERT INTO `lessons` (`id`, `course_id`, `title`, `description`, `is_visibility`, `created_at`, `updated_at`) VALUES (163, 13, 'Similique qui nostrum molestiae sequi illo iste non.', 'Exercitationem repellat assumenda provident saepe tempora. Aut nihil in iusto non quis. Sed dolor non quos iste in pariatur beatae ad.', 1, '1983-10-12 07:25:26', '1998-05-31 18:26:04');
INSERT INTO `lessons` (`id`, `course_id`, `title`, `description`, `is_visibility`, `created_at`, `updated_at`) VALUES (164, 14, 'Vel aperiam amet rem nulla.', 'Quia voluptas est est nihil vel. Quod commodi ut asperiores dolores molestiae sunt. Amet accusamus dignissimos id exercitationem eveniet sed.', 1, '1996-12-20 19:49:19', '1982-01-02 21:02:33');
INSERT INTO `lessons` (`id`, `course_id`, `title`, `description`, `is_visibility`, `created_at`, `updated_at`) VALUES (165, 15, 'Quos et labore quae cumque vero quod exercitationem.', 'Dolor ea doloribus quae. Ut sed ex molestiae consequatur qui delectus. Exercitationem ab eum quasi delectus exercitationem omnis sunt. Perspiciatis modi omnis consequatur totam.', 0, '1988-02-15 23:56:54', '1988-02-04 21:30:12');
INSERT INTO `lessons` (`id`, `course_id`, `title`, `description`, `is_visibility`, `created_at`, `updated_at`) VALUES (166, 16, 'In ut quo id totam ut.', 'Sint sit nisi cupiditate veniam aut. Eligendi quo quidem provident.', 0, '1994-09-19 23:27:28', '2008-12-08 08:06:52');
INSERT INTO `lessons` (`id`, `course_id`, `title`, `description`, `is_visibility`, `created_at`, `updated_at`) VALUES (167, 17, 'Magnam ullam libero et sint esse.', 'Aliquid tempora similique inventore eligendi magni. Voluptas iste modi molestias facilis. Nam quia sequi beatae perferendis illo est incidunt.', 0, '2019-10-01 02:13:28', '2004-03-23 03:43:41');
INSERT INTO `lessons` (`id`, `course_id`, `title`, `description`, `is_visibility`, `created_at`, `updated_at`) VALUES (168, 18, 'Odio eligendi molestiae nesciunt fuga quisquam.', 'Aliquam consequatur quia sapiente perspiciatis. Qui rerum rerum est quo est ipsa sapiente asperiores. At iure deleniti quis.', 1, '1974-02-04 01:00:09', '1974-10-13 17:41:07');
INSERT INTO `lessons` (`id`, `course_id`, `title`, `description`, `is_visibility`, `created_at`, `updated_at`) VALUES (169, 19, 'Corporis eaque vitae qui non id at rem.', 'Autem iste quos aperiam enim. Sit omnis autem modi iure. Cum nostrum natus et enim et quae nostrum. Aut quia dignissimos dolorum perferendis at magni.', 0, '2006-05-25 05:16:10', '1998-06-01 22:47:05');
INSERT INTO `lessons` (`id`, `course_id`, `title`, `description`, `is_visibility`, `created_at`, `updated_at`) VALUES (170, 20, 'Numquam et eos nulla magnam tempora.', 'Pariatur et asperiores ducimus occaecati rem itaque. Perferendis esse at ratione rerum hic dignissimos eum. Et totam natus soluta eum quo non eaque.', 0, '1977-06-19 09:26:18', '1996-01-17 11:47:53');
INSERT INTO `lessons` (`id`, `course_id`, `title`, `description`, `is_visibility`, `created_at`, `updated_at`) VALUES (171, 21, 'Aut voluptatibus molestias quis voluptates sint.', 'Delectus libero distinctio ipsam a culpa. Reiciendis voluptatum ducimus doloremque quaerat saepe. Sequi aperiam vel dolores blanditiis voluptatibus atque provident qui. Rerum voluptatem sit voluptas nesciunt sed.', 0, '1990-01-07 17:20:40', '2006-11-06 10:14:39');
INSERT INTO `lessons` (`id`, `course_id`, `title`, `description`, `is_visibility`, `created_at`, `updated_at`) VALUES (172, 22, 'Blanditiis rerum tempora ut modi optio quia et.', 'Qui dolor commodi omnis laborum harum eveniet. Hic et quasi labore numquam autem est dolores. Veniam molestiae molestiae provident iusto.', 1, '2012-04-28 02:45:00', '2001-10-06 01:47:47');
INSERT INTO `lessons` (`id`, `course_id`, `title`, `description`, `is_visibility`, `created_at`, `updated_at`) VALUES (173, 23, 'Placeat amet ut sed omnis enim.', 'Repellendus beatae vitae quod corporis facere. Consequatur quo similique at. Cumque mollitia omnis repudiandae assumenda dolor voluptate quos qui.', 1, '2002-03-23 06:43:31', '2005-10-08 09:43:24');
INSERT INTO `lessons` (`id`, `course_id`, `title`, `description`, `is_visibility`, `created_at`, `updated_at`) VALUES (174, 24, 'Eveniet dolorum repudiandae autem repellat libero nulla.', 'Consequuntur dolorem sunt temporibus voluptas impedit cumque. Porro quia harum fugiat doloremque sunt corporis tempore.', 1, '2009-12-28 02:08:12', '1999-06-28 08:56:11');
INSERT INTO `lessons` (`id`, `course_id`, `title`, `description`, `is_visibility`, `created_at`, `updated_at`) VALUES (175, 25, 'Voluptatem excepturi debitis voluptatem.', 'Vitae iste asperiores nihil vitae quibusdam autem velit nesciunt. Eligendi quia mollitia et sit. Eveniet iste sit rem voluptas inventore occaecati et. Earum dolorem non ea et tempore quia. Adipisci quas non autem fugiat quia.', 1, '2016-04-29 20:27:02', '2021-07-29 02:49:20');
INSERT INTO `lessons` (`id`, `course_id`, `title`, `description`, `is_visibility`, `created_at`, `updated_at`) VALUES (176, 26, 'Deserunt et nisi recusandae corporis nam debitis voluptate.', 'Eligendi id nobis voluptatem qui vel. Iure veritatis cum et consequatur iste quia qui maiores. Consectetur sequi omnis est dolore. Optio et eius qui enim mollitia.', 1, '1975-11-02 11:34:24', '1990-07-21 11:01:16');
INSERT INTO `lessons` (`id`, `course_id`, `title`, `description`, `is_visibility`, `created_at`, `updated_at`) VALUES (177, 27, 'Est amet id fugiat velit veniam modi nisi.', 'Et sunt ducimus vero. Consectetur voluptatem nesciunt praesentium numquam voluptate nesciunt mollitia delectus. Labore consectetur quia repellat voluptas dolores fugiat dolorum.', 1, '1988-11-27 18:02:12', '2004-04-28 04:21:58');
INSERT INTO `lessons` (`id`, `course_id`, `title`, `description`, `is_visibility`, `created_at`, `updated_at`) VALUES (178, 28, 'Fugiat dignissimos recusandae dolores sed deleniti voluptatum sint.', 'Aut harum voluptatibus nobis hic qui. Magni sunt est saepe non ut rerum. Iusto cumque quod aut ipsam esse sed consequatur distinctio.', 1, '2020-05-07 00:07:27', '1989-03-22 22:48:05');
INSERT INTO `lessons` (`id`, `course_id`, `title`, `description`, `is_visibility`, `created_at`, `updated_at`) VALUES (179, 29, 'Quis magni sed necessitatibus asperiores consequuntur pariatur id.', 'Est mollitia similique aspernatur vel. Omnis consequuntur ut odit architecto delectus.', 0, '2007-01-23 14:25:47', '1974-01-05 11:07:15');
INSERT INTO `lessons` (`id`, `course_id`, `title`, `description`, `is_visibility`, `created_at`, `updated_at`) VALUES (180, 20, 'Placeat adipisci nostrum quas.', 'Ea quia repellendus maxime itaque quia natus mollitia. Aut veritatis similique blanditiis rem. Odit est est recusandae ut.', 1, '2010-07-20 09:34:34', '1983-03-12 21:28:29');
INSERT INTO `lessons` (`id`, `course_id`, `title`, `description`, `is_visibility`, `created_at`, `updated_at`) VALUES (181, 21, 'Cumque quia tempora eum fugit adipisci deleniti eos.', 'Tenetur nesciunt dolorem maxime itaque. Aperiam nulla quis vero error dolorum dolores magni. Repellat corporis ut in ad. Quo mollitia accusantium molestiae quis temporibus.', 0, '2020-09-20 20:20:01', '1987-07-03 09:06:48');
INSERT INTO `lessons` (`id`, `course_id`, `title`, `description`, `is_visibility`, `created_at`, `updated_at`) VALUES (182, 22, 'Doloremque animi dicta praesentium nobis voluptatem quo ipsa qui.', 'Ut consectetur et dolore cupiditate in numquam cumque. Alias placeat et reiciendis accusantium. Qui tenetur perspiciatis provident dolorem laudantium vel reprehenderit amet.', 1, '2001-06-12 17:57:48', '1985-02-05 01:55:55');
INSERT INTO `lessons` (`id`, `course_id`, `title`, `description`, `is_visibility`, `created_at`, `updated_at`) VALUES (183, 23, 'Rem tempore ipsum explicabo odit.', 'Vel qui quis nisi cumque nam non. Nobis odio corrupti voluptas. Quod suscipit et quod saepe.', 0, '1974-03-11 03:17:14', '1978-03-15 19:26:18');
INSERT INTO `lessons` (`id`, `course_id`, `title`, `description`, `is_visibility`, `created_at`, `updated_at`) VALUES (184, 24, 'Voluptas similique ab dignissimos vel et praesentium porro adipisci.', 'Molestias minima harum amet eaque voluptas nam. Ut saepe tempora et quod aperiam. Cum aut cupiditate officiis ea. Odio rem aspernatur voluptas adipisci.', 1, '1979-03-13 02:25:06', '2005-04-21 11:16:51');
INSERT INTO `lessons` (`id`, `course_id`, `title`, `description`, `is_visibility`, `created_at`, `updated_at`) VALUES (185, 25, 'Et fugiat sint tempore nihil.', 'Rem quo dolores fuga iste similique pariatur. Suscipit maiores totam laboriosam voluptates blanditiis.', 1, '1975-08-02 00:49:53', '1988-09-09 19:28:04');
INSERT INTO `lessons` (`id`, `course_id`, `title`, `description`, `is_visibility`, `created_at`, `updated_at`) VALUES (186, 26, 'Quo sint reprehenderit minus amet.', 'Eveniet praesentium repudiandae qui aut explicabo qui doloremque fuga. Nam quia quod et quam. Sint autem eius voluptatem itaque rerum reprehenderit. Ullam earum qui nesciunt sint quisquam aut.', 0, '1984-08-22 07:59:46', '1976-08-06 22:50:09');
INSERT INTO `lessons` (`id`, `course_id`, `title`, `description`, `is_visibility`, `created_at`, `updated_at`) VALUES (187, 27, 'Eos deleniti laudantium quo molestias temporibus minus.', 'Et expedita iusto cumque reprehenderit numquam nam. Fuga veritatis beatae porro quis velit quod. Aut quia recusandae excepturi ut error.', 0, '2015-04-30 22:08:57', '2018-12-02 17:29:45');
INSERT INTO `lessons` (`id`, `course_id`, `title`, `description`, `is_visibility`, `created_at`, `updated_at`) VALUES (188, 28, 'Et nihil temporibus nam qui illo.', 'A vero fugit qui dolorem qui aspernatur consequatur. Dolore voluptate quos aperiam et fuga nisi doloremque ab. Quia culpa expedita ab voluptatem totam.', 0, '1991-12-10 14:47:26', '2018-08-13 06:50:42');
INSERT INTO `lessons` (`id`, `course_id`, `title`, `description`, `is_visibility`, `created_at`, `updated_at`) VALUES (189, 29, 'Molestiae quis molestiae et.', 'Exercitationem dolores veniam sed maxime voluptatem inventore laboriosam. Occaecati tenetur cum nesciunt architecto expedita ut voluptas. Ad dolores asperiores sunt asperiores deserunt maxime.', 1, '2002-03-20 04:54:58', '2019-02-11 22:01:18');
INSERT INTO `lessons` (`id`, `course_id`, `title`, `description`, `is_visibility`, `created_at`, `updated_at`) VALUES (190, 30, 'Non nam distinctio fugit qui quasi dolor quia.', 'Iure nisi accusantium voluptates doloribus. Est sit saepe qui sint. Sapiente qui molestias consectetur culpa at aut. Officia sit enim sint vel. Earum et eligendi sit et sed.', 0, '1973-07-26 08:26:33', '1978-03-13 11:46:29');
INSERT INTO `lessons` (`id`, `course_id`, `title`, `description`, `is_visibility`, `created_at`, `updated_at`) VALUES (191, 1, 'Exercitationem asperiores ut ipsum vero architecto.', 'Autem rerum dolorem et. Hic voluptatem aut corporis et. Architecto autem ut perferendis et. Tempore non quam nemo est modi dolore repellendus.', 1, '2002-12-26 19:40:12', '1972-10-20 07:21:26');
INSERT INTO `lessons` (`id`, `course_id`, `title`, `description`, `is_visibility`, `created_at`, `updated_at`) VALUES (192, 2, 'Sit omnis voluptatem rerum dolorum est.', 'Quasi reprehenderit distinctio deserunt maxime aut qui consequatur. Non neque esse explicabo. Nobis aut non molestiae facere repellendus odio placeat. Voluptate ea inventore et.', 1, '1970-01-20 13:29:05', '1972-10-21 10:25:02');
INSERT INTO `lessons` (`id`, `course_id`, `title`, `description`, `is_visibility`, `created_at`, `updated_at`) VALUES (193, 3, 'Quod commodi consequatur unde facere enim dolorem natus.', 'Delectus optio aspernatur excepturi distinctio aliquam fuga. Cum aliquid soluta sed neque est molestiae sunt animi. Animi sint omnis dolor qui.', 1, '2019-02-26 13:54:11', '1977-10-18 06:48:23');
INSERT INTO `lessons` (`id`, `course_id`, `title`, `description`, `is_visibility`, `created_at`, `updated_at`) VALUES (194, 4, 'Error molestiae harum voluptatem et non consequuntur eos et.', 'Voluptates ratione distinctio mollitia. Aliquid incidunt nesciunt maxime laboriosam aperiam sunt vitae. Voluptates ipsam nemo voluptatem id nihil doloribus porro sunt.', 0, '2016-06-07 02:33:43', '2019-08-13 15:44:33');
INSERT INTO `lessons` (`id`, `course_id`, `title`, `description`, `is_visibility`, `created_at`, `updated_at`) VALUES (195, 5, 'Repudiandae inventore natus et voluptate possimus.', 'Quos est voluptates quisquam voluptatem nihil quas. Quia eos sed fugit reprehenderit autem. Sint enim quis ut provident. Doloremque porro sit eaque dicta voluptatibus omnis. Id nam magni tempore commodi fugit.', 0, '1984-03-06 07:44:11', '1984-12-06 01:09:05');
INSERT INTO `lessons` (`id`, `course_id`, `title`, `description`, `is_visibility`, `created_at`, `updated_at`) VALUES (196, 6, 'Amet maiores culpa tempora facere.', 'Et illum cupiditate possimus amet non illo ullam. Quia molestias nobis sint omnis est vitae aliquam nam. Et nam et et assumenda at dolores optio culpa.', 1, '2018-01-08 17:36:04', '2019-09-17 21:53:43');
INSERT INTO `lessons` (`id`, `course_id`, `title`, `description`, `is_visibility`, `created_at`, `updated_at`) VALUES (197, 7, 'Sint et in laudantium minus.', 'A qui at consequuntur necessitatibus autem facilis. Rem perferendis reprehenderit quam beatae numquam ut nobis. Vitae accusamus a rerum.', 0, '1994-09-07 18:12:45', '1970-09-30 11:42:54');
INSERT INTO `lessons` (`id`, `course_id`, `title`, `description`, `is_visibility`, `created_at`, `updated_at`) VALUES (198, 8, 'Quasi maiores ea debitis eum voluptatibus porro.', 'Quo cum voluptatem distinctio eos ut. Quia non nam velit fuga.', 0, '2010-11-05 19:02:47', '2018-02-02 23:05:54');
INSERT INTO `lessons` (`id`, `course_id`, `title`, `description`, `is_visibility`, `created_at`, `updated_at`) VALUES (199, 9, 'Quam commodi nobis ipsam ullam molestiae.', 'Voluptatem enim quia alias odio natus aperiam. Sit natus qui id nulla vel laborum. Commodi et et porro inventore.', 1, '1994-09-27 01:06:31', '2018-09-09 15:32:34');
INSERT INTO `lessons` (`id`, `course_id`, `title`, `description`, `is_visibility`, `created_at`, `updated_at`) VALUES (200, 30, 'Eveniet eius aspernatur pariatur.', 'Reiciendis rerum laboriosam libero occaecati ipsum. Accusamus et laboriosam voluptate explicabo ratione. Consequatur facere accusamus ea fugiat sunt qui.', 0, '2017-03-14 21:53:31', '1970-05-21 02:07:25');


#
# TABLE STRUCTURE FOR: lesson_tasks
#

INSERT INTO `lesson_tasks` (`id`, `lesson_id`, `title`, `description`, `is_visibility`, `task_type_id`, `dedline_at`, `created_at`, `updated_at`) VALUES (1, 1, 'Pariatur ipsa molestiae quod culpa eligendi illo expedita.', 'Maxime id ab illum ea est nisi. Fuga dolorum repudiandae ab ut officiis exercitationem quo temporibus.', 1, 1, '2006-09-19 23:45:05', '2016-11-18 16:22:43', '1996-09-11 23:16:06');
INSERT INTO `lesson_tasks` (`id`, `lesson_id`, `title`, `description`, `is_visibility`, `task_type_id`, `dedline_at`, `created_at`, `updated_at`) VALUES (2, 2, 'Quia minus velit voluptatibus consequatur hic dolor commodi.', 'Autem aut doloribus eos sequi odit et. Ipsa facere ducimus iste. Dicta deleniti doloremque enim tempore ab ipsam quia.', 1, 2, '1972-03-11 12:45:35', '1999-03-06 10:53:37', '2015-10-06 18:33:26');
INSERT INTO `lesson_tasks` (`id`, `lesson_id`, `title`, `description`, `is_visibility`, `task_type_id`, `dedline_at`, `created_at`, `updated_at`) VALUES (3, 3, 'Voluptatem quia consequatur nihil aliquam.', 'Non qui in perspiciatis. Repudiandae repudiandae consectetur ratione autem. Perspiciatis sed sunt hic voluptas velit sapiente.', 0, 3, '2013-10-04 18:06:46', '2019-02-26 11:45:50', '2004-05-23 15:35:17');
INSERT INTO `lesson_tasks` (`id`, `lesson_id`, `title`, `description`, `is_visibility`, `task_type_id`, `dedline_at`, `created_at`, `updated_at`) VALUES (4, 4, 'Adipisci eveniet corrupti nobis dolor sit.', 'Accusamus id consequatur qui impedit laborum at assumenda et. Odio sint omnis commodi quaerat qui qui. In ut molestias quia quia. Quaerat est consequatur consequatur esse consequatur voluptate.', 1, 1, '2013-02-10 09:00:12', '1985-08-25 04:24:36', '2009-01-22 20:00:57');
INSERT INTO `lesson_tasks` (`id`, `lesson_id`, `title`, `description`, `is_visibility`, `task_type_id`, `dedline_at`, `created_at`, `updated_at`) VALUES (5, 5, 'Dicta repellendus provident cum soluta est.', 'Et quae quam exercitationem ducimus vitae sed porro odit. Et et aut fugiat in. Doloribus dolores numquam expedita sit minima accusantium. Repellat corrupti sed autem vel.', 1, 2, '1986-06-03 00:16:12', '1970-08-05 04:33:31', '1990-06-27 09:48:31');
INSERT INTO `lesson_tasks` (`id`, `lesson_id`, `title`, `description`, `is_visibility`, `task_type_id`, `dedline_at`, `created_at`, `updated_at`) VALUES (6, 6, 'Officia nulla sint et ipsam necessitatibus voluptatem.', 'Delectus dolorem occaecati dolor. Repudiandae repudiandae quia eligendi. Est culpa fugit culpa. Distinctio sed quisquam sunt est.', 0, 3, '1978-11-22 12:10:01', '2017-12-23 18:26:41', '2017-11-08 00:14:49');
INSERT INTO `lesson_tasks` (`id`, `lesson_id`, `title`, `description`, `is_visibility`, `task_type_id`, `dedline_at`, `created_at`, `updated_at`) VALUES (7, 7, 'Impedit dolor aliquam nobis eligendi.', 'Nihil tempore molestiae ex dolores. Quidem ratione sed culpa. Rerum quam modi magnam eligendi consectetur dolorem omnis.', 0, 1, '1974-03-01 21:25:14', '1984-08-06 10:14:00', '2007-08-16 18:41:58');
INSERT INTO `lesson_tasks` (`id`, `lesson_id`, `title`, `description`, `is_visibility`, `task_type_id`, `dedline_at`, `created_at`, `updated_at`) VALUES (8, 8, 'Similique et libero at cum eos voluptatem.', 'Commodi dolore ex corrupti omnis. Sunt qui qui voluptatem harum sint. Dolorem et debitis porro ab.', 0, 2, '2017-04-16 22:37:25', '1973-03-02 12:51:51', '1982-09-28 06:19:09');
INSERT INTO `lesson_tasks` (`id`, `lesson_id`, `title`, `description`, `is_visibility`, `task_type_id`, `dedline_at`, `created_at`, `updated_at`) VALUES (9, 9, 'Magni facilis aut quia repudiandae fugit est et.', 'Voluptatem perferendis necessitatibus ab quo est temporibus eum. Quasi quibusdam officiis consequatur ratione. Itaque exercitationem aliquid ipsam voluptas in molestiae. In et laboriosam quis magni consectetur quam non est.', 1, 3, '1997-08-04 19:49:08', '1995-03-21 17:10:18', '1979-06-06 16:33:34');
INSERT INTO `lesson_tasks` (`id`, `lesson_id`, `title`, `description`, `is_visibility`, `task_type_id`, `dedline_at`, `created_at`, `updated_at`) VALUES (10, 10, 'Et ab ex voluptatem minima.', 'Suscipit vero quas sapiente voluptatibus laudantium repellat qui nam. Nostrum numquam similique quod blanditiis. Eligendi aut alias eligendi quis quae. Distinctio inventore quis est iusto qui quasi est.', 1, 1, '1974-04-13 19:20:35', '2001-08-04 04:06:55', '1984-08-12 01:14:07');
INSERT INTO `lesson_tasks` (`id`, `lesson_id`, `title`, `description`, `is_visibility`, `task_type_id`, `dedline_at`, `created_at`, `updated_at`) VALUES (11, 11, 'Veritatis quis minima corrupti sequi adipisci aliquam.', 'Dolor exercitationem enim et incidunt voluptatem et occaecati. Fugiat repudiandae ut porro maiores. Explicabo expedita voluptatum sint enim tempora quisquam iusto aperiam.', 1, 2, '1992-07-20 06:59:19', '1997-11-05 10:55:37', '2002-07-25 17:28:20');
INSERT INTO `lesson_tasks` (`id`, `lesson_id`, `title`, `description`, `is_visibility`, `task_type_id`, `dedline_at`, `created_at`, `updated_at`) VALUES (12, 12, 'Ipsa architecto ea qui.', 'Praesentium enim sint aliquam quia et. Ab officiis molestiae laborum omnis dolorum nemo quasi. Ipsam ea similique minima et id inventore. Aperiam omnis doloribus enim est sit incidunt sint.', 0, 3, '1993-05-24 08:43:10', '1987-09-20 07:11:38', '1989-10-30 13:36:47');
INSERT INTO `lesson_tasks` (`id`, `lesson_id`, `title`, `description`, `is_visibility`, `task_type_id`, `dedline_at`, `created_at`, `updated_at`) VALUES (13, 13, 'Tempora voluptas sapiente dolorum ut.', 'Enim ullam blanditiis est esse consectetur nobis. Esse illo omnis facere voluptatibus eaque quaerat. Non sint officiis fugit doloremque ex. Dicta assumenda unde est voluptatem velit et ducimus repellendus. Fuga repellat omnis aperiam voluptatem repudiandae esse.', 0, 1, '1984-04-27 09:43:28', '2004-07-17 14:51:04', '1970-11-14 02:33:46');
INSERT INTO `lesson_tasks` (`id`, `lesson_id`, `title`, `description`, `is_visibility`, `task_type_id`, `dedline_at`, `created_at`, `updated_at`) VALUES (14, 14, 'Repellat ab autem quibusdam quos.', 'Architecto consequuntur laudantium perferendis culpa et qui. Quibusdam veritatis vero corporis qui aliquam explicabo quisquam. Porro perferendis et expedita temporibus laborum laborum suscipit quos. Vel tempore et eaque eaque. Autem illo omnis reprehenderit aliquam fuga.', 0, 2, '1992-10-15 22:24:04', '1992-04-23 20:15:09', '1973-04-30 23:57:12');
INSERT INTO `lesson_tasks` (`id`, `lesson_id`, `title`, `description`, `is_visibility`, `task_type_id`, `dedline_at`, `created_at`, `updated_at`) VALUES (15, 15, 'Quis ut exercitationem consectetur.', 'Iusto sint ab quo soluta dolorem provident id quam. Corporis cum aut laudantium repudiandae dolorum sapiente. Eos porro consequuntur sequi. Ipsa praesentium cupiditate excepturi rerum dolores.', 1, 3, '1996-01-07 17:18:48', '2001-12-05 04:03:47', '1978-06-22 04:58:06');
INSERT INTO `lesson_tasks` (`id`, `lesson_id`, `title`, `description`, `is_visibility`, `task_type_id`, `dedline_at`, `created_at`, `updated_at`) VALUES (16, 16, 'Molestias consequatur ea odio quo.', 'Sit omnis labore ea veniam voluptatem. Excepturi nesciunt molestias recusandae. Et dignissimos quisquam ipsam quo. Maiores incidunt dolores veritatis. Nisi eveniet deserunt asperiores exercitationem.', 1, 1, '2000-03-17 14:17:26', '1998-07-09 02:18:00', '2015-05-19 08:43:00');
INSERT INTO `lesson_tasks` (`id`, `lesson_id`, `title`, `description`, `is_visibility`, `task_type_id`, `dedline_at`, `created_at`, `updated_at`) VALUES (17, 17, 'Repudiandae voluptatem corrupti qui repellendus deleniti.', 'Libero magni sed quisquam dolores. Ad animi distinctio et blanditiis fuga quas est.', 1, 2, '1977-10-09 20:39:27', '2003-05-16 16:41:26', '2018-10-04 16:01:57');
INSERT INTO `lesson_tasks` (`id`, `lesson_id`, `title`, `description`, `is_visibility`, `task_type_id`, `dedline_at`, `created_at`, `updated_at`) VALUES (18, 18, 'Recusandae possimus amet ullam ipsum vitae dolores quaerat.', 'Officia quaerat suscipit eaque. Quae neque maxime et. Odit omnis sint sed iusto sit mollitia. Sit amet dolores quae.', 1, 3, '2018-06-20 19:31:21', '1979-05-14 22:41:35', '2006-04-03 09:15:04');
INSERT INTO `lesson_tasks` (`id`, `lesson_id`, `title`, `description`, `is_visibility`, `task_type_id`, `dedline_at`, `created_at`, `updated_at`) VALUES (19, 19, 'Non doloribus quae officia animi sit.', 'Quis perspiciatis cumque suscipit. Qui occaecati est possimus maxime praesentium iste odit. Dignissimos dolorum numquam aliquam et eaque magnam explicabo.', 0, 1, '2005-05-25 22:29:26', '1981-02-17 12:08:11', '2020-12-23 09:07:36');
INSERT INTO `lesson_tasks` (`id`, `lesson_id`, `title`, `description`, `is_visibility`, `task_type_id`, `dedline_at`, `created_at`, `updated_at`) VALUES (20, 20, 'Quo ab est aspernatur necessitatibus doloremque dolore nostrum temporibus.', 'Tempora sed magnam molestiae quia incidunt aut voluptates ipsum. Exercitationem et eligendi ducimus perferendis eos distinctio vel. Vero ratione fugit numquam magni fuga. Libero veritatis non numquam similique est vel voluptas.', 0, 2, '1999-04-09 13:59:04', '1970-08-07 06:55:44', '1984-01-07 18:36:05');
INSERT INTO `lesson_tasks` (`id`, `lesson_id`, `title`, `description`, `is_visibility`, `task_type_id`, `dedline_at`, `created_at`, `updated_at`) VALUES (21, 21, 'Corrupti quae voluptatem dicta est tenetur consectetur cupiditate.', 'Ipsum consequatur dicta eum voluptates aut. Sapiente impedit sed qui repellendus excepturi illo laboriosam sit.', 1, 3, '1972-12-19 16:34:57', '2012-05-29 15:04:59', '1980-12-30 14:14:19');
INSERT INTO `lesson_tasks` (`id`, `lesson_id`, `title`, `description`, `is_visibility`, `task_type_id`, `dedline_at`, `created_at`, `updated_at`) VALUES (22, 22, 'Est soluta odio earum beatae.', 'Quisquam dicta quam ut incidunt. Vitae similique iure et sint et soluta nemo.', 1, 1, '1999-08-07 19:44:56', '2011-09-20 10:28:50', '1970-05-30 03:03:25');
INSERT INTO `lesson_tasks` (`id`, `lesson_id`, `title`, `description`, `is_visibility`, `task_type_id`, `dedline_at`, `created_at`, `updated_at`) VALUES (23, 23, 'Qui et est sint eveniet minima itaque.', 'Nesciunt rerum adipisci et commodi sed id ut. Eveniet veritatis deserunt similique maxime. Occaecati quidem eum quae quidem. Corporis deserunt voluptatem est similique minima alias odio.', 1, 2, '2012-03-31 08:58:16', '2020-06-09 11:23:48', '1989-01-04 21:20:58');
INSERT INTO `lesson_tasks` (`id`, `lesson_id`, `title`, `description`, `is_visibility`, `task_type_id`, `dedline_at`, `created_at`, `updated_at`) VALUES (24, 24, 'Magnam facere ex et deleniti quaerat praesentium.', 'Et harum ipsam quaerat occaecati consequatur qui enim vel. Aspernatur nesciunt reprehenderit sequi sed. Laboriosam quia voluptatem expedita consequuntur nostrum nisi sunt.', 0, 3, '2010-07-23 14:54:08', '2015-09-10 11:24:23', '2021-02-18 05:25:53');
INSERT INTO `lesson_tasks` (`id`, `lesson_id`, `title`, `description`, `is_visibility`, `task_type_id`, `dedline_at`, `created_at`, `updated_at`) VALUES (25, 25, 'Consequatur omnis odit est dolor voluptas.', 'Quia atque repellendus ipsam reiciendis earum ut. Quo incidunt velit quaerat similique cum consequatur corrupti. Placeat officia eos sunt consequuntur iusto magni ut dolores. Non est harum enim rem consectetur ut.', 0, 1, '1993-08-29 05:53:51', '1976-01-20 06:56:16', '1979-01-06 01:23:50');
INSERT INTO `lesson_tasks` (`id`, `lesson_id`, `title`, `description`, `is_visibility`, `task_type_id`, `dedline_at`, `created_at`, `updated_at`) VALUES (26, 26, 'Sit error voluptatibus qui impedit atque non est.', 'Quos quo ipsam alias est id eos. Qui eos voluptatum ut distinctio inventore in voluptatem. Ad excepturi minus est. Illo ut reprehenderit sed voluptatem labore earum qui vel.', 1, 2, '1977-12-10 19:19:25', '1983-01-02 08:46:17', '1989-12-25 03:14:15');
INSERT INTO `lesson_tasks` (`id`, `lesson_id`, `title`, `description`, `is_visibility`, `task_type_id`, `dedline_at`, `created_at`, `updated_at`) VALUES (27, 27, 'Id optio cupiditate voluptatibus cumque quos fugiat.', 'Ipsum quia doloremque sunt amet eum rerum sed. Corporis nihil necessitatibus culpa corporis rerum. Placeat molestias eos tenetur corrupti aliquid. Repudiandae non eos dolorum reprehenderit.', 0, 3, '1999-06-29 04:07:44', '2015-07-25 10:48:46', '1996-07-24 09:50:47');
INSERT INTO `lesson_tasks` (`id`, `lesson_id`, `title`, `description`, `is_visibility`, `task_type_id`, `dedline_at`, `created_at`, `updated_at`) VALUES (28, 28, 'Quo nemo neque et quos iste rerum sunt.', 'Exercitationem beatae rerum eum dolores blanditiis ut est. Porro ducimus voluptas ut autem quia ut esse. Error totam aut ab consequatur.', 1, 1, '2016-05-06 22:47:03', '2002-11-25 12:25:45', '1974-04-07 10:42:21');
INSERT INTO `lesson_tasks` (`id`, `lesson_id`, `title`, `description`, `is_visibility`, `task_type_id`, `dedline_at`, `created_at`, `updated_at`) VALUES (29, 29, 'Recusandae id laudantium sed.', 'Non sapiente consequatur non eaque magni et. Voluptatibus consequatur autem saepe nemo omnis. Doloribus ad voluptatum laboriosam ratione.', 1, 2, '2001-09-04 18:20:26', '2000-02-27 14:12:08', '1991-11-24 19:01:54');
INSERT INTO `lesson_tasks` (`id`, `lesson_id`, `title`, `description`, `is_visibility`, `task_type_id`, `dedline_at`, `created_at`, `updated_at`) VALUES (30, 30, 'Sit nesciunt sunt explicabo accusamus.', 'Id nam beatae et autem. Id quisquam laboriosam exercitationem laboriosam. Animi deserunt optio reprehenderit illo sit sit. Distinctio atque cupiditate nesciunt ab.', 0, 3, '1981-02-17 13:33:13', '2007-01-10 02:30:24', '1994-12-15 15:58:29');
INSERT INTO `lesson_tasks` (`id`, `lesson_id`, `title`, `description`, `is_visibility`, `task_type_id`, `dedline_at`, `created_at`, `updated_at`) VALUES (31, 31, 'Nisi omnis et aut ullam id.', 'Quibusdam delectus ipsam sunt animi at ut. Tenetur vel consequatur doloremque ut cumque quae quis assumenda. Fuga eum est id in suscipit aspernatur soluta. Nisi ut optio culpa vero itaque consequuntur voluptatibus.', 0, 1, '1976-10-16 19:35:00', '1998-09-20 16:22:10', '2007-11-05 19:51:31');
INSERT INTO `lesson_tasks` (`id`, `lesson_id`, `title`, `description`, `is_visibility`, `task_type_id`, `dedline_at`, `created_at`, `updated_at`) VALUES (32, 32, 'Velit commodi sunt in.', 'Sed quia consequuntur est deleniti dolor. Sed quibusdam odio eaque quae. Porro deleniti rerum nisi ratione quisquam voluptate rerum.', 1, 2, '2010-11-05 02:53:48', '1998-10-07 12:14:54', '2011-08-25 04:39:37');
INSERT INTO `lesson_tasks` (`id`, `lesson_id`, `title`, `description`, `is_visibility`, `task_type_id`, `dedline_at`, `created_at`, `updated_at`) VALUES (33, 33, 'Iste doloremque nostrum debitis.', 'Consectetur blanditiis autem sit. Autem pariatur et doloribus.', 0, 3, '1989-10-18 10:23:58', '1996-08-17 17:07:58', '1977-03-04 18:43:29');
INSERT INTO `lesson_tasks` (`id`, `lesson_id`, `title`, `description`, `is_visibility`, `task_type_id`, `dedline_at`, `created_at`, `updated_at`) VALUES (34, 34, 'Commodi et deleniti dolorum iusto aperiam maxime quo.', 'Voluptas sint qui laboriosam nihil ducimus. Voluptatum magnam voluptatem rerum fugiat. Autem ipsum ipsa molestias voluptas et earum ea.', 0, 1, '2010-09-01 17:19:45', '1982-06-19 16:44:20', '1974-11-18 16:35:04');
INSERT INTO `lesson_tasks` (`id`, `lesson_id`, `title`, `description`, `is_visibility`, `task_type_id`, `dedline_at`, `created_at`, `updated_at`) VALUES (35, 35, 'Unde id nihil sit amet illo explicabo qui.', 'Quisquam iusto ut voluptatem debitis excepturi. Illum ea sint aut quos soluta doloremque et. Illo eum ad velit modi. Qui voluptatum impedit eius est maxime non perferendis.', 0, 2, '1994-06-30 05:27:13', '1970-10-28 08:04:00', '2019-03-10 10:55:27');
INSERT INTO `lesson_tasks` (`id`, `lesson_id`, `title`, `description`, `is_visibility`, `task_type_id`, `dedline_at`, `created_at`, `updated_at`) VALUES (36, 36, 'Magnam reprehenderit quis enim reiciendis voluptatem.', 'Amet adipisci blanditiis repudiandae soluta quis aliquam totam fugiat. Error debitis qui pariatur corrupti. Necessitatibus nam ut quas dolor quibusdam.', 1, 3, '2003-04-17 06:47:34', '1989-10-30 06:49:02', '2001-05-24 19:50:24');
INSERT INTO `lesson_tasks` (`id`, `lesson_id`, `title`, `description`, `is_visibility`, `task_type_id`, `dedline_at`, `created_at`, `updated_at`) VALUES (37, 37, 'Veniam voluptate quia illum.', 'Dolores ea magnam neque dicta. Eum magnam quo veniam rerum ut. Rerum in quo voluptas ex voluptatem rerum a molestias. Id voluptas qui enim consectetur at.', 1, 1, '2002-03-16 15:52:31', '2009-04-20 14:20:19', '1990-06-04 09:10:34');
INSERT INTO `lesson_tasks` (`id`, `lesson_id`, `title`, `description`, `is_visibility`, `task_type_id`, `dedline_at`, `created_at`, `updated_at`) VALUES (38, 38, 'Quo perferendis ab consequatur dolor ut rerum ipsam.', 'Necessitatibus eveniet numquam magni velit suscipit iure. Quia dignissimos accusamus possimus perferendis nihil dolore odit. Expedita rerum cum autem soluta est sequi.', 1, 2, '2014-10-28 17:16:59', '1985-12-16 02:48:00', '2002-03-08 00:16:53');
INSERT INTO `lesson_tasks` (`id`, `lesson_id`, `title`, `description`, `is_visibility`, `task_type_id`, `dedline_at`, `created_at`, `updated_at`) VALUES (39, 39, 'Animi ratione autem itaque accusamus nesciunt nam occaecati.', 'Quis atque ipsam laudantium eum. Natus dignissimos ducimus et ut impedit qui. Ex in id qui atque quia. Enim minima vel iste delectus velit dicta.', 1, 3, '1989-02-24 05:38:05', '2003-04-26 07:00:53', '1975-04-23 19:22:13');
INSERT INTO `lesson_tasks` (`id`, `lesson_id`, `title`, `description`, `is_visibility`, `task_type_id`, `dedline_at`, `created_at`, `updated_at`) VALUES (40, 40, 'Optio dignissimos quas perferendis quo rem dolorum.', 'Est aut dolores vel molestias maxime reprehenderit. Perspiciatis deserunt optio est voluptatem officia sed occaecati. Est voluptas labore omnis doloremque. Dolorem vero sequi earum culpa rem.', 0, 1, '1998-02-22 02:08:40', '1981-08-14 01:32:48', '2017-12-21 21:25:57');
INSERT INTO `lesson_tasks` (`id`, `lesson_id`, `title`, `description`, `is_visibility`, `task_type_id`, `dedline_at`, `created_at`, `updated_at`) VALUES (41, 41, 'Dolore odio qui dignissimos facere et.', 'Exercitationem aliquid ab repellat quia. Consequuntur officia libero debitis omnis fugit. Libero labore odio iure commodi quis et.', 1, 2, '1990-10-11 12:41:57', '2003-10-10 11:36:41', '1971-11-19 11:07:38');
INSERT INTO `lesson_tasks` (`id`, `lesson_id`, `title`, `description`, `is_visibility`, `task_type_id`, `dedline_at`, `created_at`, `updated_at`) VALUES (42, 42, 'Ex dolorem dolor mollitia aspernatur in consequatur a.', 'Rerum et ut repellat facere facere ut aliquid. Excepturi quo earum et rerum sit. Incidunt sit enim nesciunt sit inventore sit laudantium officia. Aut est vel non qui.', 1, 3, '1998-10-05 02:22:28', '1999-05-03 07:21:19', '2004-07-28 23:32:39');
INSERT INTO `lesson_tasks` (`id`, `lesson_id`, `title`, `description`, `is_visibility`, `task_type_id`, `dedline_at`, `created_at`, `updated_at`) VALUES (43, 43, 'Dicta mollitia dolorem qui molestiae veniam sed.', 'Non iusto hic quos accusamus aut modi amet. Eaque et aut voluptatem similique et. Omnis porro dolore ad sed. Ut cupiditate in tempora inventore possimus quibusdam et.', 1, 1, '2008-07-16 01:10:59', '1997-04-20 09:01:11', '1999-12-11 07:44:12');
INSERT INTO `lesson_tasks` (`id`, `lesson_id`, `title`, `description`, `is_visibility`, `task_type_id`, `dedline_at`, `created_at`, `updated_at`) VALUES (44, 44, 'Aliquam sequi ipsa reiciendis nemo.', 'Enim doloribus officiis laudantium vitae. Ab a et qui perspiciatis ut. Sit ratione commodi optio aliquid. Quidem sed et temporibus vero ipsa delectus tempora maiores.', 1, 2, '1980-11-20 21:50:01', '1988-02-16 16:02:21', '2009-01-24 20:15:56');
INSERT INTO `lesson_tasks` (`id`, `lesson_id`, `title`, `description`, `is_visibility`, `task_type_id`, `dedline_at`, `created_at`, `updated_at`) VALUES (45, 45, 'Tempora dolorem ut dignissimos debitis.', 'Modi placeat in eligendi ipsa. Excepturi inventore quia non et ab est. Sunt quia fugit qui eaque ipsam. Aut in deleniti et ratione autem deserunt aperiam. Illum veritatis dolores quibusdam consequuntur.', 1, 3, '1980-11-08 02:03:40', '1972-11-04 09:11:41', '2009-04-24 12:43:03');
INSERT INTO `lesson_tasks` (`id`, `lesson_id`, `title`, `description`, `is_visibility`, `task_type_id`, `dedline_at`, `created_at`, `updated_at`) VALUES (46, 46, 'Eos quo blanditiis dolores sint.', 'Nulla aut nihil maxime excepturi quae et aut. Quia velit iste illo. Voluptatem velit pariatur ipsam occaecati.', 1, 1, '1982-03-17 22:58:41', '2020-04-21 12:24:18', '1994-02-24 16:45:32');
INSERT INTO `lesson_tasks` (`id`, `lesson_id`, `title`, `description`, `is_visibility`, `task_type_id`, `dedline_at`, `created_at`, `updated_at`) VALUES (47, 47, 'Fuga debitis deserunt assumenda reprehenderit beatae eum.', 'Incidunt explicabo reprehenderit soluta et omnis voluptatibus. Officiis quo quo harum dolorum. Nihil soluta necessitatibus unde voluptas expedita.', 0, 2, '1991-06-01 15:46:54', '1998-08-22 17:10:36', '2002-07-26 21:21:43');
INSERT INTO `lesson_tasks` (`id`, `lesson_id`, `title`, `description`, `is_visibility`, `task_type_id`, `dedline_at`, `created_at`, `updated_at`) VALUES (48, 48, 'Dolor sed animi illo natus et et.', 'Sit aut voluptatem quia modi neque pariatur optio. Esse soluta omnis laudantium blanditiis aut accusantium atque. Mollitia et rerum sit nostrum et quia.', 1, 3, '1997-12-18 20:00:48', '2016-08-29 18:55:20', '1979-04-14 13:56:42');
INSERT INTO `lesson_tasks` (`id`, `lesson_id`, `title`, `description`, `is_visibility`, `task_type_id`, `dedline_at`, `created_at`, `updated_at`) VALUES (49, 49, 'Exercitationem ex eius enim quis a.', 'Pariatur provident voluptas deserunt quasi in. Doloremque nostrum rerum praesentium eveniet corporis ut ut. Itaque omnis rerum nesciunt ut. Vel quod impedit reiciendis quo vero mollitia.', 0, 1, '1971-05-10 11:45:15', '2017-04-20 15:24:46', '2009-12-20 16:03:43');
INSERT INTO `lesson_tasks` (`id`, `lesson_id`, `title`, `description`, `is_visibility`, `task_type_id`, `dedline_at`, `created_at`, `updated_at`) VALUES (50, 50, 'Ex est est repellendus quos architecto ut.', 'Aliquid accusantium eum consequatur neque. Dolorum voluptas quis soluta eum magni non eligendi. Officia blanditiis ipsa quae voluptatem aliquid voluptatem quidem.', 1, 2, '1978-09-21 18:34:47', '2009-08-24 22:57:54', '1984-12-05 13:04:09');
INSERT INTO `lesson_tasks` (`id`, `lesson_id`, `title`, `description`, `is_visibility`, `task_type_id`, `dedline_at`, `created_at`, `updated_at`) VALUES (51, 51, 'Et consectetur est ea autem non dicta.', 'Dolorum ex odit exercitationem velit voluptas maxime. Rerum nobis error nam consequatur sit rerum mollitia. Voluptatem commodi corporis earum sed reiciendis. Natus nostrum illo ipsum porro.', 1, 3, '2003-05-10 15:37:27', '1984-07-02 02:51:04', '1980-01-26 19:31:17');
INSERT INTO `lesson_tasks` (`id`, `lesson_id`, `title`, `description`, `is_visibility`, `task_type_id`, `dedline_at`, `created_at`, `updated_at`) VALUES (52, 52, 'Vel recusandae cumque aut soluta accusantium aut.', 'Facere velit commodi quis ducimus qui sequi fugit. Eaque porro et blanditiis aut sapiente exercitationem officia nostrum. Minima deserunt et cumque eum voluptatem rem quaerat natus. Repellat et dolorem omnis magnam earum voluptatem cumque.', 0, 1, '1975-05-08 12:51:25', '1993-04-05 15:01:40', '1997-10-05 08:57:08');
INSERT INTO `lesson_tasks` (`id`, `lesson_id`, `title`, `description`, `is_visibility`, `task_type_id`, `dedline_at`, `created_at`, `updated_at`) VALUES (53, 53, 'Deleniti in fugit incidunt recusandae qui voluptas.', 'Qui est nihil iusto. Doloremque omnis non sunt enim accusantium tempora. Asperiores voluptatem sed dolore aut. Culpa facilis officiis qui recusandae rerum necessitatibus necessitatibus.', 1, 2, '1977-07-16 15:43:30', '2012-02-03 01:09:19', '1982-12-17 17:58:59');
INSERT INTO `lesson_tasks` (`id`, `lesson_id`, `title`, `description`, `is_visibility`, `task_type_id`, `dedline_at`, `created_at`, `updated_at`) VALUES (54, 54, 'Nostrum blanditiis et et consectetur earum ducimus quo.', 'Non voluptatum placeat molestiae ea. Cum in ipsum rerum perspiciatis. Rerum fuga dolorum magnam numquam autem labore. Magnam fuga quidem expedita et facere maxime beatae.', 1, 3, '1972-12-26 05:34:43', '2021-01-02 04:00:08', '1979-01-02 06:07:25');
INSERT INTO `lesson_tasks` (`id`, `lesson_id`, `title`, `description`, `is_visibility`, `task_type_id`, `dedline_at`, `created_at`, `updated_at`) VALUES (55, 55, 'Neque inventore soluta expedita fugit doloribus quos corrupti.', 'Architecto quo consequuntur quaerat pariatur vel veniam. Consequuntur et aspernatur praesentium ut nobis.', 1, 1, '2017-03-05 06:15:10', '1981-07-30 12:38:50', '2002-11-16 09:58:44');
INSERT INTO `lesson_tasks` (`id`, `lesson_id`, `title`, `description`, `is_visibility`, `task_type_id`, `dedline_at`, `created_at`, `updated_at`) VALUES (56, 56, 'Fugit ut distinctio earum minus officia ut in.', 'Eum voluptas ab animi quisquam et nisi ut. Id id est totam aut aut voluptatem impedit magnam. Ut minima excepturi illum sit cumque quo fugit. Dolores ullam minima fuga sunt rerum.', 0, 2, '1980-11-27 00:13:53', '1986-03-12 19:52:18', '1970-02-20 12:22:13');
INSERT INTO `lesson_tasks` (`id`, `lesson_id`, `title`, `description`, `is_visibility`, `task_type_id`, `dedline_at`, `created_at`, `updated_at`) VALUES (57, 57, 'Omnis consequatur inventore explicabo similique.', 'Molestias ducimus aliquam odit ut. Quas corporis saepe quo autem tempora veniam non. Quam soluta facilis ut voluptatem molestias qui.', 0, 3, '1984-11-30 05:25:04', '2001-01-13 21:26:03', '1975-01-31 19:58:33');
INSERT INTO `lesson_tasks` (`id`, `lesson_id`, `title`, `description`, `is_visibility`, `task_type_id`, `dedline_at`, `created_at`, `updated_at`) VALUES (58, 58, 'Voluptatem sequi aut nihil laudantium maxime dolor reiciendis.', 'Cupiditate cumque non dolorum nostrum iusto ipsa sed. Rerum consequuntur qui adipisci eum et qui. Optio provident id quasi ut mollitia.', 0, 1, '2014-01-29 10:21:26', '2021-01-10 20:31:55', '1988-07-22 12:49:43');
INSERT INTO `lesson_tasks` (`id`, `lesson_id`, `title`, `description`, `is_visibility`, `task_type_id`, `dedline_at`, `created_at`, `updated_at`) VALUES (59, 59, 'Saepe unde est aliquam.', 'Adipisci qui enim quos odio reiciendis voluptatem odit. Sit veritatis et quia. Nesciunt cumque maiores numquam vel ad dicta. Et aliquid sint dolor id qui quisquam quaerat.', 1, 2, '1984-11-26 01:26:59', '2006-10-13 02:14:51', '1986-12-06 13:59:50');
INSERT INTO `lesson_tasks` (`id`, `lesson_id`, `title`, `description`, `is_visibility`, `task_type_id`, `dedline_at`, `created_at`, `updated_at`) VALUES (60, 60, 'Laudantium soluta et officiis iure velit omnis quos.', 'Sed veritatis enim error dolorem. Eaque consequatur assumenda a quia qui quidem consectetur numquam. Omnis maiores voluptatibus facere est odio.', 1, 3, '2004-04-26 15:47:06', '2017-10-18 11:58:05', '1989-11-18 00:51:20');
INSERT INTO `lesson_tasks` (`id`, `lesson_id`, `title`, `description`, `is_visibility`, `task_type_id`, `dedline_at`, `created_at`, `updated_at`) VALUES (61, 61, 'Et magnam alias odit sint aspernatur qui.', 'Consequatur quaerat beatae quibusdam ratione iure qui ut. Atque laudantium minus beatae vel perspiciatis expedita deserunt. Repellat molestiae voluptatem non assumenda et. Velit ex nihil saepe exercitationem qui suscipit quia.', 1, 1, '2012-09-05 04:10:02', '2003-10-23 18:23:41', '1995-01-12 15:44:59');
INSERT INTO `lesson_tasks` (`id`, `lesson_id`, `title`, `description`, `is_visibility`, `task_type_id`, `dedline_at`, `created_at`, `updated_at`) VALUES (62, 62, 'Quo ea perferendis corrupti rerum atque.', 'Alias nihil est aperiam est. Dicta reiciendis fugit quibusdam vel. Molestiae velit assumenda ullam voluptas odio. Est quidem quia minima reprehenderit iusto.', 0, 2, '2015-10-26 06:53:01', '1976-11-07 14:37:19', '2008-08-30 21:24:28');
INSERT INTO `lesson_tasks` (`id`, `lesson_id`, `title`, `description`, `is_visibility`, `task_type_id`, `dedline_at`, `created_at`, `updated_at`) VALUES (63, 63, 'Deserunt rem qui et qui assumenda.', 'Cupiditate distinctio laborum natus enim dolore rerum ex. Repellendus eos dolor sit. Et et corporis voluptatem illum sunt. Eos voluptas et sint non maiores.', 1, 3, '1990-09-06 09:30:30', '2001-03-11 12:30:28', '1974-11-13 06:50:27');
INSERT INTO `lesson_tasks` (`id`, `lesson_id`, `title`, `description`, `is_visibility`, `task_type_id`, `dedline_at`, `created_at`, `updated_at`) VALUES (64, 64, 'Aspernatur quidem at mollitia.', 'Velit eos voluptatum eius accusantium porro accusantium ut. Distinctio molestiae unde nihil magni eos labore suscipit.', 0, 1, '1980-03-05 15:33:20', '2021-04-25 15:51:51', '1983-10-23 02:25:36');
INSERT INTO `lesson_tasks` (`id`, `lesson_id`, `title`, `description`, `is_visibility`, `task_type_id`, `dedline_at`, `created_at`, `updated_at`) VALUES (65, 65, 'Provident facere dignissimos velit quidem ea nihil.', 'Facere in optio aperiam aperiam et quibusdam ut. Id explicabo atque non nemo. Aut rem reprehenderit officia illo et numquam ut.', 1, 2, '2014-08-12 23:44:37', '1971-11-07 01:40:31', '2018-07-17 18:52:00');
INSERT INTO `lesson_tasks` (`id`, `lesson_id`, `title`, `description`, `is_visibility`, `task_type_id`, `dedline_at`, `created_at`, `updated_at`) VALUES (66, 66, 'Est officia maxime voluptatibus omnis.', 'Asperiores non commodi eius est. Repudiandae laborum eos adipisci sed. Molestias officia eligendi velit delectus minus sint.', 0, 3, '2014-07-19 09:26:30', '1987-06-16 13:34:08', '2019-11-24 05:57:23');
INSERT INTO `lesson_tasks` (`id`, `lesson_id`, `title`, `description`, `is_visibility`, `task_type_id`, `dedline_at`, `created_at`, `updated_at`) VALUES (67, 67, 'Quis aliquid quisquam possimus corrupti.', 'Consequatur et distinctio quam sit. Molestiae unde repudiandae est.', 0, 1, '1980-07-21 03:43:20', '2021-04-22 17:11:51', '2005-02-10 09:41:51');
INSERT INTO `lesson_tasks` (`id`, `lesson_id`, `title`, `description`, `is_visibility`, `task_type_id`, `dedline_at`, `created_at`, `updated_at`) VALUES (68, 68, 'Dolor voluptatem omnis nihil tenetur nihil enim consequatur.', 'Soluta adipisci eum non ducimus. Rem ut sapiente pariatur nesciunt qui. Tempora itaque dolorem iusto qui repellendus.', 0, 2, '1984-10-16 23:29:46', '2015-08-22 20:14:52', '2015-04-01 00:17:09');
INSERT INTO `lesson_tasks` (`id`, `lesson_id`, `title`, `description`, `is_visibility`, `task_type_id`, `dedline_at`, `created_at`, `updated_at`) VALUES (69, 69, 'Corporis numquam pariatur odio aut cupiditate aliquam aliquid.', 'Cum quo nulla ullam velit perferendis et. Consequatur ullam soluta dicta sequi vel. Quisquam tempore maiores eum et voluptatem. Sed consequatur autem ipsa at.', 0, 3, '2007-06-19 06:59:16', '2000-03-15 01:47:34', '2013-09-15 12:48:26');
INSERT INTO `lesson_tasks` (`id`, `lesson_id`, `title`, `description`, `is_visibility`, `task_type_id`, `dedline_at`, `created_at`, `updated_at`) VALUES (70, 70, 'Quis omnis quo fugit culpa porro ducimus voluptas ab.', 'Ad modi explicabo magnam harum sunt eveniet veniam placeat. Culpa eos quaerat distinctio in quas qui. Qui iure esse repellendus non.', 0, 1, '2020-09-11 05:03:10', '2000-04-09 14:05:50', '2014-06-13 14:20:33');
INSERT INTO `lesson_tasks` (`id`, `lesson_id`, `title`, `description`, `is_visibility`, `task_type_id`, `dedline_at`, `created_at`, `updated_at`) VALUES (71, 71, 'Iusto autem qui fugiat tempora est aliquid vero reprehenderit.', 'Repellendus suscipit sit est quis eius nobis. Dolor iure rerum ut ut maiores. Ea voluptatem itaque dolores eaque.', 1, 2, '2017-01-19 10:08:24', '2021-03-13 17:40:25', '2015-06-23 16:50:42');
INSERT INTO `lesson_tasks` (`id`, `lesson_id`, `title`, `description`, `is_visibility`, `task_type_id`, `dedline_at`, `created_at`, `updated_at`) VALUES (72, 72, 'Ut nostrum in at sapiente odit.', 'Vitae eum et est. Facilis rerum ut autem eos eaque.', 0, 3, '1999-09-12 04:48:15', '2015-03-08 05:55:43', '1970-12-06 10:39:29');
INSERT INTO `lesson_tasks` (`id`, `lesson_id`, `title`, `description`, `is_visibility`, `task_type_id`, `dedline_at`, `created_at`, `updated_at`) VALUES (73, 73, 'Culpa ex sed quibusdam necessitatibus.', 'Exercitationem debitis nihil voluptas corrupti omnis. Totam et incidunt neque quia. Ut qui quo quo eius quaerat minus fugiat eligendi.', 1, 1, '2002-03-19 21:06:12', '1988-12-07 09:49:16', '1995-10-23 17:12:15');
INSERT INTO `lesson_tasks` (`id`, `lesson_id`, `title`, `description`, `is_visibility`, `task_type_id`, `dedline_at`, `created_at`, `updated_at`) VALUES (74, 74, 'Nulla et enim dolore nostrum.', 'Ea blanditiis repellat asperiores velit deserunt animi voluptatem. Ex voluptatem id quis non architecto occaecati. Ut sed consequatur veniam sint suscipit odit qui. Cupiditate voluptatem ex aliquam doloremque laboriosam dolor illum.', 1, 2, '1972-12-27 00:53:12', '1986-12-04 20:26:05', '2010-03-07 03:04:51');
INSERT INTO `lesson_tasks` (`id`, `lesson_id`, `title`, `description`, `is_visibility`, `task_type_id`, `dedline_at`, `created_at`, `updated_at`) VALUES (75, 75, 'Aut non quia id ea libero exercitationem recusandae.', 'Voluptatum illo iure ut ea dolore consequatur assumenda. Sequi illo et officia ut sit qui ut. Ab necessitatibus omnis eos laborum harum.', 1, 3, '1991-06-03 01:43:37', '1970-04-25 11:53:39', '2019-02-17 17:15:43');
INSERT INTO `lesson_tasks` (`id`, `lesson_id`, `title`, `description`, `is_visibility`, `task_type_id`, `dedline_at`, `created_at`, `updated_at`) VALUES (76, 76, 'Ullam molestiae odio molestias laudantium minus debitis est.', 'Minima molestiae quod alias in non sequi voluptates. Non a itaque enim omnis illo deserunt quia. Debitis quos impedit enim dolore placeat voluptatem corporis.', 0, 1, '1972-09-05 01:02:48', '1992-02-20 15:37:15', '2001-08-26 14:13:42');
INSERT INTO `lesson_tasks` (`id`, `lesson_id`, `title`, `description`, `is_visibility`, `task_type_id`, `dedline_at`, `created_at`, `updated_at`) VALUES (77, 77, 'Doloremque quo deleniti voluptatum.', 'Totam expedita maiores soluta qui repellendus molestiae incidunt. Assumenda aut id nulla labore molestias rerum quae. Quod doloremque magni voluptatem labore voluptate laboriosam omnis.', 0, 2, '2019-08-22 21:01:47', '2012-08-13 01:46:46', '1987-01-22 12:12:53');
INSERT INTO `lesson_tasks` (`id`, `lesson_id`, `title`, `description`, `is_visibility`, `task_type_id`, `dedline_at`, `created_at`, `updated_at`) VALUES (78, 78, 'Occaecati tempora ullam in laboriosam.', 'Temporibus quis velit dolorum beatae pariatur. Deserunt inventore dolorem itaque autem laudantium dolores. Saepe tenetur laudantium vel ut minus perferendis expedita ut.', 1, 3, '2021-01-05 13:02:11', '2008-06-27 04:44:24', '1996-10-05 17:03:09');
INSERT INTO `lesson_tasks` (`id`, `lesson_id`, `title`, `description`, `is_visibility`, `task_type_id`, `dedline_at`, `created_at`, `updated_at`) VALUES (79, 79, 'Ut velit eaque eaque tempore voluptates dolore suscipit.', 'Nisi et reiciendis aut accusamus sed earum accusamus. Et ducimus voluptate dolorem. Et occaecati earum eum rerum provident quaerat. Et qui voluptatem alias autem.', 0, 1, '1985-09-12 15:09:26', '1986-08-14 02:32:03', '2005-08-23 06:25:43');
INSERT INTO `lesson_tasks` (`id`, `lesson_id`, `title`, `description`, `is_visibility`, `task_type_id`, `dedline_at`, `created_at`, `updated_at`) VALUES (80, 80, 'Consectetur labore harum explicabo.', 'In facere qui facilis amet qui sit. Et nesciunt placeat cum laborum voluptatem aperiam cumque provident.', 1, 2, '1987-11-23 08:45:52', '2001-09-21 11:13:44', '2003-12-26 08:57:15');
INSERT INTO `lesson_tasks` (`id`, `lesson_id`, `title`, `description`, `is_visibility`, `task_type_id`, `dedline_at`, `created_at`, `updated_at`) VALUES (81, 81, 'Autem quos ut officia eos eligendi deleniti est.', 'Voluptas quos delectus tempora quasi. Nemo sequi ullam quia rerum. Corrupti ut harum quis pariatur.', 1, 3, '1989-01-19 10:17:17', '2000-06-30 02:57:45', '1996-11-01 21:13:09');
INSERT INTO `lesson_tasks` (`id`, `lesson_id`, `title`, `description`, `is_visibility`, `task_type_id`, `dedline_at`, `created_at`, `updated_at`) VALUES (82, 82, 'Optio distinctio minima sed molestiae quia.', 'A veritatis dignissimos harum magnam et qui totam. Explicabo omnis velit dolor rerum laudantium. Vel ea delectus id consequatur dicta quis consequatur ut.', 1, 1, '1986-10-19 15:19:12', '2010-01-05 06:36:14', '2020-06-28 13:12:01');
INSERT INTO `lesson_tasks` (`id`, `lesson_id`, `title`, `description`, `is_visibility`, `task_type_id`, `dedline_at`, `created_at`, `updated_at`) VALUES (83, 83, 'Quo error excepturi quam nihil.', 'Harum ducimus vitae voluptatibus inventore possimus molestiae nam. Tempora id sed optio necessitatibus.', 0, 2, '1986-03-03 22:26:13', '2007-07-18 07:52:37', '1974-05-03 17:05:28');
INSERT INTO `lesson_tasks` (`id`, `lesson_id`, `title`, `description`, `is_visibility`, `task_type_id`, `dedline_at`, `created_at`, `updated_at`) VALUES (84, 84, 'Tenetur doloribus facilis est doloremque sunt dolores.', 'Molestiae est ipsum aut quibusdam saepe sapiente. Dolor aliquid est neque maiores. Pariatur quo facere officia tempore quo ad. Rerum beatae eaque consequatur debitis.', 1, 3, '1988-03-23 13:13:12', '2001-10-01 05:26:30', '2017-01-22 16:14:16');
INSERT INTO `lesson_tasks` (`id`, `lesson_id`, `title`, `description`, `is_visibility`, `task_type_id`, `dedline_at`, `created_at`, `updated_at`) VALUES (85, 85, 'Soluta illum est adipisci quis molestiae veritatis ut.', 'Explicabo optio amet aperiam eos vitae eos. Et quidem repudiandae cumque odit. Rerum corporis repudiandae a rem recusandae.', 1, 1, '2015-04-12 06:17:39', '2004-02-29 05:23:52', '1987-06-03 00:40:33');
INSERT INTO `lesson_tasks` (`id`, `lesson_id`, `title`, `description`, `is_visibility`, `task_type_id`, `dedline_at`, `created_at`, `updated_at`) VALUES (86, 86, 'Ad mollitia temporibus numquam rerum.', 'Aut quia tenetur illo laborum. Natus non nihil aliquid distinctio praesentium odio rerum. Officiis consectetur rerum officiis itaque et. Iste quaerat possimus est iste.', 0, 2, '1997-07-08 15:29:46', '2002-10-28 12:28:51', '1990-12-06 20:19:00');
INSERT INTO `lesson_tasks` (`id`, `lesson_id`, `title`, `description`, `is_visibility`, `task_type_id`, `dedline_at`, `created_at`, `updated_at`) VALUES (87, 87, 'Sed consequatur iste rerum cupiditate ad dolor est.', 'Est dolore aut alias molestiae. Earum est aut cupiditate aut quas quia. Beatae voluptatem laboriosam sit provident quibusdam earum. Sit pariatur autem eaque rerum.', 1, 3, '1984-03-24 22:54:19', '2010-05-30 10:40:19', '1982-02-02 17:38:55');
INSERT INTO `lesson_tasks` (`id`, `lesson_id`, `title`, `description`, `is_visibility`, `task_type_id`, `dedline_at`, `created_at`, `updated_at`) VALUES (88, 88, 'Optio incidunt vitae ut.', 'Consequatur dolore explicabo qui inventore pariatur. Laboriosam error delectus atque commodi sint quaerat. Qui voluptate consequuntur non sed quia.', 0, 1, '1975-01-25 03:11:04', '1973-07-08 18:54:24', '1972-05-05 09:13:24');
INSERT INTO `lesson_tasks` (`id`, `lesson_id`, `title`, `description`, `is_visibility`, `task_type_id`, `dedline_at`, `created_at`, `updated_at`) VALUES (89, 89, 'Eligendi in qui accusamus reiciendis laborum maiores a.', 'Qui sequi dicta distinctio sit non in. Et deleniti harum accusamus qui.', 0, 2, '1997-06-15 10:13:59', '1982-02-08 16:00:54', '1971-10-09 13:18:27');
INSERT INTO `lesson_tasks` (`id`, `lesson_id`, `title`, `description`, `is_visibility`, `task_type_id`, `dedline_at`, `created_at`, `updated_at`) VALUES (90, 90, 'Debitis sit totam eum.', 'Non atque quia sit numquam aliquam aut. Eum voluptatem dicta aut consequatur illum veritatis est. Minus et quas expedita quam.', 1, 3, '2013-08-24 08:51:22', '2006-12-25 19:39:32', '1979-07-24 19:09:10');
INSERT INTO `lesson_tasks` (`id`, `lesson_id`, `title`, `description`, `is_visibility`, `task_type_id`, `dedline_at`, `created_at`, `updated_at`) VALUES (91, 91, 'Veniam inventore qui aut enim molestiae et et.', 'Eos qui magni sunt ullam veritatis repellat iste quis. Numquam nostrum numquam vel voluptatem.', 1, 1, '1997-01-30 12:43:49', '2009-12-13 14:31:53', '1975-01-04 02:25:52');
INSERT INTO `lesson_tasks` (`id`, `lesson_id`, `title`, `description`, `is_visibility`, `task_type_id`, `dedline_at`, `created_at`, `updated_at`) VALUES (92, 92, 'Iure sit soluta quia sed et repudiandae odit.', 'Et ullam consequuntur omnis et. Est eos velit est repellendus. Rerum sed tempore doloribus.', 0, 2, '2001-04-21 13:41:02', '1983-04-10 02:28:42', '1978-09-14 02:41:27');
INSERT INTO `lesson_tasks` (`id`, `lesson_id`, `title`, `description`, `is_visibility`, `task_type_id`, `dedline_at`, `created_at`, `updated_at`) VALUES (93, 93, 'Consectetur placeat velit dolor itaque a.', 'Harum consequatur adipisci ratione hic voluptas optio omnis. A iste facilis tenetur aut reiciendis quidem. Esse sit odio voluptatibus.', 0, 3, '1997-03-05 15:48:13', '1988-05-01 02:01:16', '1992-07-07 08:26:37');
INSERT INTO `lesson_tasks` (`id`, `lesson_id`, `title`, `description`, `is_visibility`, `task_type_id`, `dedline_at`, `created_at`, `updated_at`) VALUES (94, 94, 'Exercitationem quia ut excepturi sapiente quia magnam numquam.', 'Inventore id beatae temporibus iusto nobis sit et. Numquam et voluptatem harum ducimus doloribus. Labore quia sed est dolore soluta libero. Doloremque est reprehenderit consequatur molestiae ipsum.', 0, 1, '1988-01-11 08:29:28', '2002-03-23 11:41:04', '2020-09-07 22:03:23');
INSERT INTO `lesson_tasks` (`id`, `lesson_id`, `title`, `description`, `is_visibility`, `task_type_id`, `dedline_at`, `created_at`, `updated_at`) VALUES (95, 95, 'Nihil repellendus veritatis praesentium.', 'Vel non et fuga corrupti tenetur. Velit laboriosam facilis eum libero sint architecto aut. Minus aliquam autem a laudantium.', 0, 2, '1979-06-09 20:24:00', '2013-09-23 17:48:04', '1977-04-20 08:39:53');
INSERT INTO `lesson_tasks` (`id`, `lesson_id`, `title`, `description`, `is_visibility`, `task_type_id`, `dedline_at`, `created_at`, `updated_at`) VALUES (96, 96, 'Quia fugit quos facere voluptate.', 'Molestiae in sit quia neque ullam. Et soluta vel sunt nemo aliquid nostrum ad. Dolor aliquid quo nulla voluptas consequatur quae.', 0, 3, '2018-07-21 20:02:12', '1982-04-15 14:52:06', '2007-09-03 17:35:28');
INSERT INTO `lesson_tasks` (`id`, `lesson_id`, `title`, `description`, `is_visibility`, `task_type_id`, `dedline_at`, `created_at`, `updated_at`) VALUES (97, 97, 'Laudantium sapiente veritatis architecto iusto possimus.', 'Est amet deleniti adipisci velit beatae sunt ut voluptatem. Exercitationem consequuntur eum vel voluptas molestiae inventore. Qui maiores maiores ipsam dolor nostrum est.', 0, 1, '1985-06-11 17:24:10', '1979-07-13 10:55:26', '1972-09-09 17:47:07');
INSERT INTO `lesson_tasks` (`id`, `lesson_id`, `title`, `description`, `is_visibility`, `task_type_id`, `dedline_at`, `created_at`, `updated_at`) VALUES (98, 98, 'Enim voluptatem perspiciatis nesciunt hic quas.', 'Ut repellendus eius illo voluptas. Et laboriosam suscipit ipsa voluptas iure est sed. Quidem aliquid omnis soluta consequatur recusandae quia quia.', 0, 2, '1986-01-11 22:32:57', '1993-01-01 19:01:30', '1990-05-23 03:36:55');
INSERT INTO `lesson_tasks` (`id`, `lesson_id`, `title`, `description`, `is_visibility`, `task_type_id`, `dedline_at`, `created_at`, `updated_at`) VALUES (99, 99, 'Assumenda qui nostrum molestiae sapiente quas consectetur ipsum deleniti.', 'Quia quas qui omnis nulla. Voluptates sint dolorem blanditiis sed accusamus. Aut nostrum quo iure quis reiciendis. Voluptatem voluptatem officia reprehenderit ab et qui consectetur.', 1, 3, '1987-11-18 23:17:41', '1989-05-13 17:43:05', '1973-07-21 10:39:53');
INSERT INTO `lesson_tasks` (`id`, `lesson_id`, `title`, `description`, `is_visibility`, `task_type_id`, `dedline_at`, `created_at`, `updated_at`) VALUES (100, 100, 'Dolores minima recusandae autem voluptatem.', 'Fugit sint aut velit eum ea molestiae. Modi error et aut repellat asperiores consequatur ea accusantium. Est id illum atque est corrupti placeat.', 1, 1, '2019-05-02 08:38:45', '1972-03-26 23:37:05', '2015-08-09 15:53:18');

#
# TABLE STRUCTURE FOR: course_students
#

INSERT INTO `course_students` (`course_id`, `student_id`, `created_at`) VALUES (1, 1, '1977-11-16 15:31:22');
INSERT INTO `course_students` (`course_id`, `student_id`, `created_at`) VALUES (1, 51, '2014-05-22 03:33:44');
INSERT INTO `course_students` (`course_id`, `student_id`, `created_at`) VALUES (2, 2, '2009-12-22 11:49:20');
INSERT INTO `course_students` (`course_id`, `student_id`, `created_at`) VALUES (2, 52, '2011-12-12 23:44:28');
INSERT INTO `course_students` (`course_id`, `student_id`, `created_at`) VALUES (3, 3, '1970-01-21 05:48:13');
INSERT INTO `course_students` (`course_id`, `student_id`, `created_at`) VALUES (3, 53, '1970-09-03 16:34:27');
INSERT INTO `course_students` (`course_id`, `student_id`, `created_at`) VALUES (4, 4, '1981-03-20 02:48:10');
INSERT INTO `course_students` (`course_id`, `student_id`, `created_at`) VALUES (4, 54, '1990-06-06 01:42:41');
INSERT INTO `course_students` (`course_id`, `student_id`, `created_at`) VALUES (5, 5, '1987-02-19 04:30:12');
INSERT INTO `course_students` (`course_id`, `student_id`, `created_at`) VALUES (5, 55, '1994-04-08 02:30:39');
INSERT INTO `course_students` (`course_id`, `student_id`, `created_at`) VALUES (6, 6, '1995-03-08 13:22:37');
INSERT INTO `course_students` (`course_id`, `student_id`, `created_at`) VALUES (6, 56, '1996-10-13 04:25:51');
INSERT INTO `course_students` (`course_id`, `student_id`, `created_at`) VALUES (7, 7, '2016-04-05 10:46:17');
INSERT INTO `course_students` (`course_id`, `student_id`, `created_at`) VALUES (7, 57, '1970-04-10 15:25:32');
INSERT INTO `course_students` (`course_id`, `student_id`, `created_at`) VALUES (8, 8, '2012-06-30 11:51:07');
INSERT INTO `course_students` (`course_id`, `student_id`, `created_at`) VALUES (8, 58, '1997-04-04 18:51:29');
INSERT INTO `course_students` (`course_id`, `student_id`, `created_at`) VALUES (9, 9, '1992-12-29 16:58:22');
INSERT INTO `course_students` (`course_id`, `student_id`, `created_at`) VALUES (9, 59, '2007-10-22 14:22:35');
INSERT INTO `course_students` (`course_id`, `student_id`, `created_at`) VALUES (10, 10, '2009-09-06 01:29:13');
INSERT INTO `course_students` (`course_id`, `student_id`, `created_at`) VALUES (10, 60, '1981-02-26 21:50:10');
INSERT INTO `course_students` (`course_id`, `student_id`, `created_at`) VALUES (11, 11, '2015-12-26 23:58:44');
INSERT INTO `course_students` (`course_id`, `student_id`, `created_at`) VALUES (11, 61, '1980-01-16 00:45:30');
INSERT INTO `course_students` (`course_id`, `student_id`, `created_at`) VALUES (12, 12, '2001-11-06 07:30:28');
INSERT INTO `course_students` (`course_id`, `student_id`, `created_at`) VALUES (12, 62, '2018-02-23 19:10:27');
INSERT INTO `course_students` (`course_id`, `student_id`, `created_at`) VALUES (13, 13, '1993-06-21 05:09:01');
INSERT INTO `course_students` (`course_id`, `student_id`, `created_at`) VALUES (13, 63, '1970-03-07 12:58:32');
INSERT INTO `course_students` (`course_id`, `student_id`, `created_at`) VALUES (14, 14, '1971-03-21 18:16:05');
INSERT INTO `course_students` (`course_id`, `student_id`, `created_at`) VALUES (14, 64, '2001-01-15 16:39:32');
INSERT INTO `course_students` (`course_id`, `student_id`, `created_at`) VALUES (15, 15, '2008-07-16 16:38:10');
INSERT INTO `course_students` (`course_id`, `student_id`, `created_at`) VALUES (15, 65, '1994-11-21 22:12:04');
INSERT INTO `course_students` (`course_id`, `student_id`, `created_at`) VALUES (16, 16, '1980-03-22 01:20:10');
INSERT INTO `course_students` (`course_id`, `student_id`, `created_at`) VALUES (16, 66, '1991-09-16 00:08:59');
INSERT INTO `course_students` (`course_id`, `student_id`, `created_at`) VALUES (17, 17, '1971-01-19 18:45:56');
INSERT INTO `course_students` (`course_id`, `student_id`, `created_at`) VALUES (17, 67, '1981-01-26 19:04:57');
INSERT INTO `course_students` (`course_id`, `student_id`, `created_at`) VALUES (18, 18, '1984-09-22 07:18:56');
INSERT INTO `course_students` (`course_id`, `student_id`, `created_at`) VALUES (18, 68, '1993-10-28 01:43:46');
INSERT INTO `course_students` (`course_id`, `student_id`, `created_at`) VALUES (19, 19, '1991-03-02 06:18:23');
INSERT INTO `course_students` (`course_id`, `student_id`, `created_at`) VALUES (19, 69, '1996-10-25 23:04:50');
INSERT INTO `course_students` (`course_id`, `student_id`, `created_at`) VALUES (20, 20, '1974-01-17 10:35:20');
INSERT INTO `course_students` (`course_id`, `student_id`, `created_at`) VALUES (20, 70, '1972-09-13 05:01:46');
INSERT INTO `course_students` (`course_id`, `student_id`, `created_at`) VALUES (21, 21, '1988-06-02 08:41:47');
INSERT INTO `course_students` (`course_id`, `student_id`, `created_at`) VALUES (21, 71, '1997-03-01 18:06:10');
INSERT INTO `course_students` (`course_id`, `student_id`, `created_at`) VALUES (22, 22, '2018-04-12 14:06:59');
INSERT INTO `course_students` (`course_id`, `student_id`, `created_at`) VALUES (22, 72, '2020-11-10 08:13:48');
INSERT INTO `course_students` (`course_id`, `student_id`, `created_at`) VALUES (23, 23, '2001-08-30 17:49:58');
INSERT INTO `course_students` (`course_id`, `student_id`, `created_at`) VALUES (23, 73, '1985-06-26 11:11:01');
INSERT INTO `course_students` (`course_id`, `student_id`, `created_at`) VALUES (24, 24, '1972-12-11 19:37:42');
INSERT INTO `course_students` (`course_id`, `student_id`, `created_at`) VALUES (24, 74, '2005-11-23 15:15:11');
INSERT INTO `course_students` (`course_id`, `student_id`, `created_at`) VALUES (25, 25, '1984-08-02 15:07:25');
INSERT INTO `course_students` (`course_id`, `student_id`, `created_at`) VALUES (25, 75, '2004-11-14 13:14:17');
INSERT INTO `course_students` (`course_id`, `student_id`, `created_at`) VALUES (26, 26, '1981-11-05 01:26:24');
INSERT INTO `course_students` (`course_id`, `student_id`, `created_at`) VALUES (26, 76, '2004-07-14 07:46:31');
INSERT INTO `course_students` (`course_id`, `student_id`, `created_at`) VALUES (27, 27, '1990-03-02 23:37:12');
INSERT INTO `course_students` (`course_id`, `student_id`, `created_at`) VALUES (27, 77, '1983-10-11 16:26:49');
INSERT INTO `course_students` (`course_id`, `student_id`, `created_at`) VALUES (28, 28, '2017-07-08 03:14:12');
INSERT INTO `course_students` (`course_id`, `student_id`, `created_at`) VALUES (28, 78, '2000-08-06 17:06:09');
INSERT INTO `course_students` (`course_id`, `student_id`, `created_at`) VALUES (29, 29, '1984-12-02 00:31:27');
INSERT INTO `course_students` (`course_id`, `student_id`, `created_at`) VALUES (29, 79, '1985-11-22 01:16:22');
INSERT INTO `course_students` (`course_id`, `student_id`, `created_at`) VALUES (30, 30, '1979-12-22 02:05:12');
INSERT INTO `course_students` (`course_id`, `student_id`, `created_at`) VALUES (30, 80, '1988-07-31 07:46:20');
INSERT INTO `course_students` (`course_id`, `student_id`, `created_at`) VALUES (11, 31, '2000-02-05 01:27:27');
INSERT INTO `course_students` (`course_id`, `student_id`, `created_at`) VALUES (21, 81, '1990-10-21 01:46:13');
INSERT INTO `course_students` (`course_id`, `student_id`, `created_at`) VALUES (22, 32, '1997-07-28 01:54:42');
INSERT INTO `course_students` (`course_id`, `student_id`, `created_at`) VALUES (2, 82, '1982-02-14 04:04:54');
INSERT INTO `course_students` (`course_id`, `student_id`, `created_at`) VALUES (23, 33, '2014-09-14 21:26:08');
INSERT INTO `course_students` (`course_id`, `student_id`, `created_at`) VALUES (3, 83, '2013-06-18 02:07:21');
INSERT INTO `course_students` (`course_id`, `student_id`, `created_at`) VALUES (14, 34, '2006-06-20 08:10:37');
INSERT INTO `course_students` (`course_id`, `student_id`, `created_at`) VALUES (24, 84, '1986-03-04 03:02:06');
INSERT INTO `course_students` (`course_id`, `student_id`, `created_at`) VALUES (15, 35, '2015-05-01 07:18:48');
INSERT INTO `course_students` (`course_id`, `student_id`, `created_at`) VALUES (5, 85, '1977-11-01 21:48:24');
INSERT INTO `course_students` (`course_id`, `student_id`, `created_at`) VALUES (6, 36, '2014-05-18 13:06:01');
INSERT INTO `course_students` (`course_id`, `student_id`, `created_at`) VALUES (26, 86, '1997-02-14 04:41:07');
INSERT INTO `course_students` (`course_id`, `student_id`, `created_at`) VALUES (17, 37, '1997-10-03 09:34:08');
INSERT INTO `course_students` (`course_id`, `student_id`, `created_at`) VALUES (7, 87, '1999-09-19 05:46:17');
INSERT INTO `course_students` (`course_id`, `student_id`, `created_at`) VALUES (28, 38, '2017-09-25 22:02:58');
INSERT INTO `course_students` (`course_id`, `student_id`, `created_at`) VALUES (18, 88, '2018-10-17 04:38:02');
INSERT INTO `course_students` (`course_id`, `student_id`, `created_at`) VALUES (9, 39, '2004-06-19 07:15:33');
INSERT INTO `course_students` (`course_id`, `student_id`, `created_at`) VALUES (19, 89, '2018-06-03 06:39:33');
INSERT INTO `course_students` (`course_id`, `student_id`, `created_at`) VALUES (20, 40, '2015-07-04 13:19:39');
INSERT INTO `course_students` (`course_id`, `student_id`, `created_at`) VALUES (10, 90, '1995-12-06 08:55:21');
INSERT INTO `course_students` (`course_id`, `student_id`, `created_at`) VALUES (1, 1, '1971-06-12 22:56:58');
INSERT INTO `course_students` (`course_id`, `student_id`, `created_at`) VALUES (11, 91, '1989-02-15 22:27:04');
INSERT INTO `course_students` (`course_id`, `student_id`, `created_at`) VALUES (22, 42, '1975-10-05 02:37:51');
INSERT INTO `course_students` (`course_id`, `student_id`, `created_at`) VALUES (12, 92, '2001-03-12 16:52:05');
INSERT INTO `course_students` (`course_id`, `student_id`, `created_at`) VALUES (3, 43, '2019-04-19 04:13:28');
INSERT INTO `course_students` (`course_id`, `student_id`, `created_at`) VALUES (23, 93, '1988-05-15 08:05:57');
INSERT INTO `course_students` (`course_id`, `student_id`, `created_at`) VALUES (14, 44, '1995-06-25 19:36:43');
INSERT INTO `course_students` (`course_id`, `student_id`, `created_at`) VALUES (4, 94, '2009-06-22 01:19:54');
INSERT INTO `course_students` (`course_id`, `student_id`, `created_at`) VALUES (25, 45, '2020-08-10 05:13:42');
INSERT INTO `course_students` (`course_id`, `student_id`, `created_at`) VALUES (15, 95, '1997-08-20 05:04:25');
INSERT INTO `course_students` (`course_id`, `student_id`, `created_at`) VALUES (26, 46, '1993-02-20 20:37:59');
INSERT INTO `course_students` (`course_id`, `student_id`, `created_at`) VALUES (6, 96, '2007-09-16 10:21:15');
INSERT INTO `course_students` (`course_id`, `student_id`, `created_at`) VALUES (7, 47, '1977-06-07 21:52:54');
INSERT INTO `course_students` (`course_id`, `student_id`, `created_at`) VALUES (27, 97, '2010-04-20 18:37:59');
INSERT INTO `course_students` (`course_id`, `student_id`, `created_at`) VALUES (18, 48, '2013-02-27 18:20:37');
INSERT INTO `course_students` (`course_id`, `student_id`, `created_at`) VALUES (8, 98, '2014-12-06 08:32:17');
INSERT INTO `course_students` (`course_id`, `student_id`, `created_at`) VALUES (29, 49, '2004-08-18 04:00:01');
INSERT INTO `course_students` (`course_id`, `student_id`, `created_at`) VALUES (4, 99, '1995-01-21 10:42:24');
INSERT INTO `course_students` (`course_id`, `student_id`, `created_at`) VALUES (5, 1, '2001-08-19 09:48:16');
INSERT INTO `course_students` (`course_id`, `student_id`, `created_at`) VALUES (5, 50, '2011-01-04 22:06:16');

#
# TABLE STRUCTURE FOR: media
#

INSERT INTO `media` (`id`, `media_type_id`, `link`, `metadata`, `is_visibility`, `created_at`, `updated_at`) VALUES (1, 1, 'http://ullrich.com/', NULL, 1, '2006-11-17 02:35:09', '1984-11-23 04:22:00');
INSERT INTO `media` (`id`, `media_type_id`, `link`, `metadata`, `is_visibility`, `created_at`, `updated_at`) VALUES (2, 2, 'http://jerde.biz/', NULL, 0, '1983-07-17 12:48:19', '1978-11-20 05:15:23');
INSERT INTO `media` (`id`, `media_type_id`, `link`, `metadata`, `is_visibility`, `created_at`, `updated_at`) VALUES (3, 3, 'http://www.quigley.com/', NULL, 0, '1993-04-14 13:17:03', '1987-11-15 02:17:54');
INSERT INTO `media` (`id`, `media_type_id`, `link`, `metadata`, `is_visibility`, `created_at`, `updated_at`) VALUES (4, 4, 'http://kubbaumbach.biz/', NULL, 1, '2008-01-13 01:36:56', '2018-07-29 01:06:32');
INSERT INTO `media` (`id`, `media_type_id`, `link`, `metadata`, `is_visibility`, `created_at`, `updated_at`) VALUES (5, 5, 'http://www.lockman.net/', NULL, 0, '1996-02-19 08:11:38', '2003-07-10 12:47:34');
INSERT INTO `media` (`id`, `media_type_id`, `link`, `metadata`, `is_visibility`, `created_at`, `updated_at`) VALUES (6, 6, 'http://spencer.com/', NULL, 1, '2019-03-01 01:29:12', '2006-02-14 04:39:03');
INSERT INTO `media` (`id`, `media_type_id`, `link`, `metadata`, `is_visibility`, `created_at`, `updated_at`) VALUES (7, 7, 'http://www.mcdermott.org/', NULL, 0, '1974-12-27 00:22:37', '1986-09-07 18:51:14');
INSERT INTO `media` (`id`, `media_type_id`, `link`, `metadata`, `is_visibility`, `created_at`, `updated_at`) VALUES (8, 1, 'http://cruickshankweimann.org/', NULL, 1, '2003-07-05 08:39:01', '2012-04-11 02:04:21');
INSERT INTO `media` (`id`, `media_type_id`, `link`, `metadata`, `is_visibility`, `created_at`, `updated_at`) VALUES (9, 2, 'http://wilderman.com/', NULL, 1, '1988-07-13 00:09:44', '2000-05-06 18:48:24');
INSERT INTO `media` (`id`, `media_type_id`, `link`, `metadata`, `is_visibility`, `created_at`, `updated_at`) VALUES (10, 3, 'http://www.wolff.com/', NULL, 0, '1998-10-06 04:51:52', '2015-08-26 14:02:18');
INSERT INTO `media` (`id`, `media_type_id`, `link`, `metadata`, `is_visibility`, `created_at`, `updated_at`) VALUES (11, 4, 'http://www.breitenberg.biz/', NULL, 0, '1999-09-23 11:41:02', '1986-02-22 11:07:05');
INSERT INTO `media` (`id`, `media_type_id`, `link`, `metadata`, `is_visibility`, `created_at`, `updated_at`) VALUES (12, 5, 'http://krajcik.info/', NULL, 0, '1991-12-31 22:15:41', '2018-06-29 17:17:53');
INSERT INTO `media` (`id`, `media_type_id`, `link`, `metadata`, `is_visibility`, `created_at`, `updated_at`) VALUES (13, 6, 'http://turcotte.com/', NULL, 0, '2011-06-16 19:23:17', '2010-07-15 08:43:25');
INSERT INTO `media` (`id`, `media_type_id`, `link`, `metadata`, `is_visibility`, `created_at`, `updated_at`) VALUES (14, 7, 'http://www.hickle.net/', NULL, 0, '1989-04-18 05:05:51', '1984-12-12 20:13:01');
INSERT INTO `media` (`id`, `media_type_id`, `link`, `metadata`, `is_visibility`, `created_at`, `updated_at`) VALUES (15, 1, 'http://www.parisian.org/', NULL, 1, '1984-01-08 08:28:29', '2020-06-24 08:41:08');
INSERT INTO `media` (`id`, `media_type_id`, `link`, `metadata`, `is_visibility`, `created_at`, `updated_at`) VALUES (16, 2, 'http://klingglover.com/', NULL, 0, '2020-03-25 10:57:45', '2013-04-28 20:46:03');
INSERT INTO `media` (`id`, `media_type_id`, `link`, `metadata`, `is_visibility`, `created_at`, `updated_at`) VALUES (17, 3, 'http://renner.com/', NULL, 1, '1979-11-09 21:34:51', '1993-05-29 08:40:39');
INSERT INTO `media` (`id`, `media_type_id`, `link`, `metadata`, `is_visibility`, `created_at`, `updated_at`) VALUES (18, 4, 'http://www.prohaska.biz/', NULL, 1, '2011-02-07 12:34:36', '2005-02-15 13:52:56');
INSERT INTO `media` (`id`, `media_type_id`, `link`, `metadata`, `is_visibility`, `created_at`, `updated_at`) VALUES (19, 5, 'http://windler.com/', NULL, 1, '2012-08-14 20:34:21', '1992-03-29 17:10:14');
INSERT INTO `media` (`id`, `media_type_id`, `link`, `metadata`, `is_visibility`, `created_at`, `updated_at`) VALUES (20, 6, 'http://hamill.biz/', NULL, 0, '1972-01-16 06:48:20', '1983-11-08 18:16:37');
INSERT INTO `media` (`id`, `media_type_id`, `link`, `metadata`, `is_visibility`, `created_at`, `updated_at`) VALUES (21, 7, 'http://hegmann.info/', NULL, 1, '2002-03-22 11:47:31', '2008-10-06 07:10:40');
INSERT INTO `media` (`id`, `media_type_id`, `link`, `metadata`, `is_visibility`, `created_at`, `updated_at`) VALUES (22, 1, 'http://wilkinson.biz/', NULL, 1, '2016-09-28 08:20:45', '1976-02-18 02:42:28');
INSERT INTO `media` (`id`, `media_type_id`, `link`, `metadata`, `is_visibility`, `created_at`, `updated_at`) VALUES (23, 2, 'http://www.hudson.info/', NULL, 1, '2014-10-13 23:59:48', '2011-05-10 14:05:52');
INSERT INTO `media` (`id`, `media_type_id`, `link`, `metadata`, `is_visibility`, `created_at`, `updated_at`) VALUES (24, 3, 'http://www.vandervorthalvorson.net/', NULL, 1, '1974-06-26 22:23:32', '1988-12-14 23:10:06');
INSERT INTO `media` (`id`, `media_type_id`, `link`, `metadata`, `is_visibility`, `created_at`, `updated_at`) VALUES (25, 4, 'http://gulgowski.biz/', NULL, 0, '1983-03-14 18:11:05', '1981-09-02 14:02:30');
INSERT INTO `media` (`id`, `media_type_id`, `link`, `metadata`, `is_visibility`, `created_at`, `updated_at`) VALUES (26, 5, 'http://koch.com/', NULL, 0, '1993-04-20 19:55:38', '1972-10-20 04:23:02');
INSERT INTO `media` (`id`, `media_type_id`, `link`, `metadata`, `is_visibility`, `created_at`, `updated_at`) VALUES (27, 6, 'http://lindgrenschoen.org/', NULL, 0, '1989-03-16 18:29:56', '1989-03-15 20:01:06');
INSERT INTO `media` (`id`, `media_type_id`, `link`, `metadata`, `is_visibility`, `created_at`, `updated_at`) VALUES (28, 7, 'http://runolfsdottirkunze.com/', NULL, 1, '2008-08-15 22:53:26', '1975-05-23 21:28:48');
INSERT INTO `media` (`id`, `media_type_id`, `link`, `metadata`, `is_visibility`, `created_at`, `updated_at`) VALUES (29, 1, 'http://daugherty.com/', NULL, 0, '1984-06-21 04:37:27', '2003-05-23 14:04:27');
INSERT INTO `media` (`id`, `media_type_id`, `link`, `metadata`, `is_visibility`, `created_at`, `updated_at`) VALUES (30, 2, 'http://koss.com/', NULL, 0, '1972-08-24 17:32:57', '1978-10-29 07:31:25');
INSERT INTO `media` (`id`, `media_type_id`, `link`, `metadata`, `is_visibility`, `created_at`, `updated_at`) VALUES (31, 3, 'http://hintz.info/', NULL, 1, '2011-02-14 15:44:31', '2011-01-13 03:24:45');
INSERT INTO `media` (`id`, `media_type_id`, `link`, `metadata`, `is_visibility`, `created_at`, `updated_at`) VALUES (32, 4, 'http://www.turcotte.org/', NULL, 0, '1980-12-12 22:36:11', '1993-10-05 00:27:43');
INSERT INTO `media` (`id`, `media_type_id`, `link`, `metadata`, `is_visibility`, `created_at`, `updated_at`) VALUES (33, 5, 'http://ebert.com/', NULL, 1, '2006-06-10 06:04:52', '2010-07-12 22:01:51');
INSERT INTO `media` (`id`, `media_type_id`, `link`, `metadata`, `is_visibility`, `created_at`, `updated_at`) VALUES (34, 6, 'http://www.reynoldskuhlman.com/', NULL, 0, '1970-10-18 03:45:40', '2007-05-12 08:57:04');
INSERT INTO `media` (`id`, `media_type_id`, `link`, `metadata`, `is_visibility`, `created_at`, `updated_at`) VALUES (35, 7, 'http://leuschke.com/', NULL, 1, '2013-07-21 18:06:51', '2002-09-11 22:02:32');
INSERT INTO `media` (`id`, `media_type_id`, `link`, `metadata`, `is_visibility`, `created_at`, `updated_at`) VALUES (36, 1, 'http://www.kozey.com/', NULL, 0, '1985-04-20 10:32:49', '1981-04-05 21:25:32');
INSERT INTO `media` (`id`, `media_type_id`, `link`, `metadata`, `is_visibility`, `created_at`, `updated_at`) VALUES (37, 2, 'http://www.thompsontowne.com/', NULL, 0, '1970-01-21 02:59:53', '2013-09-28 01:20:50');
INSERT INTO `media` (`id`, `media_type_id`, `link`, `metadata`, `is_visibility`, `created_at`, `updated_at`) VALUES (38, 3, 'http://www.effertz.com/', NULL, 0, '1989-10-12 08:00:43', '1984-06-23 01:11:05');
INSERT INTO `media` (`id`, `media_type_id`, `link`, `metadata`, `is_visibility`, `created_at`, `updated_at`) VALUES (39, 4, 'http://www.oberbrunnerschmeler.org/', NULL, 0, '2001-10-17 21:44:18', '1973-12-26 04:59:51');
INSERT INTO `media` (`id`, `media_type_id`, `link`, `metadata`, `is_visibility`, `created_at`, `updated_at`) VALUES (40, 5, 'http://okon.biz/', NULL, 0, '1998-10-02 05:07:44', '1972-10-13 19:45:34');
INSERT INTO `media` (`id`, `media_type_id`, `link`, `metadata`, `is_visibility`, `created_at`, `updated_at`) VALUES (41, 6, 'http://www.bechtelar.info/', NULL, 1, '1972-03-18 17:30:38', '1981-12-04 14:44:04');
INSERT INTO `media` (`id`, `media_type_id`, `link`, `metadata`, `is_visibility`, `created_at`, `updated_at`) VALUES (42, 7, 'http://reynoldsolson.com/', NULL, 1, '1989-06-04 16:04:37', '1982-03-01 23:26:16');
INSERT INTO `media` (`id`, `media_type_id`, `link`, `metadata`, `is_visibility`, `created_at`, `updated_at`) VALUES (43, 1, 'http://www.predovichahn.com/', NULL, 0, '1985-11-24 09:23:04', '2002-01-30 05:33:54');
INSERT INTO `media` (`id`, `media_type_id`, `link`, `metadata`, `is_visibility`, `created_at`, `updated_at`) VALUES (44, 2, 'http://www.hyatt.com/', NULL, 0, '2019-03-07 23:08:25', '2011-07-17 18:57:43');
INSERT INTO `media` (`id`, `media_type_id`, `link`, `metadata`, `is_visibility`, `created_at`, `updated_at`) VALUES (46, 3, 'http://www.huels.com/', NULL, 1, '2006-07-05 02:20:26', '2014-11-09 18:06:31');
INSERT INTO `media` (`id`, `media_type_id`, `link`, `metadata`, `is_visibility`, `created_at`, `updated_at`) VALUES (47, 4, 'http://bayerwest.com/', NULL, 0, '1975-01-30 16:29:47', '2009-08-23 11:10:37');
INSERT INTO `media` (`id`, `media_type_id`, `link`, `metadata`, `is_visibility`, `created_at`, `updated_at`) VALUES (48, 5, 'http://www.kuphalschuster.com/', NULL, 0, '1990-04-17 02:10:51', '2003-07-17 20:14:42');
INSERT INTO `media` (`id`, `media_type_id`, `link`, `metadata`, `is_visibility`, `created_at`, `updated_at`) VALUES (49, 6, 'http://sporer.com/', NULL, 0, '2010-04-24 11:24:53', '2015-04-12 18:05:35');
INSERT INTO `media` (`id`, `media_type_id`, `link`, `metadata`, `is_visibility`, `created_at`, `updated_at`) VALUES (50, 7, 'http://blick.com/', NULL, 1, '2006-12-20 02:49:08', '1993-10-29 06:49:56');

#
# TABLE: bank_questions
#

INSERT INTO `bank_questions` (`course_id`, `question`, `created_at`, `updated_at`) VALUES (1, 'Question', '2020-07-21 20:02:12', NOW());
INSERT INTO `bank_questions` (`course_id`, `question`, `created_at`, `updated_at`) VALUES (2, 'Question', '2020-07-21 20:02:12', NOW());
INSERT INTO `bank_questions` (`course_id`, `question`, `created_at`, `updated_at`) VALUES (3, 'Question', '2020-07-21 20:02:12', NOW());
INSERT INTO `bank_questions` (`course_id`, `question`, `created_at`, `updated_at`) VALUES (4, 'Question', '2020-07-21 20:02:12', NOW());
INSERT INTO `bank_questions` (`course_id`, `question`, `created_at`, `updated_at`) VALUES (5, 'Question', '2020-07-21 20:02:12', NOW());
INSERT INTO `bank_questions` (`course_id`, `question`, `created_at`, `updated_at`) VALUES (6, 'Question', '2020-07-21 20:02:12', NOW());
INSERT INTO `bank_questions` (`course_id`, `question`, `created_at`, `updated_at`) VALUES (7, 'Question', '2020-07-21 20:02:12', NOW());
INSERT INTO `bank_questions` (`course_id`, `question`, `created_at`, `updated_at`) VALUES (8, 'Question', '2020-07-21 20:02:12', NOW());
INSERT INTO `bank_questions` (`course_id`, `question`, `created_at`, `updated_at`) VALUES (9, 'Question', '2020-07-21 20:02:12', NOW());
INSERT INTO `bank_questions` (`course_id`, `question`, `created_at`, `updated_at`) VALUES (10, 'Question', '2020-07-21 20:02:12', NOW());
INSERT INTO `bank_questions` (`course_id`, `question`, `created_at`, `updated_at`) VALUES (11, 'Question', '2020-07-21 20:02:12', NOW());
INSERT INTO `bank_questions` (`course_id`, `question`, `created_at`, `updated_at`) VALUES (12, 'Question', '2020-07-21 20:02:12', NOW());
INSERT INTO `bank_questions` (`course_id`, `question`, `created_at`, `updated_at`) VALUES (13, 'Question', '2020-07-21 20:02:12', NOW());
INSERT INTO `bank_questions` (`course_id`, `question`, `created_at`, `updated_at`) VALUES (14, 'Question', '2020-07-21 20:02:12', NOW());
INSERT INTO `bank_questions` (`course_id`, `question`, `created_at`, `updated_at`) VALUES (15, 'Question', '2020-07-21 20:02:12', NOW());
INSERT INTO `bank_questions` (`course_id`, `question`, `created_at`, `updated_at`) VALUES (16, 'Question', '2020-07-21 20:02:12', NOW());
INSERT INTO `bank_questions` (`course_id`, `question`, `created_at`, `updated_at`) VALUES (17, 'Question', '2020-07-21 20:02:12', NOW());
INSERT INTO `bank_questions` (`course_id`, `question`, `created_at`, `updated_at`) VALUES (18, 'Question', '2020-07-21 20:02:12', NOW());
INSERT INTO `bank_questions` (`course_id`, `question`, `created_at`, `updated_at`) VALUES (19, 'Question', '2020-07-21 20:02:12', NOW());
INSERT INTO `bank_questions` (`course_id`, `question`, `created_at`, `updated_at`) VALUES (20, 'Question', '2020-07-21 20:02:12', NOW());
INSERT INTO `bank_questions` (`course_id`, `question`, `created_at`, `updated_at`) VALUES (21, 'Question', '2020-07-21 20:02:12', NOW());
INSERT INTO `bank_questions` (`course_id`, `question`, `created_at`, `updated_at`) VALUES (22, 'Question', '2020-07-21 20:02:12', NOW());
INSERT INTO `bank_questions` (`course_id`, `question`, `created_at`, `updated_at`) VALUES (23, 'Question', '2020-07-21 20:02:12', NOW());
INSERT INTO `bank_questions` (`course_id`, `question`, `created_at`, `updated_at`) VALUES (24, 'Question', '2020-07-21 20:02:12', NOW());
INSERT INTO `bank_questions` (`course_id`, `question`, `created_at`, `updated_at`) VALUES (25, 'Question', '2020-07-21 20:02:12', NOW());
INSERT INTO `bank_questions` (`course_id`, `question`, `created_at`, `updated_at`) VALUES (26, 'Question', '2020-07-21 20:02:12', NOW());
INSERT INTO `bank_questions` (`course_id`, `question`, `created_at`, `updated_at`) VALUES (27, 'Question', '2020-07-21 20:02:12', NOW());
INSERT INTO `bank_questions` (`course_id`, `question`, `created_at`, `updated_at`) VALUES (28, 'Question', '2020-07-21 20:02:12', NOW());
INSERT INTO `bank_questions` (`course_id`, `question`, `created_at`, `updated_at`) VALUES (29, 'Question', '2020-07-21 20:02:12', NOW());
INSERT INTO `bank_questions` (`course_id`, `question`, `created_at`, `updated_at`) VALUES (30, 'Question', '2020-07-21 20:02:12', NOW());
INSERT INTO `bank_questions` (`course_id`, `question`, `created_at`, `updated_at`) VALUES (1, 'Question', '2020-07-21 20:02:12', NOW());
INSERT INTO `bank_questions` (`course_id`, `question`, `created_at`, `updated_at`) VALUES (2, 'Question', '2020-07-21 20:02:12', NOW());
INSERT INTO `bank_questions` (`course_id`, `question`, `created_at`, `updated_at`) VALUES (3, 'Question', '2020-07-21 20:02:12', NOW());
INSERT INTO `bank_questions` (`course_id`, `question`, `created_at`, `updated_at`) VALUES (4, 'Question', '2020-07-21 20:02:12', NOW());
INSERT INTO `bank_questions` (`course_id`, `question`, `created_at`, `updated_at`) VALUES (5, 'Question', '2020-07-21 20:02:12', NOW());
INSERT INTO `bank_questions` (`course_id`, `question`, `created_at`, `updated_at`) VALUES (6, 'Question', '2020-07-21 20:02:12', NOW());
INSERT INTO `bank_questions` (`course_id`, `question`, `created_at`, `updated_at`) VALUES (7, 'Question', '2020-07-21 20:02:12', NOW());
INSERT INTO `bank_questions` (`course_id`, `question`, `created_at`, `updated_at`) VALUES (8, 'Question', '2020-07-21 20:02:12', NOW());
INSERT INTO `bank_questions` (`course_id`, `question`, `created_at`, `updated_at`) VALUES (9, 'Question', '2020-07-21 20:02:12', NOW());
INSERT INTO `bank_questions` (`course_id`, `question`, `created_at`, `updated_at`) VALUES (10, 'Question', '2020-07-21 20:02:12', NOW());
INSERT INTO `bank_questions` (`course_id`, `question`, `created_at`, `updated_at`) VALUES (11, 'Question', '2020-07-21 20:02:12', NOW());
INSERT INTO `bank_questions` (`course_id`, `question`, `created_at`, `updated_at`) VALUES (12, 'Question', '2020-07-21 20:02:12', NOW());
INSERT INTO `bank_questions` (`course_id`, `question`, `created_at`, `updated_at`) VALUES (13, 'Question', '2020-07-21 20:02:12', NOW());
INSERT INTO `bank_questions` (`course_id`, `question`, `created_at`, `updated_at`) VALUES (14, 'Question', '2020-07-21 20:02:12', NOW());
INSERT INTO `bank_questions` (`course_id`, `question`, `created_at`, `updated_at`) VALUES (15, 'Question', '2020-07-21 20:02:12', NOW());
INSERT INTO `bank_questions` (`course_id`, `question`, `created_at`, `updated_at`) VALUES (16, 'Question', '2020-07-21 20:02:12', NOW());
INSERT INTO `bank_questions` (`course_id`, `question`, `created_at`, `updated_at`) VALUES (17, 'Question', '2020-07-21 20:02:12', NOW());
INSERT INTO `bank_questions` (`course_id`, `question`, `created_at`, `updated_at`) VALUES (18, 'Question', '2020-07-21 20:02:12', NOW());
INSERT INTO `bank_questions` (`course_id`, `question`, `created_at`, `updated_at`) VALUES (19, 'Question', '2020-07-21 20:02:12', NOW());
INSERT INTO `bank_questions` (`course_id`, `question`, `created_at`, `updated_at`) VALUES (20, 'Question', '2020-07-21 20:02:12', NOW());
INSERT INTO `bank_questions` (`course_id`, `question`, `created_at`, `updated_at`) VALUES (21, 'Question', '2020-07-21 20:02:12', NOW());
INSERT INTO `bank_questions` (`course_id`, `question`, `created_at`, `updated_at`) VALUES (22, 'Question', '2020-07-21 20:02:12', NOW());
INSERT INTO `bank_questions` (`course_id`, `question`, `created_at`, `updated_at`) VALUES (23, 'Question', '2020-07-21 20:02:12', NOW());
INSERT INTO `bank_questions` (`course_id`, `question`, `created_at`, `updated_at`) VALUES (24, 'Question', '2020-07-21 20:02:12', NOW());
INSERT INTO `bank_questions` (`course_id`, `question`, `created_at`, `updated_at`) VALUES (25, 'Question', '2020-07-21 20:02:12', NOW());
INSERT INTO `bank_questions` (`course_id`, `question`, `created_at`, `updated_at`) VALUES (26, 'Question', '2020-07-21 20:02:12', NOW());
INSERT INTO `bank_questions` (`course_id`, `question`, `created_at`, `updated_at`) VALUES (27, 'Question', '2020-07-21 20:02:12', NOW());
INSERT INTO `bank_questions` (`course_id`, `question`, `created_at`, `updated_at`) VALUES (28, 'Question', '2020-07-21 20:02:12', NOW());
INSERT INTO `bank_questions` (`course_id`, `question`, `created_at`, `updated_at`) VALUES (29, 'Question', '2020-07-21 20:02:12', NOW());
INSERT INTO `bank_questions` (`course_id`, `question`, `created_at`, `updated_at`) VALUES (30, 'Question', '2020-07-21 20:02:12', NOW());
INSERT INTO `bank_questions` (`course_id`, `question`, `created_at`, `updated_at`) VALUES (1, 'Question', '2020-07-21 20:02:12', NOW());
INSERT INTO `bank_questions` (`course_id`, `question`, `created_at`, `updated_at`) VALUES (2, 'Question', '2020-07-21 20:02:12', NOW());
INSERT INTO `bank_questions` (`course_id`, `question`, `created_at`, `updated_at`) VALUES (3, 'Question', '2020-07-21 20:02:12', NOW());
INSERT INTO `bank_questions` (`course_id`, `question`, `created_at`, `updated_at`) VALUES (4, 'Question', '2020-07-21 20:02:12', NOW());
INSERT INTO `bank_questions` (`course_id`, `question`, `created_at`, `updated_at`) VALUES (5, 'Question', '2020-07-21 20:02:12', NOW());
INSERT INTO `bank_questions` (`course_id`, `question`, `created_at`, `updated_at`) VALUES (6, 'Question', '2020-07-21 20:02:12', NOW());
INSERT INTO `bank_questions` (`course_id`, `question`, `created_at`, `updated_at`) VALUES (7, 'Question', '2020-07-21 20:02:12', NOW());
INSERT INTO `bank_questions` (`course_id`, `question`, `created_at`, `updated_at`) VALUES (7, 'Question', '2020-07-21 20:02:12', NOW());
INSERT INTO `bank_questions` (`course_id`, `question`, `created_at`, `updated_at`) VALUES (7, 'Question', '2020-07-21 20:02:12', NOW());
INSERT INTO `bank_questions` (`course_id`, `question`, `created_at`, `updated_at`) VALUES (7, 'Question', '2020-07-21 20:02:12', NOW());
INSERT INTO `bank_questions` (`course_id`, `question`, `created_at`, `updated_at`) VALUES (8, 'Question', '2020-07-21 20:02:12', NOW());
INSERT INTO `bank_questions` (`course_id`, `question`, `created_at`, `updated_at`) VALUES (9, 'Question', '2020-07-21 20:02:12', NOW());
INSERT INTO `bank_questions` (`course_id`, `question`, `created_at`, `updated_at`) VALUES (10, 'Question', '2020-07-21 20:02:12', NOW());
INSERT INTO `bank_questions` (`course_id`, `question`, `created_at`, `updated_at`) VALUES (10, 'Question', '2020-07-21 20:02:12', NOW());
INSERT INTO `bank_questions` (`course_id`, `question`, `created_at`, `updated_at`) VALUES (10, 'Question', '2020-07-21 20:02:12', NOW());
INSERT INTO `bank_questions` (`course_id`, `question`, `created_at`, `updated_at`) VALUES (11, 'Question', '2020-07-21 20:02:12', NOW());
INSERT INTO `bank_questions` (`course_id`, `question`, `created_at`, `updated_at`) VALUES (11, 'Question', '2020-07-21 20:02:12', NOW());
INSERT INTO `bank_questions` (`course_id`, `question`, `created_at`, `updated_at`) VALUES (12, 'Question', '2020-07-21 20:02:12', NOW());
INSERT INTO `bank_questions` (`course_id`, `question`, `created_at`, `updated_at`) VALUES (13, 'Question', '2020-07-21 20:02:12', NOW());
INSERT INTO `bank_questions` (`course_id`, `question`, `created_at`, `updated_at`) VALUES (14, 'Question', '2020-07-21 20:02:12', NOW());
INSERT INTO `bank_questions` (`course_id`, `question`, `created_at`, `updated_at`) VALUES (15, 'Question', '2020-07-21 20:02:12', NOW());

-- Таблица выполнения задания task_complete

INSERT INTO `task_complete` (`id`, `task_id`, `user_id`, `status_complete_id`, `link_answer`, `score`, `created_at`, `updated_at`) VALUES (1, 1, 4, 4, 'http://www.gulgowski.com/', NULL, '1973-04-16 21:30:50', NOW());
INSERT INTO `task_complete` (`id`, `task_id`, `user_id`, `status_complete_id`, `link_answer`, `score`, `created_at`, `updated_at`) VALUES (2, floor(1 + RAND()*80), floor(1 + RAND()*70), floor(1 + RAND()*4), 'http://reichel.biz/', NULL, '1993-12-27 23:59:41',  NOW());
INSERT INTO `task_complete` (`id`, `task_id`, `user_id`, `status_complete_id`, `link_answer`, `score`, `created_at`, `updated_at`) VALUES (3, floor(1 + RAND()*80), floor(1 + RAND()*70), floor(1 + RAND()*4), 'http://schuppe.com/', NULL, '2005-11-07 05:02:15', '2021-08-08 11:35:42');
INSERT INTO `task_complete` (`id`, `task_id`, `user_id`, `status_complete_id`, `link_answer`, `score`, `created_at`, `updated_at`) VALUES (4, floor(1 + RAND()*80), floor(1 + RAND()*70), floor(1 + RAND()*4), 'http://baileyrolfson.org/', NULL, '1998-01-25 10:18:01', '2021-08-08 11:35:42');
INSERT INTO `task_complete` (`id`, `task_id`, `user_id`, `status_complete_id`, `link_answer`, `score`, `created_at`, `updated_at`) VALUES (5, floor(1 + RAND()*80), floor(1 + RAND()*70), floor(1 + RAND()*4), 'http://www.walsh.org/', NULL, '1988-01-08 09:26:05', '2021-08-08 11:35:42');
INSERT INTO `task_complete` (`id`, `task_id`, `user_id`, `status_complete_id`, `link_answer`, `score`, `created_at`, `updated_at`) VALUES (6, floor(1 + RAND()*80), floor(1 + RAND()*70), floor(1 + RAND()*4), 'http://www.jaskolskischaefer.net/', NULL, '1985-04-21 12:10:19', '2021-08-08 11:35:42');
INSERT INTO `task_complete` (`id`, `task_id`, `user_id`, `status_complete_id`, `link_answer`, `score`, `created_at`, `updated_at`) VALUES (7, floor(1 + RAND()*80), floor(1 + RAND()*70), floor(1 + RAND()*4), 'http://www.boyer.com/', NULL, '2001-03-11 06:07:20', '2021-08-08 11:35:42');
INSERT INTO `task_complete` (`id`, `task_id`, `user_id`, `status_complete_id`, `link_answer`, `score`, `created_at`, `updated_at`) VALUES (8, floor(1 + RAND()*80), floor(1 + RAND()*70), floor(1 + RAND()*4), 'http://binsnitzsche.com/', NULL, '1990-04-30 06:36:39', '2021-08-08 11:35:42');
INSERT INTO `task_complete` (`id`, `task_id`, `user_id`, `status_complete_id`, `link_answer`, `score`, `created_at`, `updated_at`) VALUES (9, floor(1 + RAND()*80), floor(1 + RAND()*70), floor(1 + RAND()*4), 'http://www.feestkertzmann.com/', NULL, '1970-10-27 05:24:21', '2021-08-08 11:35:42');
INSERT INTO `task_complete` (`id`, `task_id`, `user_id`, `status_complete_id`, `link_answer`, `score`, `created_at`, `updated_at`) VALUES (10, floor(1 + RAND()*100), floor(1 + RAND()*70), floor(1 + RAND()*4), 'http://jerde.com/', NULL, '1977-08-29 22:18:37', '2021-08-08 11:35:42');
INSERT INTO `task_complete` (`id`, `task_id`, `user_id`, `status_complete_id`, `link_answer`, `score`, `created_at`, `updated_at`) VALUES (11, floor(1 + RAND()*100), floor(1 + RAND()*70), floor(1 + RAND()*4), 'http://okeefe.com/', NULL, '2007-01-31 03:12:29', '2021-08-08 11:35:42');
INSERT INTO `task_complete` (`id`, `task_id`, `user_id`, `status_complete_id`, `link_answer`, `score`, `created_at`, `updated_at`) VALUES (12, floor(1 + RAND()*100), floor(1 + RAND()*70), floor(1 + RAND()*4), 'http://gerlachkerluke.org/', NULL, '2003-12-19 04:25:36', '2021-08-08 11:35:42');
INSERT INTO `task_complete` (`id`, `task_id`, `user_id`, `status_complete_id`, `link_answer`, `score`, `created_at`, `updated_at`) VALUES (13, floor(1 + RAND()*100), floor(1 + RAND()*70), floor(1 + RAND()*4), 'http://hodkiewicz.org/', NULL, '2014-09-21 15:49:00', '2021-08-08 11:35:42');
INSERT INTO `task_complete` (`id`, `task_id`, `user_id`, `status_complete_id`, `link_answer`, `score`, `created_at`, `updated_at`) VALUES (14, floor(1 + RAND()*100), floor(1 + RAND()*70), floor(1 + RAND()*4), 'http://kovacek.org/', NULL, '1983-08-30 09:35:45', '2021-08-08 11:35:42');
INSERT INTO `task_complete` (`id`, `task_id`, `user_id`, `status_complete_id`, `link_answer`, `score`, `created_at`, `updated_at`) VALUES (15, floor(1 + RAND()*100), floor(1 + RAND()*70), floor(1 + RAND()*4), 'http://www.block.biz/', NULL, '2011-09-22 01:02:29', '2021-08-08 11:35:42');
INSERT INTO `task_complete` (`id`, `task_id`, `user_id`, `status_complete_id`, `link_answer`, `score`, `created_at`, `updated_at`) VALUES (16, floor(1 + RAND()*100), floor(1 + RAND()*70), floor(1 + RAND()*4), 'http://www.keebler.com/', NULL, '1992-01-25 22:41:27', '2021-08-08 11:35:42');
INSERT INTO `task_complete` (`id`, `task_id`, `user_id`, `status_complete_id`, `link_answer`, `score`, `created_at`, `updated_at`) VALUES (17, floor(1 + RAND()*100), floor(1 + RAND()*70), floor(1 + RAND()*4), 'http://www.rice.com/', NULL, '1970-10-25 11:00:36', '2021-08-08 11:35:42');
INSERT INTO `task_complete` (`id`, `task_id`, `user_id`, `status_complete_id`, `link_answer`, `score`, `created_at`, `updated_at`) VALUES (18, floor(1 + RAND()*100), floor(1 + RAND()*70), floor(1 + RAND()*4), 'http://www.mertzjacobi.org/', NULL, '2020-06-26 17:01:01', '2021-08-08 11:35:42');
INSERT INTO `task_complete` (`id`, `task_id`, `user_id`, `status_complete_id`, `link_answer`, `score`, `created_at`, `updated_at`) VALUES (19, floor(1 + RAND()*100), floor(1 + RAND()*70), floor(1 + RAND()*4), 'http://www.nitzsche.com/', NULL, '2009-03-20 17:37:33', '2021-08-08 11:35:42');
INSERT INTO `task_complete` (`id`, `task_id`, `user_id`, `status_complete_id`, `link_answer`, `score`, `created_at`, `updated_at`) VALUES (20, floor(1 + RAND()*100), floor(1 + RAND()*70), floor(1 + RAND()*4), 'http://littelrath.info/', NULL, '2011-04-23 12:36:49', '2021-08-08 11:35:42');
INSERT INTO `task_complete` (`id`, `task_id`, `user_id`, `status_complete_id`, `link_answer`, `score`, `created_at`, `updated_at`) VALUES (21, floor(1 + RAND()*100), floor(1 + RAND()*70), floor(1 + RAND()*4), 'http://beatty.com/', NULL, '2014-05-01 16:13:17', '2021-08-08 11:35:42');
INSERT INTO `task_complete` (`id`, `task_id`, `user_id`, `status_complete_id`, `link_answer`, `score`, `created_at`, `updated_at`) VALUES (22, floor(1 + RAND()*100), floor(1 + RAND()*70), floor(1 + RAND()*4), 'http://hudson.com/', NULL, '2019-10-02 07:54:09', '2021-08-08 11:35:42');
INSERT INTO `task_complete` (`id`, `task_id`, `user_id`, `status_complete_id`, `link_answer`, `score`, `created_at`, `updated_at`) VALUES (23, floor(1 + RAND()*100), floor(1 + RAND()*70), floor(1 + RAND()*4), 'http://www.ryanwyman.com/', NULL, '1972-03-08 18:22:31', '2021-08-08 11:35:42');
INSERT INTO `task_complete` (`id`, `task_id`, `user_id`, `status_complete_id`, `link_answer`, `score`, `created_at`, `updated_at`) VALUES (24, floor(1 + RAND()*100), floor(1 + RAND()*70), floor(1 + RAND()*4), 'http://www.stoltenberg.info/', NULL, '1990-09-22 20:46:31', '2021-08-08 11:35:42');
INSERT INTO `task_complete` (`id`, `task_id`, `user_id`, `status_complete_id`, `link_answer`, `score`, `created_at`, `updated_at`) VALUES (25, floor(1 + RAND()*100), floor(1 + RAND()*70), floor(1 + RAND()*4), 'http://monahan.com/', NULL, '2006-12-05 02:05:02', '2021-08-08 11:35:42');
INSERT INTO `task_complete` (`id`, `task_id`, `user_id`, `status_complete_id`, `link_answer`, `score`, `created_at`, `updated_at`) VALUES (26, floor(1 + RAND()*100), floor(1 + RAND()*70), floor(1 + RAND()*4), 'http://www.west.com/', NULL, '2006-06-17 06:47:14', '2021-08-08 11:35:42');
INSERT INTO `task_complete` (`id`, `task_id`, `user_id`, `status_complete_id`, `link_answer`, `score`, `created_at`, `updated_at`) VALUES (27, floor(1 + RAND()*100), floor(1 + RAND()*70), floor(1 + RAND()*4), 'http://gibson.biz/', NULL, '1978-06-26 05:24:16', '2021-08-08 11:35:42');
INSERT INTO `task_complete` (`id`, `task_id`, `user_id`, `status_complete_id`, `link_answer`, `score`, `created_at`, `updated_at`) VALUES (28, floor(1 + RAND()*100), floor(1 + RAND()*70), floor(1 + RAND()*4), 'http://homenick.com/', NULL, '1998-05-13 20:17:47', '2021-08-08 11:35:42');
INSERT INTO `task_complete` (`id`, `task_id`, `user_id`, `status_complete_id`, `link_answer`, `score`, `created_at`, `updated_at`) VALUES (29, floor(1 + RAND()*100), floor(1 + RAND()*70), floor(1 + RAND()*4), 'http://rippinlarkin.com/', NULL, '1975-04-27 04:22:48', '2021-08-08 11:35:42');
INSERT INTO `task_complete` (`id`, `task_id`, `user_id`, `status_complete_id`, `link_answer`, `score`, `created_at`, `updated_at`) VALUES (30, floor(1 + RAND()*100), floor(1 + RAND()*70), floor(1 + RAND()*4), 'http://emard.com/', NULL, '2009-05-12 07:14:40', '2021-08-08 11:35:42');
INSERT INTO `task_complete` (`id`, `task_id`, `user_id`, `status_complete_id`, `link_answer`, `score`, `created_at`, `updated_at`) VALUES (31, floor(1 + RAND()*100), floor(1 + RAND()*70), floor(1 + RAND()*4), 'http://hintz.biz/', NULL, '1980-12-27 08:58:55', '2021-08-08 11:35:42');
INSERT INTO `task_complete` (`id`, `task_id`, `user_id`, `status_complete_id`, `link_answer`, `score`, `created_at`, `updated_at`) VALUES (32, floor(1 + RAND()*100), floor(1 + RAND()*70), floor(1 + RAND()*4), 'http://www.thompson.info/', NULL, '1994-05-05 17:57:22', '2021-08-08 11:35:42');
INSERT INTO `task_complete` (`id`, `task_id`, `user_id`, `status_complete_id`, `link_answer`, `score`, `created_at`, `updated_at`) VALUES (33, floor(1 + RAND()*100), floor(1 + RAND()*70), floor(1 + RAND()*4), 'http://kuhlmanreynolds.org/', NULL, '2016-05-04 07:11:16', '2021-08-08 11:35:42');
INSERT INTO `task_complete` (`id`, `task_id`, `user_id`, `status_complete_id`, `link_answer`, `score`, `created_at`, `updated_at`) VALUES (34, floor(1 + RAND()*100), floor(1 + RAND()*70), floor(1 + RAND()*4), 'http://johnson.com/', NULL, '2017-03-16 03:52:28', '2021-08-08 11:35:42');
INSERT INTO `task_complete` (`id`, `task_id`, `user_id`, `status_complete_id`, `link_answer`, `score`, `created_at`, `updated_at`) VALUES (35, floor(1 + RAND()*100), floor(1 + RAND()*70), floor(1 + RAND()*4), 'http://willms.net/', NULL, '1975-09-22 20:45:37', '2021-08-08 11:35:42');
INSERT INTO `task_complete` (`id`, `task_id`, `user_id`, `status_complete_id`, `link_answer`, `score`, `created_at`, `updated_at`) VALUES (36, floor(1 + RAND()*100), floor(1 + RAND()*70), floor(1 + RAND()*4), 'http://www.farrell.com/', NULL, '1971-03-27 09:01:47', '2021-08-08 11:35:42');
INSERT INTO `task_complete` (`id`, `task_id`, `user_id`, `status_complete_id`, `link_answer`, `score`, `created_at`, `updated_at`) VALUES (37, floor(1 + RAND()*100), floor(1 + RAND()*70), floor(1 + RAND()*4), 'http://www.robertsschimmel.info/', NULL, '1983-02-13 22:12:58', '2021-08-08 11:35:42');
INSERT INTO `task_complete` (`id`, `task_id`, `user_id`, `status_complete_id`, `link_answer`, `score`, `created_at`, `updated_at`) VALUES (38, floor(1 + RAND()*100), floor(1 + RAND()*70), floor(1 + RAND()*4), 'http://www.king.com/', NULL, '2007-03-16 02:11:39', '2021-08-08 11:35:42');
INSERT INTO `task_complete` (`id`, `task_id`, `user_id`, `status_complete_id`, `link_answer`, `score`, `created_at`, `updated_at`) VALUES (39, floor(1 + RAND()*100), floor(1 + RAND()*70), floor(1 + RAND()*4), 'http://beer.com/', NULL, '1991-01-17 18:05:52', '2021-08-08 11:35:42');
INSERT INTO `task_complete` (`id`, `task_id`, `user_id`, `status_complete_id`, `link_answer`, `score`, `created_at`, `updated_at`) VALUES (40, floor(1 + RAND()*100), floor(1 + RAND()*70), floor(1 + RAND()*4), 'http://www.lehnerhoppe.info/', NULL, '1985-02-23 16:33:33', '2021-08-08 11:35:42');
INSERT INTO `task_complete` (`id`, `task_id`, `user_id`, `status_complete_id`, `link_answer`, `score`, `created_at`, `updated_at`) VALUES (41, floor(1 + RAND()*100), floor(1 + RAND()*70), floor(1 + RAND()*4), 'http://hackettgibson.com/', NULL, '2004-05-19 14:10:00', '2021-08-08 11:35:42');
INSERT INTO `task_complete` (`id`, `task_id`, `user_id`, `status_complete_id`, `link_answer`, `score`, `created_at`, `updated_at`) VALUES (42, floor(1 + RAND()*100), floor(1 + RAND()*70), floor(1 + RAND()*4), 'http://www.mckenzie.com/', NULL, '1976-02-06 18:18:03', '2021-08-08 11:35:42');
INSERT INTO `task_complete` (`id`, `task_id`, `user_id`, `status_complete_id`, `link_answer`, `score`, `created_at`, `updated_at`) VALUES (43, floor(1 + RAND()*100), floor(1 + RAND()*70), floor(1 + RAND()*4), 'http://watsica.org/', NULL, '2007-10-31 03:38:25', '2021-08-08 11:35:42');
INSERT INTO `task_complete` (`id`, `task_id`, `user_id`, `status_complete_id`, `link_answer`, `score`, `created_at`, `updated_at`) VALUES (44, floor(1 + RAND()*100), floor(1 + RAND()*70), floor(1 + RAND()*4), 'http://lowe.com/', NULL, '2020-11-23 19:55:50', '2021-08-08 11:35:42');
INSERT INTO `task_complete` (`id`, `task_id`, `user_id`, `status_complete_id`, `link_answer`, `score`, `created_at`, `updated_at`) VALUES (45, floor(1 + RAND()*100), floor(1 + RAND()*70), floor(1 + RAND()*4), 'http://www.kris.com/', NULL, '2010-08-06 11:35:29', '2021-08-08 11:35:42');
INSERT INTO `task_complete` (`id`, `task_id`, `user_id`, `status_complete_id`, `link_answer`, `score`, `created_at`, `updated_at`) VALUES (46, floor(1 + RAND()*100), floor(1 + RAND()*70), floor(1 + RAND()*4), 'http://abshirekshlerin.biz/', NULL, '1991-06-26 22:05:04', '2021-08-08 11:35:42');
INSERT INTO `task_complete` (`id`, `task_id`, `user_id`, `status_complete_id`, `link_answer`, `score`, `created_at`, `updated_at`) VALUES (47, floor(1 + RAND()*100), floor(1 + RAND()*70), floor(1 + RAND()*4), 'http://harberstark.net/', NULL, '2019-05-16 06:19:31', '2021-08-08 11:35:42');
INSERT INTO `task_complete` (`id`, `task_id`, `user_id`, `status_complete_id`, `link_answer`, `score`, `created_at`, `updated_at`) VALUES (48, floor(1 + RAND()*100), floor(1 + RAND()*70), floor(1 + RAND()*4), 'http://nadertremblay.com/', NULL, '1982-09-17 11:19:17', '2021-08-08 11:35:42');
INSERT INTO `task_complete` (`id`, `task_id`, `user_id`, `status_complete_id`, `link_answer`, `score`, `created_at`, `updated_at`) VALUES (49, floor(1 + RAND()*100), floor(1 + RAND()*70), floor(1 + RAND()*4), 'http://www.morar.biz/', NULL, '2003-11-03 17:32:11', '2021-08-08 11:35:42');
INSERT INTO `task_complete` (`id`, `task_id`, `user_id`, `status_complete_id`, `link_answer`, `score`, `created_at`, `updated_at`) VALUES (50, floor(1 + RAND()*100), floor(1 + RAND()*70), floor(1 + RAND()*4), 'http://www.cremin.com/', NULL, '2012-11-21 14:47:23', '2021-08-08 11:35:42');
INSERT INTO `task_complete` (`id`, `task_id`, `user_id`, `status_complete_id`, `link_answer`, `score`, `created_at`, `updated_at`) VALUES (51, floor(1 + RAND()*100), floor(1 + RAND()*70), floor(1 + RAND()*4), 'http://www.kuhlmanokon.com/', NULL, '1982-05-25 07:35:47', '2021-08-08 11:35:42');
INSERT INTO `task_complete` (`id`, `task_id`, `user_id`, `status_complete_id`, `link_answer`, `score`, `created_at`, `updated_at`) VALUES (52, floor(1 + RAND()*100), floor(1 + RAND()*70), floor(1 + RAND()*4), 'http://www.blickokeefe.com/', NULL, '2000-10-26 08:21:12', '2021-08-08 11:35:42');
INSERT INTO `task_complete` (`id`, `task_id`, `user_id`, `status_complete_id`, `link_answer`, `score`, `created_at`, `updated_at`) VALUES (53, floor(1 + RAND()*100), floor(1 + RAND()*70), floor(1 + RAND()*4), 'http://www.bins.com/', NULL, '1983-01-17 13:13:45', '2021-08-08 11:35:42');
INSERT INTO `task_complete` (`id`, `task_id`, `user_id`, `status_complete_id`, `link_answer`, `score`, `created_at`, `updated_at`) VALUES (54, floor(1 + RAND()*100), floor(1 + RAND()*70), floor(1 + RAND()*4), 'http://www.collins.com/', NULL, '2012-03-25 16:15:12', '2021-08-08 11:35:42');
INSERT INTO `task_complete` (`id`, `task_id`, `user_id`, `status_complete_id`, `link_answer`, `score`, `created_at`, `updated_at`) VALUES (55, floor(1 + RAND()*100), floor(1 + RAND()*70), floor(1 + RAND()*4), 'http://www.bayer.net/', NULL, '1981-05-04 19:56:07', '2021-08-08 11:35:42');
INSERT INTO `task_complete` (`id`, `task_id`, `user_id`, `status_complete_id`, `link_answer`, `score`, `created_at`, `updated_at`) VALUES (56, floor(1 + RAND()*100), floor(1 + RAND()*70), floor(1 + RAND()*4), 'http://luettgen.com/', NULL, '1980-08-26 20:26:43', '2021-08-08 11:35:42');
INSERT INTO `task_complete` (`id`, `task_id`, `user_id`, `status_complete_id`, `link_answer`, `score`, `created_at`, `updated_at`) VALUES (57, floor(1 + RAND()*100), floor(1 + RAND()*70), floor(1 + RAND()*4), 'http://hackettrobel.com/', NULL, '1973-01-09 02:02:01', '2021-08-08 11:35:42');
INSERT INTO `task_complete` (`id`, `task_id`, `user_id`, `status_complete_id`, `link_answer`, `score`, `created_at`, `updated_at`) VALUES (58, floor(1 + RAND()*100), floor(1 + RAND()*70), floor(1 + RAND()*4), 'http://donnelly.com/', NULL, '1996-10-05 02:46:56', '2021-08-08 11:35:42');
INSERT INTO `task_complete` (`id`, `task_id`, `user_id`, `status_complete_id`, `link_answer`, `score`, `created_at`, `updated_at`) VALUES (59, floor(1 + RAND()*100), floor(1 + RAND()*70), floor(1 + RAND()*4), 'http://haagrunolfsson.info/', NULL, '1991-09-03 05:11:50', '2021-08-08 11:35:42');
INSERT INTO `task_complete` (`id`, `task_id`, `user_id`, `status_complete_id`, `link_answer`, `score`, `created_at`, `updated_at`) VALUES (60, floor(1 + RAND()*100), floor(1 + RAND()*70), floor(1 + RAND()*4), 'http://www.shanahan.com/', NULL, '2019-04-04 07:41:00', '2021-08-08 11:35:42');
INSERT INTO `task_complete` (`id`, `task_id`, `user_id`, `status_complete_id`, `link_answer`, `score`, `created_at`, `updated_at`) VALUES (61, floor(1 + RAND()*100), floor(1 + RAND()*70), floor(1 + RAND()*4), 'http://morissette.com/', NULL, '2012-08-19 15:35:54', '2021-08-08 11:35:42');
INSERT INTO `task_complete` (`id`, `task_id`, `user_id`, `status_complete_id`, `link_answer`, `score`, `created_at`, `updated_at`) VALUES (62, floor(1 + RAND()*100), floor(1 + RAND()*70), floor(1 + RAND()*4), 'http://paucekbrekke.com/', NULL, '1975-06-22 08:47:19', '2021-08-08 11:35:42');
INSERT INTO `task_complete` (`id`, `task_id`, `user_id`, `status_complete_id`, `link_answer`, `score`, `created_at`, `updated_at`) VALUES (63, floor(1 + RAND()*100), floor(1 + RAND()*70), floor(1 + RAND()*4), 'http://www.stehrmurazik.com/', NULL, '1983-12-22 19:26:46', '2021-08-08 11:35:42');
INSERT INTO `task_complete` (`id`, `task_id`, `user_id`, `status_complete_id`, `link_answer`, `score`, `created_at`, `updated_at`) VALUES (64, floor(1 + RAND()*100), floor(1 + RAND()*70), floor(1 + RAND()*4), 'http://damore.com/', NULL, '2005-09-14 22:32:46', '2021-08-08 11:35:42');
INSERT INTO `task_complete` (`id`, `task_id`, `user_id`, `status_complete_id`, `link_answer`, `score`, `created_at`, `updated_at`) VALUES (65, floor(1 + RAND()*100), floor(1 + RAND()*70), floor(1 + RAND()*4), 'http://zboncak.org/', NULL, '1986-07-09 23:06:14', '2021-08-08 11:35:42');
INSERT INTO `task_complete` (`id`, `task_id`, `user_id`, `status_complete_id`, `link_answer`, `score`, `created_at`, `updated_at`) VALUES (66, floor(1 + RAND()*100), floor(1 + RAND()*70), floor(1 + RAND()*4), 'http://pfannerstill.com/', NULL, '1990-05-27 01:54:05', '2021-08-08 11:35:42');
INSERT INTO `task_complete` (`id`, `task_id`, `user_id`, `status_complete_id`, `link_answer`, `score`, `created_at`, `updated_at`) VALUES (67, floor(1 + RAND()*100), floor(1 + RAND()*70), floor(1 + RAND()*4), 'http://www.robelpadberg.com/', NULL, '2017-10-02 16:07:30', '2021-08-08 11:35:42');
INSERT INTO `task_complete` (`id`, `task_id`, `user_id`, `status_complete_id`, `link_answer`, `score`, `created_at`, `updated_at`) VALUES (68, floor(1 + RAND()*100), floor(1 + RAND()*70), floor(1 + RAND()*4), 'http://littelhyatt.com/', NULL, '1997-02-15 03:25:51', '2021-08-08 11:35:42');
INSERT INTO `task_complete` (`id`, `task_id`, `user_id`, `status_complete_id`, `link_answer`, `score`, `created_at`, `updated_at`) VALUES (69, floor(1 + RAND()*100), floor(1 + RAND()*70), floor(1 + RAND()*4), 'http://www.franecki.com/', NULL, '2006-01-13 20:46:34', '2021-08-08 11:35:42');
INSERT INTO `task_complete` (`id`, `task_id`, `user_id`, `status_complete_id`, `link_answer`, `score`, `created_at`, `updated_at`) VALUES (70, floor(1 + RAND()*100), floor(1 + RAND()*70), floor(1 + RAND()*4), 'http://www.kuhic.com/', NULL, '1990-04-03 22:14:54', '2021-08-08 11:35:42');
INSERT INTO `task_complete` (`id`, `task_id`, `user_id`, `status_complete_id`, `link_answer`, `score`, `created_at`, `updated_at`) VALUES (71, floor(1 + RAND()*100), floor(1 + RAND()*70), floor(1 + RAND()*4), 'http://www.uptonkoch.com/', NULL, '1994-05-21 13:12:41', '2021-08-08 11:35:42');
INSERT INTO `task_complete` (`id`, `task_id`, `user_id`, `status_complete_id`, `link_answer`, `score`, `created_at`, `updated_at`) VALUES (72, floor(1 + RAND()*100), floor(1 + RAND()*70), floor(1 + RAND()*4), 'http://www.barton.com/', NULL, '2018-05-19 07:27:20', '2021-08-08 11:35:42');
INSERT INTO `task_complete` (`id`, `task_id`, `user_id`, `status_complete_id`, `link_answer`, `score`, `created_at`, `updated_at`) VALUES (73, floor(1 + RAND()*100), floor(1 + RAND()*70), floor(1 + RAND()*4), 'http://www.paucek.com/', NULL, '1974-08-21 22:43:47', '2021-08-08 11:35:42');
INSERT INTO `task_complete` (`id`, `task_id`, `user_id`, `status_complete_id`, `link_answer`, `score`, `created_at`, `updated_at`) VALUES (74, floor(1 + RAND()*100), floor(1 + RAND()*70), floor(1 + RAND()*4), 'http://hickle.com/', NULL, '1981-04-05 20:19:56', '2021-08-08 11:35:42');
INSERT INTO `task_complete` (`id`, `task_id`, `user_id`, `status_complete_id`, `link_answer`, `score`, `created_at`, `updated_at`) VALUES (75, floor(1 + RAND()*100), floor(1 + RAND()*70), floor(1 + RAND()*4), 'http://www.hoeger.com/', NULL, '1971-01-06 08:57:45', '2021-08-08 11:35:42');
INSERT INTO `task_complete` (`id`, `task_id`, `user_id`, `status_complete_id`, `link_answer`, `score`, `created_at`, `updated_at`) VALUES (76, floor(1 + RAND()*100), floor(1 + RAND()*70), floor(1 + RAND()*4), 'http://mcglynnbradtke.com/', NULL, '2004-11-23 03:51:30', '2021-08-08 11:35:42');
INSERT INTO `task_complete` (`id`, `task_id`, `user_id`, `status_complete_id`, `link_answer`, `score`, `created_at`, `updated_at`) VALUES (77, floor(1 + RAND()*100), floor(1 + RAND()*70), floor(1 + RAND()*4), 'http://rathmonahan.com/', NULL, '1994-06-30 11:57:19', '2021-08-08 11:35:42');
INSERT INTO `task_complete` (`id`, `task_id`, `user_id`, `status_complete_id`, `link_answer`, `score`, `created_at`, `updated_at`) VALUES (78, floor(1 + RAND()*100), floor(1 + RAND()*70), floor(1 + RAND()*4), 'http://fadel.net/', NULL, '1988-09-08 17:10:46', '2021-08-08 11:35:42');
INSERT INTO `task_complete` (`id`, `task_id`, `user_id`, `status_complete_id`, `link_answer`, `score`, `created_at`, `updated_at`) VALUES (79, floor(1 + RAND()*100), floor(1 + RAND()*70), floor(1 + RAND()*4), 'http://yost.biz/', NULL, '1982-03-15 01:29:45', '2021-08-08 11:35:42');
INSERT INTO `task_complete` (`id`, `task_id`, `user_id`, `status_complete_id`, `link_answer`, `score`, `created_at`, `updated_at`) VALUES (80, floor(1 + RAND()*100), floor(1 + RAND()*70), floor(1 + RAND()*4), 'http://boyle.com/', NULL, '1980-10-05 06:12:01', '2021-08-08 11:35:42');
INSERT INTO `task_complete` (`id`, `task_id`, `user_id`, `status_complete_id`, `link_answer`, `score`, `created_at`, `updated_at`) VALUES (81, floor(1 + RAND()*100), floor(1 + RAND()*70), floor(1 + RAND()*4), 'http://www.effertz.com/', NULL, '1972-11-17 22:00:56', '2021-08-08 11:35:42');
INSERT INTO `task_complete` (`id`, `task_id`, `user_id`, `status_complete_id`, `link_answer`, `score`, `created_at`, `updated_at`) VALUES (82, floor(1 + RAND()*100), floor(1 + RAND()*70), floor(1 + RAND()*4), 'http://greenfelderframi.com/', NULL, '1998-01-16 09:43:00', '2021-08-08 11:35:42');
INSERT INTO `task_complete` (`id`, `task_id`, `user_id`, `status_complete_id`, `link_answer`, `score`, `created_at`, `updated_at`) VALUES (83, floor(1 + RAND()*100), floor(1 + RAND()*70), floor(1 + RAND()*4), 'http://www.marks.net/', NULL, '2011-06-03 18:05:34', '2021-08-08 11:35:42');
INSERT INTO `task_complete` (`id`, `task_id`, `user_id`, `status_complete_id`, `link_answer`, `score`, `created_at`, `updated_at`) VALUES (84, floor(1 + RAND()*100), floor(1 + RAND()*70), floor(1 + RAND()*4), 'http://halvorson.info/', NULL, '1978-08-25 01:50:39', '2021-08-08 11:35:42');
INSERT INTO `task_complete` (`id`, `task_id`, `user_id`, `status_complete_id`, `link_answer`, `score`, `created_at`, `updated_at`) VALUES (85, floor(1 + RAND()*100), floor(1 + RAND()*70), floor(1 + RAND()*4), 'http://www.gutkowski.com/', NULL, '1979-02-11 16:52:13', '2021-08-08 11:35:42');
INSERT INTO `task_complete` (`id`, `task_id`, `user_id`, `status_complete_id`, `link_answer`, `score`, `created_at`, `updated_at`) VALUES (86, floor(1 + RAND()*100), floor(1 + RAND()*70), floor(1 + RAND()*4), 'http://www.abbottgusikowski.info/', NULL, '1970-05-01 02:57:50', '2021-08-08 11:35:42');
INSERT INTO `task_complete` (`id`, `task_id`, `user_id`, `status_complete_id`, `link_answer`, `score`, `created_at`, `updated_at`) VALUES (87, floor(1 + RAND()*100), floor(1 + RAND()*70), floor(1 + RAND()*4), 'http://bartell.com/', NULL, '1991-03-28 07:18:02', '2021-08-08 11:35:42');
INSERT INTO `task_complete` (`id`, `task_id`, `user_id`, `status_complete_id`, `link_answer`, `score`, `created_at`, `updated_at`) VALUES (88, floor(1 + RAND()*100), floor(1 + RAND()*70), floor(1 + RAND()*4), 'http://gerhold.com/', NULL, '1997-12-27 11:07:52', '2021-08-08 11:35:42');
INSERT INTO `task_complete` (`id`, `task_id`, `user_id`, `status_complete_id`, `link_answer`, `score`, `created_at`, `updated_at`) VALUES (89, floor(1 + RAND()*100), floor(1 + RAND()*70), floor(1 + RAND()*4), 'http://www.sengerhagenes.biz/', NULL, '2018-01-23 05:13:43', '2021-08-08 11:35:42');
INSERT INTO `task_complete` (`id`, `task_id`, `user_id`, `status_complete_id`, `link_answer`, `score`, `created_at`, `updated_at`) VALUES (90, floor(1 + RAND()*100), floor(1 + RAND()*70), floor(1 + RAND()*4), 'http://wunsch.com/', NULL, '1992-06-13 19:54:27', '2021-08-08 11:35:42');
INSERT INTO `task_complete` (`id`, `task_id`, `user_id`, `status_complete_id`, `link_answer`, `score`, `created_at`, `updated_at`) VALUES (91, floor(1 + RAND()*100), floor(1 + RAND()*70), floor(1 + RAND()*4), 'http://huelkshlerin.com/', NULL, '1990-01-10 21:40:44', '2021-08-08 11:35:42');
INSERT INTO `task_complete` (`id`, `task_id`, `user_id`, `status_complete_id`, `link_answer`, `score`, `created_at`, `updated_at`) VALUES (92, floor(1 + RAND()*100), floor(1 + RAND()*70), floor(1 + RAND()*4), 'http://gutkowski.com/', NULL, '1978-06-04 21:53:56', '2021-08-08 11:35:42');
INSERT INTO `task_complete` (`id`, `task_id`, `user_id`, `status_complete_id`, `link_answer`, `score`, `created_at`, `updated_at`) VALUES (93, floor(1 + RAND()*100), floor(1 + RAND()*70), floor(1 + RAND()*4), 'http://dietrichpfannerstill.com/', NULL, '1995-09-27 23:10:58', '2021-08-08 11:35:42');
INSERT INTO `task_complete` (`id`, `task_id`, `user_id`, `status_complete_id`, `link_answer`, `score`, `created_at`, `updated_at`) VALUES (94, floor(1 + RAND()*100), floor(1 + RAND()*70), floor(1 + RAND()*4), 'http://www.hills.com/', NULL, '1991-02-22 13:19:59', '2021-08-08 11:35:42');
INSERT INTO `task_complete` (`id`, `task_id`, `user_id`, `status_complete_id`, `link_answer`, `score`, `created_at`, `updated_at`) VALUES (95, floor(1 + RAND()*100), floor(1 + RAND()*70), floor(1 + RAND()*4), 'http://prohaska.com/', NULL, '1977-01-12 16:30:19', '2021-08-08 11:35:42');
INSERT INTO `task_complete` (`id`, `task_id`, `user_id`, `status_complete_id`, `link_answer`, `score`, `created_at`, `updated_at`) VALUES (96, floor(1 + RAND()*100), floor(1 + RAND()*70), floor(1 + RAND()*4), 'http://muller.com/', NULL, '2016-02-20 01:30:39', '2021-08-08 11:35:42');
INSERT INTO `task_complete` (`id`, `task_id`, `user_id`, `status_complete_id`, `link_answer`, `score`, `created_at`, `updated_at`) VALUES (97, floor(1 + RAND()*100), floor(1 + RAND()*70), floor(1 + RAND()*4), 'http://www.littel.com/', NULL, '1976-06-14 22:00:23', '2021-08-08 11:35:42');
INSERT INTO `task_complete` (`id`, `task_id`, `user_id`, `status_complete_id`, `link_answer`, `score`, `created_at`, `updated_at`) VALUES (98, floor(1 + RAND()*100), floor(1 + RAND()*70), floor(1 + RAND()*4), 'http://www.kesslergrant.info/', NULL, '1991-10-05 00:49:44', '2021-08-08 11:35:42');
INSERT INTO `task_complete` (`id`, `task_id`, `user_id`, `status_complete_id`, `link_answer`, `score`, `created_at`, `updated_at`) VALUES (99, floor(1 + RAND()*100), floor(1 + RAND()*70), floor(1 + RAND()*4), 'http://lockmanleuschke.com/', NULL, '1997-07-24 23:10:19', '2021-08-08 11:35:42');
INSERT INTO `task_complete` (`id`, `task_id`, `user_id`, `status_complete_id`, `link_answer`, `score`, `created_at`, `updated_at`) VALUES (100, floor(1 + RAND()*100), floor(1 + RAND()*70), floor(1 + RAND()*4), 'http://bayer.info/', NULL, '2011-02-28 04:44:16', '2021-08-08 11:35:42');
INSERT INTO `task_complete` (`id`, `task_id`, `user_id`, `status_complete_id`, `link_answer`, `score`, `created_at`, `updated_at`) VALUES (101, floor(1 + RAND()*100), floor(1 + RAND()*70), floor(1 + RAND()*4), 'http://bayer.info/', NULL, '2011-02-28 04:44:16', '2021-08-08 11:35:42');
INSERT INTO `task_complete` (`id`, `task_id`, `user_id`, `status_complete_id`, `link_answer`, `score`, `created_at`, `updated_at`) VALUES (102, floor(1 + RAND()*80), floor(1 + RAND()*70), floor(1 + RAND()*4), 'http://schuppe.com/', NULL, '2005-11-07 05:02:15', '2021-08-08 11:35:42');
INSERT INTO `task_complete` (`id`, `task_id`, `user_id`, `status_complete_id`, `link_answer`, `score`, `created_at`, `updated_at`) VALUES (103, floor(1 + RAND()*80), floor(1 + RAND()*70), floor(1 + RAND()*4), 'http://schuppe.com/', NULL, '2005-11-07 05:02:15', '2021-08-08 11:35:42');
INSERT INTO `task_complete` (`id`, `task_id`, `user_id`, `status_complete_id`, `link_answer`, `score`, `created_at`, `updated_at`) VALUES (104, floor(1 + RAND()*80), floor(1 + RAND()*70), floor(1 + RAND()*4), 'http://baileyrolfson.org/', NULL, '1998-01-25 10:18:01', '2021-08-08 11:35:42');
INSERT INTO `task_complete` (`id`, `task_id`, `user_id`, `status_complete_id`, `link_answer`, `score`, `created_at`, `updated_at`) VALUES (105, floor(1 + RAND()*80), floor(1 + RAND()*70), floor(1 + RAND()*4), 'http://www.walsh.org/', NULL, '1988-01-08 09:26:05', '2021-08-08 11:35:42');
INSERT INTO `task_complete` (`id`, `task_id`, `user_id`, `status_complete_id`, `link_answer`, `score`, `created_at`, `updated_at`) VALUES (106, floor(1 + RAND()*80), floor(1 + RAND()*70), floor(1 + RAND()*4), 'http://www.jaskolskischaefer.net/', NULL, '1985-04-21 12:10:19', '2021-08-08 11:35:42');
INSERT INTO `task_complete` (`id`, `task_id`, `user_id`, `status_complete_id`, `link_answer`, `score`, `created_at`, `updated_at`) VALUES (107, floor(1 + RAND()*80), floor(1 + RAND()*70), floor(1 + RAND()*4), 'http://www.boyer.com/', NULL, '2001-03-11 06:07:20', '2021-08-08 11:35:42');
INSERT INTO `task_complete` (`id`, `task_id`, `user_id`, `status_complete_id`, `link_answer`, `score`, `created_at`, `updated_at`) VALUES (108, floor(1 + RAND()*80), floor(1 + RAND()*70), floor(1 + RAND()*4), 'http://binsnitzsche.com/', NULL, '1990-04-30 06:36:39', '2021-08-08 11:35:42');
INSERT INTO `task_complete` (`id`, `task_id`, `user_id`, `status_complete_id`, `link_answer`, `score`, `created_at`, `updated_at`) VALUES (109, floor(1 + RAND()*80), floor(1 + RAND()*70), floor(1 + RAND()*4), 'http://www.feestkertzmann.com/', NULL, '1970-10-27 05:24:21', '2021-08-08 11:35:42');
INSERT INTO `task_complete` (`id`, `task_id`, `user_id`, `status_complete_id`, `link_answer`, `score`, `created_at`, `updated_at`) VALUES (110, floor(1 + RAND()*100), floor(1 + RAND()*70), floor(1 + RAND()*4), 'http://jerde.com/', NULL, '1977-08-29 22:18:37', '2021-08-08 11:35:42');
INSERT INTO `task_complete` (`id`, `task_id`, `user_id`, `status_complete_id`, `link_answer`, `score`, `created_at`, `updated_at`) VALUES (111, floor(1 + RAND()*100), floor(1 + RAND()*70), floor(1 + RAND()*4), 'http://okeefe.com/', NULL, '2007-01-31 03:12:29', '2021-08-08 11:35:42');
INSERT INTO `task_complete` (`id`, `task_id`, `user_id`, `status_complete_id`, `link_answer`, `score`, `created_at`, `updated_at`) VALUES (112, floor(1 + RAND()*100), floor(1 + RAND()*70), floor(1 + RAND()*4), 'http://gerlachkerluke.org/', NULL, '2003-12-19 04:25:36', '2021-08-08 11:35:42');
INSERT INTO `task_complete` (`id`, `task_id`, `user_id`, `status_complete_id`, `link_answer`, `score`, `created_at`, `updated_at`) VALUES (113, floor(1 + RAND()*100), floor(1 + RAND()*70), floor(1 + RAND()*4), 'http://hodkiewicz.org/', NULL, '2014-09-21 15:49:00', '2021-08-08 11:35:42');
INSERT INTO `task_complete` (`id`, `task_id`, `user_id`, `status_complete_id`, `link_answer`, `score`, `created_at`, `updated_at`) VALUES (114, floor(1 + RAND()*100), floor(1 + RAND()*70), floor(1 + RAND()*4), 'http://kovacek.org/', NULL, '1983-08-30 09:35:45', '2021-08-08 11:35:42');
INSERT INTO `task_complete` (`id`, `task_id`, `user_id`, `status_complete_id`, `link_answer`, `score`, `created_at`, `updated_at`) VALUES (115, floor(1 + RAND()*100), floor(1 + RAND()*70), floor(1 + RAND()*4), 'http://www.block.biz/', NULL, '2011-09-22 01:02:29', '2021-08-08 11:35:42');
INSERT INTO `task_complete` (`id`, `task_id`, `user_id`, `status_complete_id`, `link_answer`, `score`, `created_at`, `updated_at`) VALUES (116, floor(1 + RAND()*100), floor(1 + RAND()*70), floor(1 + RAND()*4), 'http://www.keebler.com/', NULL, '1992-01-25 22:41:27', '2021-08-08 11:35:42');
INSERT INTO `task_complete` (`id`, `task_id`, `user_id`, `status_complete_id`, `link_answer`, `score`, `created_at`, `updated_at`) VALUES (117, floor(1 + RAND()*100), floor(1 + RAND()*70), floor(1 + RAND()*4), 'http://www.rice.com/', NULL, '1970-10-25 11:00:36', '2021-08-08 11:35:42');
INSERT INTO `task_complete` (`id`, `task_id`, `user_id`, `status_complete_id`, `link_answer`, `score`, `created_at`, `updated_at`) VALUES (118, floor(1 + RAND()*100), floor(1 + RAND()*70), floor(1 + RAND()*4), 'http://www.mertzjacobi.org/', NULL, '2020-06-26 17:01:01', '2021-08-08 11:35:42');
INSERT INTO `task_complete` (`id`, `task_id`, `user_id`, `status_complete_id`, `link_answer`, `score`, `created_at`, `updated_at`) VALUES (119, floor(1 + RAND()*100), floor(1 + RAND()*70), floor(1 + RAND()*4), 'http://www.nitzsche.com/', NULL, '2009-03-20 17:37:33', '2021-08-08 11:35:42');
INSERT INTO `task_complete` (`id`, `task_id`, `user_id`, `status_complete_id`, `link_answer`, `score`, `created_at`, `updated_at`) VALUES (120, floor(1 + RAND()*100), floor(1 + RAND()*70), floor(1 + RAND()*4), 'http://littelrath.info/', NULL, '2011-04-23 12:36:49', '2021-08-08 11:35:42');
INSERT INTO `task_complete` (`id`, `task_id`, `user_id`, `status_complete_id`, `link_answer`, `score`, `created_at`, `updated_at`) VALUES (121, floor(1 + RAND()*100), floor(1 + RAND()*70), floor(1 + RAND()*4), 'http://beatty.com/', NULL, '2014-05-01 16:13:17', '2021-08-08 11:35:42');
INSERT INTO `task_complete` (`id`, `task_id`, `user_id`, `status_complete_id`, `link_answer`, `score`, `created_at`, `updated_at`) VALUES (122, floor(1 + RAND()*100), floor(1 + RAND()*70), floor(1 + RAND()*4), 'http://hudson.com/', NULL, '2019-10-02 07:54:09', '2021-08-08 11:35:42');
INSERT INTO `task_complete` (`id`, `task_id`, `user_id`, `status_complete_id`, `link_answer`, `score`, `created_at`, `updated_at`) VALUES (123, floor(1 + RAND()*100), floor(1 + RAND()*70), floor(1 + RAND()*4), 'http://www.ryanwyman.com/', NULL, '1972-03-08 18:22:31', '2021-08-08 11:35:42');
INSERT INTO `task_complete` (`id`, `task_id`, `user_id`, `status_complete_id`, `link_answer`, `score`, `created_at`, `updated_at`) VALUES (124, floor(1 + RAND()*100), floor(1 + RAND()*70), floor(1 + RAND()*4), 'http://www.stoltenberg.info/', NULL, '1990-09-22 20:46:31', '2021-08-08 11:35:42');
INSERT INTO `task_complete` (`id`, `task_id`, `user_id`, `status_complete_id`, `link_answer`, `score`, `created_at`, `updated_at`) VALUES (125, floor(1 + RAND()*100), floor(1 + RAND()*70), floor(1 + RAND()*4), 'http://monahan.com/', NULL, '2006-12-05 02:05:02', '2021-08-08 11:35:42');
INSERT INTO `task_complete` (`id`, `task_id`, `user_id`, `status_complete_id`, `link_answer`, `score`, `created_at`, `updated_at`) VALUES (126, floor(1 + RAND()*100), floor(1 + RAND()*70), floor(1 + RAND()*4), 'http://www.west.com/', NULL, '2006-06-17 06:47:14', '2021-08-08 11:35:42');
INSERT INTO `task_complete` (`id`, `task_id`, `user_id`, `status_complete_id`, `link_answer`, `score`, `created_at`, `updated_at`) VALUES (127, floor(1 + RAND()*100), floor(1 + RAND()*70), floor(1 + RAND()*4), 'http://gibson.biz/', NULL, '1978-06-26 05:24:16', '2021-08-08 11:35:42');
INSERT INTO `task_complete` (`id`, `task_id`, `user_id`, `status_complete_id`, `link_answer`, `score`, `created_at`, `updated_at`) VALUES (128, floor(1 + RAND()*100), floor(1 + RAND()*70), floor(1 + RAND()*4), 'http://homenick.com/', NULL, '1998-05-13 20:17:47', '2021-08-08 11:35:42');
INSERT INTO `task_complete` (`id`, `task_id`, `user_id`, `status_complete_id`, `link_answer`, `score`, `created_at`, `updated_at`) VALUES (129, floor(1 + RAND()*100), floor(1 + RAND()*70), floor(1 + RAND()*4), 'http://rippinlarkin.com/', NULL, '1975-04-27 04:22:48', '2021-08-08 11:35:42');
INSERT INTO `task_complete` (`id`, `task_id`, `user_id`, `status_complete_id`, `link_answer`, `score`, `created_at`, `updated_at`) VALUES (130, floor(1 + RAND()*100), floor(1 + RAND()*70), floor(1 + RAND()*4), 'http://emard.com/', NULL, '2009-05-12 07:14:40', '2021-08-08 11:35:42');
INSERT INTO `task_complete` (`id`, `task_id`, `user_id`, `status_complete_id`, `link_answer`, `score`, `created_at`, `updated_at`) VALUES (131, floor(1 + RAND()*100), floor(1 + RAND()*70), floor(1 + RAND()*4), 'http://hintz.biz/', NULL, '1980-12-27 08:58:55', '2021-08-08 11:35:42');
INSERT INTO `task_complete` (`id`, `task_id`, `user_id`, `status_complete_id`, `link_answer`, `score`, `created_at`, `updated_at`) VALUES (132, floor(1 + RAND()*100), floor(1 + RAND()*70), floor(1 + RAND()*4), 'http://www.thompson.info/', NULL, '1994-05-05 17:57:22', '2021-08-08 11:35:42');
INSERT INTO `task_complete` (`id`, `task_id`, `user_id`, `status_complete_id`, `link_answer`, `score`, `created_at`, `updated_at`) VALUES (133, floor(1 + RAND()*100), floor(1 + RAND()*70), floor(1 + RAND()*4), 'http://kuhlmanreynolds.org/', NULL, '2016-05-04 07:11:16', '2021-08-08 11:35:42');
INSERT INTO `task_complete` (`id`, `task_id`, `user_id`, `status_complete_id`, `link_answer`, `score`, `created_at`, `updated_at`) VALUES (134, floor(1 + RAND()*100), floor(1 + RAND()*70), floor(1 + RAND()*4), 'http://johnson.com/', NULL, '2017-03-16 03:52:28', '2021-08-08 11:35:42');
INSERT INTO `task_complete` (`id`, `task_id`, `user_id`, `status_complete_id`, `link_answer`, `score`, `created_at`, `updated_at`) VALUES (135, floor(1 + RAND()*100), floor(1 + RAND()*70), floor(1 + RAND()*4), 'http://willms.net/', NULL, '1975-09-22 20:45:37', '2021-08-08 11:35:42');
INSERT INTO `task_complete` (`id`, `task_id`, `user_id`, `status_complete_id`, `link_answer`, `score`, `created_at`, `updated_at`) VALUES (136, floor(1 + RAND()*100), floor(1 + RAND()*70), floor(1 + RAND()*4), 'http://www.farrell.com/', NULL, '1971-03-27 09:01:47', '2021-08-08 11:35:42');
INSERT INTO `task_complete` (`id`, `task_id`, `user_id`, `status_complete_id`, `link_answer`, `score`, `created_at`, `updated_at`) VALUES (137, floor(1 + RAND()*100), floor(1 + RAND()*70), floor(1 + RAND()*4), 'http://www.robertsschimmel.info/', NULL, '1983-02-13 22:12:58', '2021-08-08 11:35:42');
INSERT INTO `task_complete` (`id`, `task_id`, `user_id`, `status_complete_id`, `link_answer`, `score`, `created_at`, `updated_at`) VALUES (138, floor(1 + RAND()*100), floor(1 + RAND()*70), floor(1 + RAND()*4), 'http://www.king.com/', NULL, '2007-03-16 02:11:39', '2021-08-08 11:35:42');
INSERT INTO `task_complete` (`id`, `task_id`, `user_id`, `status_complete_id`, `link_answer`, `score`, `created_at`, `updated_at`) VALUES (139, floor(1 + RAND()*100), floor(1 + RAND()*70), floor(1 + RAND()*4), 'http://beer.com/', NULL, '1991-01-17 18:05:52', '2021-08-08 11:35:42');
INSERT INTO `task_complete` (`id`, `task_id`, `user_id`, `status_complete_id`, `link_answer`, `score`, `created_at`, `updated_at`) VALUES (140, floor(1 + RAND()*100), floor(1 + RAND()*70), floor(1 + RAND()*4), 'http://www.lehnerhoppe.info/', NULL, '1985-02-23 16:33:33', '2021-08-08 11:35:42');
INSERT INTO `task_complete` (`id`, `task_id`, `user_id`, `status_complete_id`, `link_answer`, `score`, `created_at`, `updated_at`) VALUES (141, floor(1 + RAND()*100), floor(1 + RAND()*70), floor(1 + RAND()*4), 'http://hackettgibson.com/', NULL, '2004-05-19 14:10:00', '2021-08-08 11:35:42');
INSERT INTO `task_complete` (`id`, `task_id`, `user_id`, `status_complete_id`, `link_answer`, `score`, `created_at`, `updated_at`) VALUES (142, floor(1 + RAND()*100), floor(1 + RAND()*70), floor(1 + RAND()*4), 'http://www.mckenzie.com/', NULL, '1976-02-06 18:18:03', '2021-08-08 11:35:42');
INSERT INTO `task_complete` (`id`, `task_id`, `user_id`, `status_complete_id`, `link_answer`, `score`, `created_at`, `updated_at`) VALUES (143, floor(1 + RAND()*100), floor(1 + RAND()*70), floor(1 + RAND()*4), 'http://watsica.org/', NULL, '2007-10-31 03:38:25', '2021-08-08 11:35:42');
INSERT INTO `task_complete` (`id`, `task_id`, `user_id`, `status_complete_id`, `link_answer`, `score`, `created_at`, `updated_at`) VALUES (144, floor(1 + RAND()*100), floor(1 + RAND()*70), floor(1 + RAND()*4), 'http://lowe.com/', NULL, '2020-11-23 19:55:50', '2021-08-08 11:35:42');
INSERT INTO `task_complete` (`id`, `task_id`, `user_id`, `status_complete_id`, `link_answer`, `score`, `created_at`, `updated_at`) VALUES (145, floor(1 + RAND()*100), floor(1 + RAND()*70), floor(1 + RAND()*4), 'http://www.kris.com/', NULL, '2010-08-06 11:35:29', '2021-08-08 11:35:42');
INSERT INTO `task_complete` (`id`, `task_id`, `user_id`, `status_complete_id`, `link_answer`, `score`, `created_at`, `updated_at`) VALUES (146, floor(1 + RAND()*100), floor(1 + RAND()*70), floor(1 + RAND()*4), 'http://abshirekshlerin.biz/', NULL, '1991-06-26 22:05:04', '2021-08-08 11:35:42');
INSERT INTO `task_complete` (`id`, `task_id`, `user_id`, `status_complete_id`, `link_answer`, `score`, `created_at`, `updated_at`) VALUES (147, floor(1 + RAND()*100), floor(1 + RAND()*70), floor(1 + RAND()*4), 'http://harberstark.net/', NULL, '2019-05-16 06:19:31', '2021-08-08 11:35:42');
INSERT INTO `task_complete` (`id`, `task_id`, `user_id`, `status_complete_id`, `link_answer`, `score`, `created_at`, `updated_at`) VALUES (148, floor(1 + RAND()*100), floor(1 + RAND()*70), floor(1 + RAND()*4), 'http://nadertremblay.com/', NULL, '1982-09-17 11:19:17', '2021-08-08 11:35:42');
INSERT INTO `task_complete` (`id`, `task_id`, `user_id`, `status_complete_id`, `link_answer`, `score`, `created_at`, `updated_at`) VALUES (149, floor(1 + RAND()*100), floor(1 + RAND()*70), floor(1 + RAND()*4), 'http://www.morar.biz/', NULL, '2003-11-03 17:32:11', '2021-08-08 11:35:42');
INSERT INTO `task_complete` (`id`, `task_id`, `user_id`, `status_complete_id`, `link_answer`, `score`, `created_at`, `updated_at`) VALUES (150, floor(1 + RAND()*100), floor(1 + RAND()*70), floor(1 + RAND()*4), 'http://www.cremin.com/', NULL, '2012-11-21 14:47:23', '2021-08-08 11:35:42');
INSERT INTO `task_complete` (`id`, `task_id`, `user_id`, `status_complete_id`, `link_answer`, `score`, `created_at`, `updated_at`) VALUES (151, floor(1 + RAND()*100), floor(1 + RAND()*70), floor(1 + RAND()*4), 'http://www.kuhlmanokon.com/', NULL, '1982-05-25 07:35:47', '2021-08-08 11:35:42');
INSERT INTO `task_complete` (`id`, `task_id`, `user_id`, `status_complete_id`, `link_answer`, `score`, `created_at`, `updated_at`) VALUES (152, floor(1 + RAND()*100), floor(1 + RAND()*70), floor(1 + RAND()*4), 'http://www.blickokeefe.com/', NULL, '2000-10-26 08:21:12', '2021-08-08 11:35:42');
INSERT INTO `task_complete` (`id`, `task_id`, `user_id`, `status_complete_id`, `link_answer`, `score`, `created_at`, `updated_at`) VALUES (153, floor(1 + RAND()*100), floor(1 + RAND()*70), floor(1 + RAND()*4), 'http://www.bins.com/', NULL, '1983-01-17 13:13:45', '2021-08-08 11:35:42');
INSERT INTO `task_complete` (`id`, `task_id`, `user_id`, `status_complete_id`, `link_answer`, `score`, `created_at`, `updated_at`) VALUES (154, floor(1 + RAND()*100), floor(1 + RAND()*70), floor(1 + RAND()*4), 'http://www.collins.com/', NULL, '2012-03-25 16:15:12', '2021-08-08 11:35:42');
INSERT INTO `task_complete` (`id`, `task_id`, `user_id`, `status_complete_id`, `link_answer`, `score`, `created_at`, `updated_at`) VALUES (155, floor(1 + RAND()*100), floor(1 + RAND()*70), floor(1 + RAND()*4), 'http://www.bayer.net/', NULL, '1981-05-04 19:56:07', '2021-08-08 11:35:42');
INSERT INTO `task_complete` (`id`, `task_id`, `user_id`, `status_complete_id`, `link_answer`, `score`, `created_at`, `updated_at`) VALUES (156, floor(1 + RAND()*100), floor(1 + RAND()*70), floor(1 + RAND()*4), 'http://luettgen.com/', NULL, '1980-08-26 20:26:43', '2021-08-08 11:35:42');
INSERT INTO `task_complete` (`id`, `task_id`, `user_id`, `status_complete_id`, `link_answer`, `score`, `created_at`, `updated_at`) VALUES (157, floor(1 + RAND()*100), floor(1 + RAND()*70), floor(1 + RAND()*4), 'http://hackettrobel.com/', NULL, '1973-01-09 02:02:01', '2021-08-08 11:35:42');
INSERT INTO `task_complete` (`id`, `task_id`, `user_id`, `status_complete_id`, `link_answer`, `score`, `created_at`, `updated_at`) VALUES (158, floor(1 + RAND()*100), floor(1 + RAND()*70), floor(1 + RAND()*4), 'http://donnelly.com/', NULL, '1996-10-05 02:46:56', '2021-08-08 11:35:42');
INSERT INTO `task_complete` (`id`, `task_id`, `user_id`, `status_complete_id`, `link_answer`, `score`, `created_at`, `updated_at`) VALUES (159, floor(1 + RAND()*100), floor(1 + RAND()*70), floor(1 + RAND()*4), 'http://haagrunolfsson.info/', NULL, '1991-09-03 05:11:50', '2021-08-08 11:35:42');
INSERT INTO `task_complete` (`id`, `task_id`, `user_id`, `status_complete_id`, `link_answer`, `score`, `created_at`, `updated_at`) VALUES (160, floor(1 + RAND()*100), floor(1 + RAND()*70), floor(1 + RAND()*4), 'http://www.shanahan.com/', NULL, '2019-04-04 07:41:00', '2021-08-08 11:35:42');
INSERT INTO `task_complete` (`id`, `task_id`, `user_id`, `status_complete_id`, `link_answer`, `score`, `created_at`, `updated_at`) VALUES (161, floor(1 + RAND()*100), floor(1 + RAND()*70), floor(1 + RAND()*4), 'http://morissette.com/', NULL, '2012-08-19 15:35:54', '2021-08-08 11:35:42');
INSERT INTO `task_complete` (`id`, `task_id`, `user_id`, `status_complete_id`, `link_answer`, `score`, `created_at`, `updated_at`) VALUES (162, floor(1 + RAND()*100), floor(1 + RAND()*70), floor(1 + RAND()*4), 'http://paucekbrekke.com/', NULL, '1975-06-22 08:47:19', '2021-08-08 11:35:42');
INSERT INTO `task_complete` (`id`, `task_id`, `user_id`, `status_complete_id`, `link_answer`, `score`, `created_at`, `updated_at`) VALUES (163, floor(1 + RAND()*100), floor(1 + RAND()*70), floor(1 + RAND()*4), 'http://www.stehrmurazik.com/', NULL, '1983-12-22 19:26:46', '2021-08-08 11:35:42');
INSERT INTO `task_complete` (`id`, `task_id`, `user_id`, `status_complete_id`, `link_answer`, `score`, `created_at`, `updated_at`) VALUES (164, floor(1 + RAND()*100), floor(1 + RAND()*70), floor(1 + RAND()*4), 'http://damore.com/', NULL, '2005-09-14 22:32:46', '2021-08-08 11:35:42');
INSERT INTO `task_complete` (`id`, `task_id`, `user_id`, `status_complete_id`, `link_answer`, `score`, `created_at`, `updated_at`) VALUES (165, floor(1 + RAND()*100), floor(1 + RAND()*70), floor(1 + RAND()*4), 'http://zboncak.org/', NULL, '1986-07-09 23:06:14', '2021-08-08 11:35:42');
INSERT INTO `task_complete` (`id`, `task_id`, `user_id`, `status_complete_id`, `link_answer`, `score`, `created_at`, `updated_at`) VALUES (166, floor(1 + RAND()*100), floor(1 + RAND()*70), floor(1 + RAND()*4), 'http://pfannerstill.com/', NULL, '1990-05-27 01:54:05', '2021-08-08 11:35:42');
INSERT INTO `task_complete` (`id`, `task_id`, `user_id`, `status_complete_id`, `link_answer`, `score`, `created_at`, `updated_at`) VALUES (167, floor(1 + RAND()*100), floor(1 + RAND()*70), floor(1 + RAND()*4), 'http://www.robelpadberg.com/', NULL, '2017-10-02 16:07:30', '2021-08-08 11:35:42');
INSERT INTO `task_complete` (`id`, `task_id`, `user_id`, `status_complete_id`, `link_answer`, `score`, `created_at`, `updated_at`) VALUES (168, floor(1 + RAND()*100), floor(1 + RAND()*70), floor(1 + RAND()*4), 'http://littelhyatt.com/', NULL, '1997-02-15 03:25:51', '2021-08-08 11:35:42');
INSERT INTO `task_complete` (`id`, `task_id`, `user_id`, `status_complete_id`, `link_answer`, `score`, `created_at`, `updated_at`) VALUES (169, floor(1 + RAND()*100), floor(1 + RAND()*70), floor(1 + RAND()*4), 'http://www.franecki.com/', NULL, '2006-01-13 20:46:34', '2021-08-08 11:35:42');
INSERT INTO `task_complete` (`id`, `task_id`, `user_id`, `status_complete_id`, `link_answer`, `score`, `created_at`, `updated_at`) VALUES (170, floor(1 + RAND()*100), floor(1 + RAND()*70), floor(1 + RAND()*4), 'http://www.kuhic.com/', NULL, '1990-04-03 22:14:54', '2021-08-08 11:35:42');
INSERT INTO `task_complete` (`id`, `task_id`, `user_id`, `status_complete_id`, `link_answer`, `score`, `created_at`, `updated_at`) VALUES (171, floor(1 + RAND()*100), floor(1 + RAND()*70), floor(1 + RAND()*4), 'http://www.uptonkoch.com/', NULL, '1994-05-21 13:12:41', '2021-08-08 11:35:42');
INSERT INTO `task_complete` (`id`, `task_id`, `user_id`, `status_complete_id`, `link_answer`, `score`, `created_at`, `updated_at`) VALUES (172, floor(1 + RAND()*100), floor(1 + RAND()*70), floor(1 + RAND()*4), 'http://www.barton.com/', NULL, '2018-05-19 07:27:20', '2021-08-08 11:35:42');
INSERT INTO `task_complete` (`id`, `task_id`, `user_id`, `status_complete_id`, `link_answer`, `score`, `created_at`, `updated_at`) VALUES (173, floor(1 + RAND()*100), floor(1 + RAND()*70), floor(1 + RAND()*4), 'http://www.paucek.com/', NULL, '1974-08-21 22:43:47', '2021-08-08 11:35:42');
INSERT INTO `task_complete` (`id`, `task_id`, `user_id`, `status_complete_id`, `link_answer`, `score`, `created_at`, `updated_at`) VALUES (174, floor(1 + RAND()*100), floor(1 + RAND()*70), floor(1 + RAND()*4), 'http://hickle.com/', NULL, '1981-04-05 20:19:56', '2021-08-08 11:35:42');
INSERT INTO `task_complete` (`id`, `task_id`, `user_id`, `status_complete_id`, `link_answer`, `score`, `created_at`, `updated_at`) VALUES (175, floor(1 + RAND()*100), floor(1 + RAND()*70), floor(1 + RAND()*4), 'http://www.hoeger.com/', NULL, '1971-01-06 08:57:45', '2021-08-08 11:35:42');
INSERT INTO `task_complete` (`id`, `task_id`, `user_id`, `status_complete_id`, `link_answer`, `score`, `created_at`, `updated_at`) VALUES (176, floor(1 + RAND()*100), floor(1 + RAND()*70), floor(1 + RAND()*4), 'http://mcglynnbradtke.com/', NULL, '2004-11-23 03:51:30', '2021-08-08 11:35:42');
INSERT INTO `task_complete` (`id`, `task_id`, `user_id`, `status_complete_id`, `link_answer`, `score`, `created_at`, `updated_at`) VALUES (177, floor(1 + RAND()*100), floor(1 + RAND()*70), floor(1 + RAND()*4), 'http://rathmonahan.com/', NULL, '1994-06-30 11:57:19', '2021-08-08 11:35:42');
INSERT INTO `task_complete` (`id`, `task_id`, `user_id`, `status_complete_id`, `link_answer`, `score`, `created_at`, `updated_at`) VALUES (178, floor(1 + RAND()*100), floor(1 + RAND()*70), floor(1 + RAND()*4), 'http://fadel.net/', NULL, '1988-09-08 17:10:46', '2021-08-08 11:35:42');
INSERT INTO `task_complete` (`id`, `task_id`, `user_id`, `status_complete_id`, `link_answer`, `score`, `created_at`, `updated_at`) VALUES (179, floor(1 + RAND()*100), floor(1 + RAND()*70), floor(1 + RAND()*4), 'http://yost.biz/', NULL, '1982-03-15 01:29:45', '2021-08-08 11:35:42');
INSERT INTO `task_complete` (`id`, `task_id`, `user_id`, `status_complete_id`, `link_answer`, `score`, `created_at`, `updated_at`) VALUES (180, floor(1 + RAND()*100), floor(1 + RAND()*70), floor(1 + RAND()*4), 'http://boyle.com/', NULL, '1980-10-05 06:12:01', '2021-08-08 11:35:42');
INSERT INTO `task_complete` (`id`, `task_id`, `user_id`, `status_complete_id`, `link_answer`, `score`, `created_at`, `updated_at`) VALUES (181, floor(1 + RAND()*100), floor(1 + RAND()*70), floor(1 + RAND()*4), 'http://www.effertz.com/', NULL, '1972-11-17 22:00:56', '2021-08-08 11:35:42');
INSERT INTO `task_complete` (`id`, `task_id`, `user_id`, `status_complete_id`, `link_answer`, `score`, `created_at`, `updated_at`) VALUES (182, floor(1 + RAND()*100), floor(1 + RAND()*70), floor(1 + RAND()*4), 'http://greenfelderframi.com/', NULL, '1998-01-16 09:43:00', '2021-08-08 11:35:42');
INSERT INTO `task_complete` (`id`, `task_id`, `user_id`, `status_complete_id`, `link_answer`, `score`, `created_at`, `updated_at`) VALUES (183, floor(1 + RAND()*100), floor(1 + RAND()*70), floor(1 + RAND()*4), 'http://www.marks.net/', NULL, '2011-06-03 18:05:34', '2021-08-08 11:35:42');
INSERT INTO `task_complete` (`id`, `task_id`, `user_id`, `status_complete_id`, `link_answer`, `score`, `created_at`, `updated_at`) VALUES (184, floor(1 + RAND()*100), floor(1 + RAND()*70), floor(1 + RAND()*4), 'http://halvorson.info/', NULL, '1978-08-25 01:50:39', '2021-08-08 11:35:42');
INSERT INTO `task_complete` (`id`, `task_id`, `user_id`, `status_complete_id`, `link_answer`, `score`, `created_at`, `updated_at`) VALUES (185, floor(1 + RAND()*100), floor(1 + RAND()*70), floor(1 + RAND()*4), 'http://www.gutkowski.com/', NULL, '1979-02-11 16:52:13', '2021-08-08 11:35:42');
INSERT INTO `task_complete` (`id`, `task_id`, `user_id`, `status_complete_id`, `link_answer`, `score`, `created_at`, `updated_at`) VALUES (186, floor(1 + RAND()*100), floor(1 + RAND()*70), floor(1 + RAND()*4), 'http://www.abbottgusikowski.info/', NULL, '1970-05-01 02:57:50', '2021-08-08 11:35:42');
INSERT INTO `task_complete` (`id`, `task_id`, `user_id`, `status_complete_id`, `link_answer`, `score`, `created_at`, `updated_at`) VALUES (187, floor(1 + RAND()*100), floor(1 + RAND()*70), floor(1 + RAND()*4), 'http://bartell.com/', NULL, '1991-03-28 07:18:02', '2021-08-08 11:35:42');
INSERT INTO `task_complete` (`id`, `task_id`, `user_id`, `status_complete_id`, `link_answer`, `score`, `created_at`, `updated_at`) VALUES (188, floor(1 + RAND()*100), floor(1 + RAND()*70), floor(1 + RAND()*4), 'http://gerhold.com/', NULL, '1997-12-27 11:07:52', '2021-08-08 11:35:42');
INSERT INTO `task_complete` (`id`, `task_id`, `user_id`, `status_complete_id`, `link_answer`, `score`, `created_at`, `updated_at`) VALUES (189, floor(1 + RAND()*100), floor(1 + RAND()*70), floor(1 + RAND()*4), 'http://www.sengerhagenes.biz/', NULL, '2018-01-23 05:13:43', '2021-08-08 11:35:42');
INSERT INTO `task_complete` (`id`, `task_id`, `user_id`, `status_complete_id`, `link_answer`, `score`, `created_at`, `updated_at`) VALUES (190, floor(1 + RAND()*100), floor(1 + RAND()*70), floor(1 + RAND()*4), 'http://wunsch.com/', NULL, '1992-06-13 19:54:27', '2021-08-08 11:35:42');
INSERT INTO `task_complete` (`id`, `task_id`, `user_id`, `status_complete_id`, `link_answer`, `score`, `created_at`, `updated_at`) VALUES (191, floor(1 + RAND()*100), floor(1 + RAND()*70), floor(1 + RAND()*4), 'http://huelkshlerin.com/', NULL, '1990-01-10 21:40:44', '2021-08-08 11:35:42');
INSERT INTO `task_complete` (`id`, `task_id`, `user_id`, `status_complete_id`, `link_answer`, `score`, `created_at`, `updated_at`) VALUES (192, floor(1 + RAND()*100), floor(1 + RAND()*70), floor(1 + RAND()*4), 'http://gutkowski.com/', NULL, '1978-06-04 21:53:56', '2021-08-08 11:35:42');
INSERT INTO `task_complete` (`id`, `task_id`, `user_id`, `status_complete_id`, `link_answer`, `score`, `created_at`, `updated_at`) VALUES (193, floor(1 + RAND()*100), floor(1 + RAND()*70), floor(1 + RAND()*4), 'http://dietrichpfannerstill.com/', NULL, '1995-09-27 23:10:58', '2021-08-08 11:35:42');
INSERT INTO `task_complete` (`id`, `task_id`, `user_id`, `status_complete_id`, `link_answer`, `score`, `created_at`, `updated_at`) VALUES (194, floor(1 + RAND()*100), floor(1 + RAND()*70), floor(1 + RAND()*4), 'http://www.hills.com/', NULL, '1991-02-22 13:19:59', '2021-08-08 11:35:42');
INSERT INTO `task_complete` (`id`, `task_id`, `user_id`, `status_complete_id`, `link_answer`, `score`, `created_at`, `updated_at`) VALUES (195, floor(1 + RAND()*100), floor(1 + RAND()*70), floor(1 + RAND()*4), 'http://prohaska.com/', NULL, '1977-01-12 16:30:19', '2021-08-08 11:35:42');
INSERT INTO `task_complete` (`id`, `task_id`, `user_id`, `status_complete_id`, `link_answer`, `score`, `created_at`, `updated_at`) VALUES (196, floor(1 + RAND()*100), floor(1 + RAND()*70), floor(1 + RAND()*4), 'http://muller.com/', NULL, '2016-02-20 01:30:39', '2021-08-08 11:35:42');
INSERT INTO `task_complete` (`id`, `task_id`, `user_id`, `status_complete_id`, `link_answer`, `score`, `created_at`, `updated_at`) VALUES (197, floor(1 + RAND()*100), floor(1 + RAND()*70), floor(1 + RAND()*4), 'http://www.littel.com/', NULL, '1976-06-14 22:00:23', '2021-08-08 11:35:42');
INSERT INTO `task_complete` (`id`, `task_id`, `user_id`, `status_complete_id`, `link_answer`, `score`, `created_at`, `updated_at`) VALUES (198, floor(1 + RAND()*100), floor(1 + RAND()*70), floor(1 + RAND()*4), 'http://www.kesslergrant.info/', NULL, '1991-10-05 00:49:44', '2021-08-08 11:35:42');
INSERT INTO `task_complete` (`id`, `task_id`, `user_id`, `status_complete_id`, `link_answer`, `score`, `created_at`, `updated_at`) VALUES (199, floor(1 + RAND()*100), floor(1 + RAND()*70), floor(1 + RAND()*4), 'http://lockmanleuschke.com/', NULL, '1997-07-24 23:10:19', '2021-08-08 11:35:42');
INSERT INTO `task_complete` (`id`, `task_id`, `user_id`, `status_complete_id`, `link_answer`, `score`, `created_at`, `updated_at`) VALUES (200, floor(1 + RAND()*100), floor(1 + RAND()*70), floor(1 + RAND()*4), 'http://bayer.info/', NULL, '2011-02-28 04:44:16', '2021-08-08 11:35:42');
INSERT INTO `task_complete` (`id`, `task_id`, `user_id`, `status_complete_id`, `link_answer`, `score`, `created_at`, `updated_at`) VALUES (201, floor(1 + RAND()*100), floor(1 + RAND()*70), floor(1 + RAND()*4), 'http://bayer.info/', NULL, '2011-02-28 04:44:16', '2021-08-08 11:35:42');
UPDATE task_complete  SET `score` = floor(1 + RAND()*100) WHERE status_complete_id = 4;
SELECT score FROM task_complete WHERE status_complete_id = 4;



SELECT * FROM logs_tk;
SELECT * FROM task_complete;
#
# TABLE: task_media
#
SELECT * FROM media;

INSERT INTO `task_media` (`task_id`, `media_id`, `created_at`, `updated_at`) VALUES (floor(1 + RAND()*100), floor(1 + RAND()*50), '1992-01-23 05:56:41', NOW());
INSERT INTO `task_media` (`task_id`, `media_id`, `created_at`, `updated_at`) VALUES (floor(1 + RAND()*100), floor(1 + RAND()*50), '1992-01-23 05:56:41', NOW());
INSERT INTO `task_media` (`task_id`, `media_id`, `created_at`, `updated_at`) VALUES (floor(1 + RAND()*100), floor(1 + RAND()*50), '1992-01-23 05:56:41', NOW());
INSERT INTO `task_media` (`task_id`, `media_id`, `created_at`, `updated_at`) VALUES (floor(1 + RAND()*100), floor(1 + RAND()*50), '1992-01-23 05:56:41', NOW());
INSERT INTO `task_media` (`task_id`, `media_id`, `created_at`, `updated_at`) VALUES (floor(1 + RAND()*100), floor(1 + RAND()*50), '1992-01-23 05:56:41', NOW());
INSERT INTO `task_media` (`task_id`, `media_id`, `created_at`, `updated_at`) VALUES (floor(1 + RAND()*100), floor(1 + RAND()*50), '1992-01-23 05:56:41', NOW());
INSERT INTO `task_media` (`task_id`, `media_id`, `created_at`, `updated_at`) VALUES (floor(1 + RAND()*100), floor(1 + RAND()*50), '1992-01-23 05:56:41', NOW());
INSERT INTO `task_media` (`task_id`, `media_id`, `created_at`, `updated_at`) VALUES (floor(1 + RAND()*100), floor(1 + RAND()*50), '1992-01-23 05:56:41', NOW());
INSERT INTO `task_media` (`task_id`, `media_id`, `created_at`, `updated_at`) VALUES (floor(1 + RAND()*100), floor(1 + RAND()*50), '1992-01-23 05:56:41', NOW());
INSERT INTO `task_media` (`task_id`, `media_id`, `created_at`, `updated_at`) VALUES (floor(1 + RAND()*100), floor(1 + RAND()*50), '1992-01-23 05:56:41', NOW());
INSERT INTO `task_media` (`task_id`, `media_id`, `created_at`, `updated_at`) VALUES (floor(1 + RAND()*100), floor(1 + RAND()*50), '1992-01-23 05:56:41', NOW());
INSERT INTO `task_media` (`task_id`, `media_id`, `created_at`, `updated_at`) VALUES (floor(1 + RAND()*100), floor(1 + RAND()*50), '1992-01-23 05:56:41', NOW());
INSERT INTO `task_media` (`task_id`, `media_id`, `created_at`, `updated_at`) VALUES (floor(1 + RAND()*100), floor(1 + RAND()*50), '1992-01-23 05:56:41', NOW());
INSERT INTO `task_media` (`task_id`, `media_id`, `created_at`, `updated_at`) VALUES (floor(1 + RAND()*100), floor(1 + RAND()*50), '1992-01-23 05:56:41', NOW());
INSERT INTO `task_media` (`task_id`, `media_id`, `created_at`, `updated_at`) VALUES (floor(1 + RAND()*100), floor(1 + RAND()*50), '1992-01-23 05:56:41', NOW());
INSERT INTO `task_media` (`task_id`, `media_id`, `created_at`, `updated_at`) VALUES (floor(1 + RAND()*100), floor(1 + RAND()*50), '1992-01-23 05:56:41', NOW());
INSERT INTO `task_media` (`task_id`, `media_id`, `created_at`, `updated_at`) VALUES (floor(1 + RAND()*100), floor(1 + RAND()*50), '1992-01-23 05:56:41', NOW());
INSERT INTO `task_media` (`task_id`, `media_id`, `created_at`, `updated_at`) VALUES (floor(1 + RAND()*100), floor(1 + RAND()*50), '1992-01-23 05:56:41', NOW());
INSERT INTO `task_media` (`task_id`, `media_id`, `created_at`, `updated_at`) VALUES (floor(1 + RAND()*100), floor(1 + RAND()*50), '1992-01-23 05:56:41', NOW());
INSERT INTO `task_media` (`task_id`, `media_id`, `created_at`, `updated_at`) VALUES (floor(1 + RAND()*100), floor(1 + RAND()*50), '1992-01-23 05:56:41', NOW());
INSERT INTO `task_media` (`task_id`, `media_id`, `created_at`, `updated_at`) VALUES (floor(1 + RAND()*100), floor(1 + RAND()*50), '1992-01-23 05:56:41', NOW());
INSERT INTO `task_media` (`task_id`, `media_id`, `created_at`, `updated_at`) VALUES (floor(1 + RAND()*100), floor(1 + RAND()*50), '1992-01-23 05:56:41', NOW());
INSERT INTO `task_media` (`task_id`, `media_id`, `created_at`, `updated_at`) VALUES (floor(1 + RAND()*100), floor(1 + RAND()*50), '1992-01-23 05:56:41', NOW());
INSERT INTO `task_media` (`task_id`, `media_id`, `created_at`, `updated_at`) VALUES (floor(1 + RAND()*100), floor(1 + RAND()*50), '1992-01-23 05:56:41', NOW());
INSERT INTO `task_media` (`task_id`, `media_id`, `created_at`, `updated_at`) VALUES (floor(1 + RAND()*100), floor(1 + RAND()*50), '1992-01-23 05:56:41', NOW());
INSERT INTO `task_media` (`task_id`, `media_id`, `created_at`, `updated_at`) VALUES (floor(1 + RAND()*100), floor(1 + RAND()*50), '1992-01-23 05:56:41', NOW());
INSERT INTO `task_media` (`task_id`, `media_id`, `created_at`, `updated_at`) VALUES (floor(1 + RAND()*100), floor(1 + RAND()*50), '1992-01-23 05:56:41', NOW());
INSERT INTO `task_media` (`task_id`, `media_id`, `created_at`, `updated_at`) VALUES (floor(1 + RAND()*100), floor(1 + RAND()*50), '1992-01-23 05:56:41', NOW());
INSERT INTO `task_media` (`task_id`, `media_id`, `created_at`, `updated_at`) VALUES (floor(1 + RAND()*100), floor(1 + RAND()*50), '1992-01-23 05:56:41', NOW());
INSERT INTO `task_media` (`task_id`, `media_id`, `created_at`, `updated_at`) VALUES (floor(1 + RAND()*100), floor(1 + RAND()*50), '1992-01-23 05:56:41', NOW());
INSERT INTO `task_media` (`task_id`, `media_id`, `created_at`, `updated_at`) VALUES (floor(1 + RAND()*100), floor(1 + RAND()*50), '1992-01-23 05:56:41', NOW());
INSERT INTO `task_media` (`task_id`, `media_id`, `created_at`, `updated_at`) VALUES (floor(1 + RAND()*100), floor(1 + RAND()*50), '1992-01-23 05:56:41', NOW());
INSERT INTO `task_media` (`task_id`, `media_id`, `created_at`, `updated_at`) VALUES (floor(1 + RAND()*100), floor(1 + RAND()*50), '1992-01-23 05:56:41', NOW());
INSERT INTO `task_media` (`task_id`, `media_id`, `created_at`, `updated_at`) VALUES (floor(1 + RAND()*100), floor(1 + RAND()*50), '1992-01-23 05:56:41', NOW());
INSERT INTO `task_media` (`task_id`, `media_id`, `created_at`, `updated_at`) VALUES (floor(1 + RAND()*100), floor(1 + RAND()*50), '1992-01-23 05:56:41', NOW());

-- Создаем таблицу lesson_media

INSERT INTO `lesson_media` (`lesson_id`, `l_media_id`, `created_at`, `updated_at`) VALUES (floor(1 + RAND()*100), floor(1 + RAND()*50), '1992-01-23 05:56:41', NOW());
INSERT INTO `lesson_media` (`lesson_id`, `l_media_id`, `created_at`, `updated_at`) VALUES (floor(1 + RAND()*100), floor(1 + RAND()*50), '1992-01-23 05:56:41', NOW());
INSERT INTO `lesson_media` (`lesson_id`, `l_media_id`, `created_at`, `updated_at`) VALUES (floor(1 + RAND()*100), floor(1 + RAND()*50), '1992-01-23 05:56:41', NOW());
INSERT INTO `lesson_media` (`lesson_id`, `l_media_id`, `created_at`, `updated_at`) VALUES (floor(1 + RAND()*100), floor(1 + RAND()*50), '1992-01-23 05:56:41', NOW());
INSERT INTO `lesson_media` (`lesson_id`, `l_media_id`, `created_at`, `updated_at`) VALUES (floor(1 + RAND()*100), floor(1 + RAND()*50), '1992-01-23 05:56:41', NOW());
INSERT INTO `lesson_media` (`lesson_id`, `l_media_id`, `created_at`, `updated_at`) VALUES (floor(1 + RAND()*100), floor(1 + RAND()*50), '1992-01-23 05:56:41', NOW());
INSERT INTO `lesson_media` (`lesson_id`, `l_media_id`, `created_at`, `updated_at`) VALUES (floor(1 + RAND()*100), floor(1 + RAND()*50), '1992-01-23 05:56:41', NOW());
INSERT INTO `lesson_media` (`lesson_id`, `l_media_id`, `created_at`, `updated_at`) VALUES (floor(1 + RAND()*100), floor(1 + RAND()*50), '1992-01-23 05:56:41', NOW());
INSERT INTO `lesson_media` (`lesson_id`, `l_media_id`, `created_at`, `updated_at`) VALUES (floor(1 + RAND()*100), floor(1 + RAND()*50), '1992-01-23 05:56:41', NOW());
INSERT INTO `lesson_media` (`lesson_id`, `l_media_id`, `created_at`, `updated_at`) VALUES (floor(1 + RAND()*100), floor(1 + RAND()*50), '1992-01-23 05:56:41', NOW());
INSERT INTO `lesson_media` (`lesson_id`, `l_media_id`, `created_at`, `updated_at`) VALUES (floor(1 + RAND()*100), floor(1 + RAND()*50), '1992-01-23 05:56:41', NOW());
INSERT INTO `lesson_media` (`lesson_id`, `l_media_id`, `created_at`, `updated_at`) VALUES (floor(1 + RAND()*100), floor(1 + RAND()*50), '1992-01-23 05:56:41', NOW());
INSERT INTO `lesson_media` (`lesson_id`, `l_media_id`, `created_at`, `updated_at`) VALUES (floor(1 + RAND()*100), floor(1 + RAND()*50), '1992-01-23 05:56:41', NOW());
INSERT INTO `lesson_media` (`lesson_id`, `l_media_id`, `created_at`, `updated_at`) VALUES (floor(1 + RAND()*100), floor(1 + RAND()*50), '1992-01-23 05:56:41', NOW());
INSERT INTO `lesson_media` (`lesson_id`, `l_media_id`, `created_at`, `updated_at`) VALUES (floor(1 + RAND()*100), floor(1 + RAND()*50), '1992-01-23 05:56:41', NOW());
INSERT INTO `lesson_media` (`lesson_id`, `l_media_id`, `created_at`, `updated_at`) VALUES (floor(1 + RAND()*100), floor(1 + RAND()*50), '1992-01-23 05:56:41', NOW());
INSERT INTO `lesson_media` (`lesson_id`, `l_media_id`, `created_at`, `updated_at`) VALUES (floor(1 + RAND()*100), floor(1 + RAND()*50), '1992-01-23 05:56:41', NOW());
INSERT INTO `lesson_media` (`lesson_id`, `l_media_id`, `created_at`, `updated_at`) VALUES (floor(1 + RAND()*100), floor(1 + RAND()*50), '1992-01-23 05:56:41', NOW());
INSERT INTO `lesson_media` (`lesson_id`, `l_media_id`, `created_at`, `updated_at`) VALUES (floor(1 + RAND()*100), floor(1 + RAND()*50), '1992-01-23 05:56:41', NOW());
INSERT INTO `lesson_media` (`lesson_id`, `l_media_id`, `created_at`, `updated_at`) VALUES (floor(1 + RAND()*100), floor(1 + RAND()*50), '1992-01-23 05:56:41', NOW());
INSERT INTO `lesson_media` (`lesson_id`, `l_media_id`, `created_at`, `updated_at`) VALUES (floor(1 + RAND()*100), floor(1 + RAND()*50), '1992-01-23 05:56:41', NOW());
INSERT INTO `lesson_media` (`lesson_id`, `l_media_id`, `created_at`, `updated_at`) VALUES (floor(1 + RAND()*100), floor(1 + RAND()*50), '1992-01-23 05:56:41', NOW());
INSERT INTO `lesson_media` (`lesson_id`, `l_media_id`, `created_at`, `updated_at`) VALUES (floor(1 + RAND()*100), floor(1 + RAND()*50), '1992-01-23 05:56:41', NOW());
INSERT INTO `lesson_media` (`lesson_id`, `l_media_id`, `created_at`, `updated_at`) VALUES (floor(1 + RAND()*100), floor(1 + RAND()*50), '1992-01-23 05:56:41', NOW());
INSERT INTO `lesson_media` (`lesson_id`, `l_media_id`, `created_at`, `updated_at`) VALUES (floor(1 + RAND()*100), floor(1 + RAND()*50), '1992-01-23 05:56:41', NOW());
INSERT INTO `lesson_media` (`lesson_id`, `l_media_id`, `created_at`, `updated_at`) VALUES (floor(1 + RAND()*100), floor(1 + RAND()*50), '1992-01-23 05:56:41', NOW());
INSERT INTO `lesson_media` (`lesson_id`, `l_media_id`, `created_at`, `updated_at`) VALUES (floor(1 + RAND()*100), floor(1 + RAND()*50), '1992-01-23 05:56:41', NOW());
INSERT INTO `lesson_media` (`lesson_id`, `l_media_id`, `created_at`, `updated_at`) VALUES (floor(1 + RAND()*100), floor(1 + RAND()*50), '1992-01-23 05:56:41', NOW());
INSERT INTO `lesson_media` (`lesson_id`, `l_media_id`, `created_at`, `updated_at`) VALUES (floor(1 + RAND()*100), floor(1 + RAND()*50), '1992-01-23 05:56:41', NOW());
INSERT INTO `lesson_media` (`lesson_id`, `l_media_id`, `created_at`, `updated_at`) VALUES (floor(1 + RAND()*100), floor(1 + RAND()*50), '1992-01-23 05:56:41', NOW());
INSERT INTO `lesson_media` (`lesson_id`, `l_media_id`, `created_at`, `updated_at`) VALUES (floor(1 + RAND()*100), floor(1 + RAND()*50), '1992-01-23 05:56:41', NOW());
INSERT INTO `lesson_media` (`lesson_id`, `l_media_id`, `created_at`, `updated_at`) VALUES (floor(1 + RAND()*100), floor(1 + RAND()*50), '1992-01-23 05:56:41', NOW());
INSERT INTO `lesson_media` (`lesson_id`, `l_media_id`, `created_at`, `updated_at`) VALUES (floor(1 + RAND()*100), floor(1 + RAND()*50), '1992-01-23 05:56:41', NOW());
INSERT INTO `lesson_media` (`lesson_id`, `l_media_id`, `created_at`, `updated_at`) VALUES (floor(1 + RAND()*100), floor(1 + RAND()*50), '1992-01-23 05:56:41', NOW());
INSERT INTO `lesson_media` (`lesson_id`, `l_media_id`, `created_at`, `updated_at`) VALUES (floor(1 + RAND()*100), floor(1 + RAND()*50), '1992-01-23 05:56:41', NOW());
INSERT INTO `lesson_media` (`lesson_id`, `l_media_id`, `created_at`, `updated_at`) VALUES (floor(1 + RAND()*100), floor(1 + RAND()*50), '1992-01-23 05:56:41', NOW());
INSERT INTO `lesson_media` (`lesson_id`, `l_media_id`, `created_at`, `updated_at`) VALUES (floor(1 + RAND()*100), floor(1 + RAND()*50), '1992-01-23 05:56:41', NOW());
INSERT INTO `lesson_media` (`lesson_id`, `l_media_id`, `created_at`, `updated_at`) VALUES (floor(1 + RAND()*100), floor(1 + RAND()*50), '1992-01-23 05:56:41', NOW());
INSERT INTO `lesson_media` (`lesson_id`, `l_media_id`, `created_at`, `updated_at`) VALUES (floor(1 + RAND()*100), floor(1 + RAND()*50), '1992-01-23 05:56:41', NOW());
INSERT INTO `lesson_media` (`lesson_id`, `l_media_id`, `created_at`, `updated_at`) VALUES (floor(1 + RAND()*100), floor(1 + RAND()*50), '1992-01-23 05:56:41', NOW());
INSERT INTO `lesson_media` (`lesson_id`, `l_media_id`, `created_at`, `updated_at`) VALUES (floor(1 + RAND()*100), floor(1 + RAND()*50), '1992-01-23 05:56:41', NOW());
INSERT INTO `lesson_media` (`lesson_id`, `l_media_id`, `created_at`, `updated_at`) VALUES (floor(1 + RAND()*100), floor(1 + RAND()*50), '1992-01-23 05:56:41', NOW());
INSERT INTO `lesson_media` (`lesson_id`, `l_media_id`, `created_at`, `updated_at`) VALUES (floor(1 + RAND()*100), floor(1 + RAND()*50), '1992-01-23 05:56:41', NOW());
INSERT INTO `lesson_media` (`lesson_id`, `l_media_id`, `created_at`, `updated_at`) VALUES (floor(1 + RAND()*100), floor(1 + RAND()*50), '1992-01-23 05:56:41', NOW());
INSERT INTO `lesson_media` (`lesson_id`, `l_media_id`, `created_at`, `updated_at`) VALUES (floor(1 + RAND()*100), floor(1 + RAND()*50), '1992-01-23 05:56:41', NOW());
INSERT INTO `lesson_media` (`lesson_id`, `l_media_id`, `created_at`, `updated_at`) VALUES (floor(1 + RAND()*100), floor(1 + RAND()*50), '1992-01-23 05:56:41', NOW());
INSERT INTO `lesson_media` (`lesson_id`, `l_media_id`, `created_at`, `updated_at`) VALUES (floor(1 + RAND()*100), floor(1 + RAND()*50), '1992-01-23 05:56:41', NOW());
INSERT INTO `lesson_media` (`lesson_id`, `l_media_id`, `created_at`, `updated_at`) VALUES (floor(1 + RAND()*100), floor(1 + RAND()*50), '1992-01-23 05:56:41', NOW());
INSERT INTO `lesson_media` (`lesson_id`, `l_media_id`, `created_at`, `updated_at`) VALUES (floor(1 + RAND()*100), floor(1 + RAND()*50), '1992-01-23 05:56:41', NOW());

-- Создаем таблицу типа приложений к курсам

INSERT INTO `course_media` (`course_id`, `c_media_id`, `created_at`, `updated_at`) VALUES (floor(1 + RAND()*33), floor(1 + RAND()*50), '1992-01-23 05:56:41', NOW());
INSERT INTO `course_media` (`course_id`, `c_media_id`, `created_at`, `updated_at`) VALUES (floor(1 + RAND()*33), floor(1 + RAND()*50), '1992-01-23 05:56:41', NOW());
INSERT INTO `course_media` (`course_id`, `c_media_id`, `created_at`, `updated_at`) VALUES (floor(1 + RAND()*33), floor(1 + RAND()*50), '1992-01-23 05:56:41', NOW());
INSERT INTO `course_media` (`course_id`, `c_media_id`, `created_at`, `updated_at`) VALUES (floor(1 + RAND()*33), floor(1 + RAND()*50), '1992-01-23 05:56:41', NOW());
INSERT INTO `course_media` (`course_id`, `c_media_id`, `created_at`, `updated_at`) VALUES (floor(1 + RAND()*33), floor(1 + RAND()*50), '1992-01-23 05:56:41', NOW());
INSERT INTO `course_media` (`course_id`, `c_media_id`, `created_at`, `updated_at`) VALUES (floor(1 + RAND()*33), floor(1 + RAND()*50), '1992-01-23 05:56:41', NOW());
INSERT INTO `course_media` (`course_id`, `c_media_id`, `created_at`, `updated_at`) VALUES (floor(1 + RAND()*33), floor(1 + RAND()*50), '1992-01-23 05:56:41', NOW());
INSERT INTO `course_media` (`course_id`, `c_media_id`, `created_at`, `updated_at`) VALUES (floor(1 + RAND()*33), floor(1 + RAND()*50), '1992-01-23 05:56:41', NOW());
INSERT INTO `course_media` (`course_id`, `c_media_id`, `created_at`, `updated_at`) VALUES (floor(1 + RAND()*33), floor(1 + RAND()*50), '1992-01-23 05:56:41', NOW());
INSERT INTO `course_media` (`course_id`, `c_media_id`, `created_at`, `updated_at`) VALUES (floor(1 + RAND()*33), floor(1 + RAND()*50), '1992-01-23 05:56:41', NOW());
INSERT INTO `course_media` (`course_id`, `c_media_id`, `created_at`, `updated_at`) VALUES (floor(1 + RAND()*33), floor(1 + RAND()*50), '1992-01-23 05:56:41', NOW());
INSERT INTO `course_media` (`course_id`, `c_media_id`, `created_at`, `updated_at`) VALUES (floor(1 + RAND()*33), floor(1 + RAND()*50), '1992-01-23 05:56:41', NOW());
INSERT INTO `course_media` (`course_id`, `c_media_id`, `created_at`, `updated_at`) VALUES (floor(1 + RAND()*33), floor(1 + RAND()*50), '1992-01-23 05:56:41', NOW());
INSERT INTO `course_media` (`course_id`, `c_media_id`, `created_at`, `updated_at`) VALUES (floor(1 + RAND()*33), floor(1 + RAND()*50), '1992-01-23 05:56:41', NOW());
INSERT INTO `course_media` (`course_id`, `c_media_id`, `created_at`, `updated_at`) VALUES (floor(1 + RAND()*33), floor(1 + RAND()*50), '1992-01-23 05:56:41', NOW());
INSERT INTO `course_media` (`course_id`, `c_media_id`, `created_at`, `updated_at`) VALUES (floor(1 + RAND()*33), floor(1 + RAND()*50), '1992-01-23 05:56:41', NOW());
INSERT INTO `course_media` (`course_id`, `c_media_id`, `created_at`, `updated_at`) VALUES (floor(1 + RAND()*33), floor(1 + RAND()*50), '1992-01-23 05:56:41', NOW());

