USE vk;

SET FOREIGN_KEY_CHECKS=0;

#
# TABLE STRUCTURE FOR: posts
#


INSERT INTO `posts` (`id`, `user_id`, `community_id`, `post_content`, `visibility`, `created_at`, `updated_at`) VALUES (1301, 1, 1, '8', 'i', '1991-12-21 05:00:07', '1986-07-16 06:56:50');
INSERT INTO `posts` (`id`, `user_id`, `community_id`, `post_content`, `visibility`, `created_at`, `updated_at`) VALUES (1302, 2, 2, '4', 'a', '1973-09-01 22:43:26', '1974-04-11 05:02:13');
INSERT INTO `posts` (`id`, `user_id`, `community_id`, `post_content`, `visibility`, `created_at`, `updated_at`) VALUES (1310, 10, 10, '1', 'a', '1980-11-14 19:23:14', '1987-07-20 17:12:39');
INSERT INTO `posts` (`id`, `user_id`, `community_id`, `post_content`, `visibility`, `created_at`, `updated_at`) VALUES (1314, 14, 14, '3', 'b', '1980-11-01 17:03:47', '1990-03-29 23:58:15');
INSERT INTO `posts` (`id`, `user_id`, `community_id`, `post_content`, `visibility`, `created_at`, `updated_at`) VALUES (1316, 16, 16, '2', 'a', '1977-06-09 06:26:40', '2021-05-07 19:51:07');
INSERT INTO `posts` (`id`, `user_id`, `community_id`, `post_content`, `visibility`, `created_at`, `updated_at`) VALUES (1320, 20, 20, '9', 'i', '2019-02-25 05:34:03', '1972-05-14 20:18:38');
INSERT INTO `posts` (`id`, `user_id`, `community_id`, `post_content`, `visibility`, `created_at`, `updated_at`) VALUES (1323, 23, 23, '9', 'c', '2002-08-12 13:42:55', '2005-03-29 13:42:55');
INSERT INTO `posts` (`id`, `user_id`, `community_id`, `post_content`, `visibility`, `created_at`, `updated_at`) VALUES (1324, 24, 24, '', 'l', '1997-11-12 00:57:46', '1998-07-15 22:03:57');
INSERT INTO `posts` (`id`, `user_id`, `community_id`, `post_content`, `visibility`, `created_at`, `updated_at`) VALUES (1327, 27, 27, '1', 'i', '1989-03-03 10:18:28', '2019-03-14 03:34:55');
INSERT INTO `posts` (`id`, `user_id`, `community_id`, `post_content`, `visibility`, `created_at`, `updated_at`) VALUES (1332, 32, 32, '6', 'c', '1975-04-02 15:17:14', '1988-06-14 21:01:40');
INSERT INTO `posts` (`id`, `user_id`, `community_id`, `post_content`, `visibility`, `created_at`, `updated_at`) VALUES (1338, 38, 38, '4', 'g', '2019-10-06 15:41:04', '2012-05-08 20:35:57');
INSERT INTO `posts` (`id`, `user_id`, `community_id`, `post_content`, `visibility`, `created_at`, `updated_at`) VALUES (1340, 40, 40, '1', 'a', '1972-10-30 15:06:50', '1971-06-09 21:09:50');
INSERT INTO `posts` (`id`, `user_id`, `community_id`, `post_content`, `visibility`, `created_at`, `updated_at`) VALUES (1341, 41, 41, '1', 'm', '1999-08-13 21:03:02', '2014-09-30 15:31:56');
INSERT INTO `posts` (`id`, `user_id`, `community_id`, `post_content`, `visibility`, `created_at`, `updated_at`) VALUES (1344, 44, 44, '4', 'b', '2010-03-11 12:14:55', '1994-08-10 10:58:33');
INSERT INTO `posts` (`id`, `user_id`, `community_id`, `post_content`, `visibility`, `created_at`, `updated_at`) VALUES (1345, 45, 45, '6', 'c', '1988-04-24 13:55:35', '2019-03-24 01:35:37');
INSERT INTO `posts` (`id`, `user_id`, `community_id`, `post_content`, `visibility`, `created_at`, `updated_at`) VALUES (1350, 50, 50, '3', 'c', '2013-07-05 17:46:27', '1971-09-02 15:06:23');
INSERT INTO `posts` (`id`, `user_id`, `community_id`, `post_content`, `visibility`, `created_at`, `updated_at`) VALUES (1351, 51, 51, '', 'b', '2021-02-13 03:33:43', '1982-02-14 04:01:03');
INSERT INTO `posts` (`id`, `user_id`, `community_id`, `post_content`, `visibility`, `created_at`, `updated_at`) VALUES (1353, 53, 53, '2', 'j', '2001-04-27 14:35:39', '2016-12-16 07:18:42');
INSERT INTO `posts` (`id`, `user_id`, `community_id`, `post_content`, `visibility`, `created_at`, `updated_at`) VALUES (1356, 56, 56, '7', 'm', '1985-10-04 00:19:29', '1995-10-18 21:15:30');
INSERT INTO `posts` (`id`, `user_id`, `community_id`, `post_content`, `visibility`, `created_at`, `updated_at`) VALUES (1357, 57, 57, '3', 'g', '1981-09-25 09:32:43', '2011-11-02 14:35:17');
INSERT INTO `posts` (`id`, `user_id`, `community_id`, `post_content`, `visibility`, `created_at`, `updated_at`) VALUES (1358, 58, 58, '8', 'l', '2011-06-17 00:33:35', '2009-01-26 16:59:29');
INSERT INTO `posts` (`id`, `user_id`, `community_id`, `post_content`, `visibility`, `created_at`, `updated_at`) VALUES (1359, 59, 59, '2', 'i', '2018-08-15 23:14:03', '1979-10-23 20:51:33');
INSERT INTO `posts` (`id`, `user_id`, `community_id`, `post_content`, `visibility`, `created_at`, `updated_at`) VALUES (1361, 61, 61, '1', 'r', '1984-11-13 06:26:56', '2020-02-27 10:28:30');
INSERT INTO `posts` (`id`, `user_id`, `community_id`, `post_content`, `visibility`, `created_at`, `updated_at`) VALUES (1363, 63, 63, '6', 'j', '1978-12-11 00:48:39', '1994-07-08 13:53:40');
INSERT INTO `posts` (`id`, `user_id`, `community_id`, `post_content`, `visibility`, `created_at`, `updated_at`) VALUES (1365, 65, 65, '6', 'x', '1973-04-05 07:53:33', '1983-11-29 05:52:00');
INSERT INTO `posts` (`id`, `user_id`, `community_id`, `post_content`, `visibility`, `created_at`, `updated_at`) VALUES (1366, 66, 66, '3', 'j', '1996-12-10 15:22:45', '1987-11-22 01:21:39');
INSERT INTO `posts` (`id`, `user_id`, `community_id`, `post_content`, `visibility`, `created_at`, `updated_at`) VALUES (1367, 67, 67, '3', 'b', '1971-01-15 02:35:26', '1976-05-28 16:36:09');
INSERT INTO `posts` (`id`, `user_id`, `community_id`, `post_content`, `visibility`, `created_at`, `updated_at`) VALUES (1372, 72, 72, '3', 'c', '1996-05-25 01:11:43', '1982-12-07 10:35:50');
INSERT INTO `posts` (`id`, `user_id`, `community_id`, `post_content`, `visibility`, `created_at`, `updated_at`) VALUES (1375, 75, 75, '2', 'l', '2016-05-05 02:42:31', '1989-02-01 11:02:30');
INSERT INTO `posts` (`id`, `user_id`, `community_id`, `post_content`, `visibility`, `created_at`, `updated_at`) VALUES (1376, 76, 76, '1', 'i', '2017-06-03 11:40:17', '1976-08-07 23:33:42');
INSERT INTO `posts` (`id`, `user_id`, `community_id`, `post_content`, `visibility`, `created_at`, `updated_at`) VALUES (1380, 80, 80, '5', 'l', '2015-03-05 06:45:56', '1972-07-24 09:13:14');
INSERT INTO `posts` (`id`, `user_id`, `community_id`, `post_content`, `visibility`, `created_at`, `updated_at`) VALUES (1385, 85, 85, '', 'i', '2011-10-05 18:14:32', '2005-08-11 00:02:49');
INSERT INTO `posts` (`id`, `user_id`, `community_id`, `post_content`, `visibility`, `created_at`, `updated_at`) VALUES (1389, 89, 89, '4', 'x', '1973-03-06 02:00:28', '1973-07-26 17:58:55');
INSERT INTO `posts` (`id`, `user_id`, `community_id`, `post_content`, `visibility`, `created_at`, `updated_at`) VALUES (1391, 91, 91, '3', 'x', '1971-12-19 08:02:06', '2001-09-01 14:57:14');
INSERT INTO `posts` (`id`, `user_id`, `community_id`, `post_content`, `visibility`, `created_at`, `updated_at`) VALUES (1393, 93, 93, '4', 'm', '2002-08-29 13:25:53', '1974-03-10 21:09:56');
INSERT INTO `posts` (`id`, `user_id`, `community_id`, `post_content`, `visibility`, `created_at`, `updated_at`) VALUES (1395, 95, 95, '9', 'x', '1981-05-12 17:01:50', '1973-12-20 23:26:04');
INSERT INTO `posts` (`id`, `user_id`, `community_id`, `post_content`, `visibility`, `created_at`, `updated_at`) VALUES (1396, 96, 96, '', 'b', '2005-06-12 22:41:12', '1999-04-20 16:12:18');
INSERT INTO `posts` (`id`, `user_id`, `community_id`, `post_content`, `visibility`, `created_at`, `updated_at`) VALUES (1398, 98, 98, '9', 'c', '2004-06-02 03:34:37', '2009-05-08 10:14:18');
INSERT INTO `posts` (`id`, `user_id`, `community_id`, `post_content`, `visibility`, `created_at`, `updated_at`) VALUES (1400, 100, 100, '8', 'c', '1974-12-16 10:50:45', '1993-12-11 03:13:09');

#
# TABLE STRUCTURE FOR: visibility
#

INSERT INTO `visibility` (`value`) VALUES ('a');
INSERT INTO `visibility` (`value`) VALUES ('b');
INSERT INTO `visibility` (`value`) VALUES ('c');
INSERT INTO `visibility` (`value`) VALUES ('g');
INSERT INTO `visibility` (`value`) VALUES ('i');
INSERT INTO `visibility` (`value`) VALUES ('j');
INSERT INTO `visibility` (`value`) VALUES ('l');
INSERT INTO `visibility` (`value`) VALUES ('m');
INSERT INTO `visibility` (`value`) VALUES ('r');
INSERT INTO `visibility` (`value`) VALUES ('x');


#
# TABLE STRUCTURE FOR: media
#

INSERT INTO `media` (`id`, `media_type`, `link`, `created_at`, `updated_at`) VALUES (119, 'nulla', 'http://schroeder.com/', '1999-08-18 03:59:41', '1975-04-09 20:19:40');
INSERT INTO `media` (`id`, `media_type`, `link`, `created_at`, `updated_at`) VALUES (142, 'ut', 'http://jones.net/', '1989-10-16 17:30:54', '2009-08-02 08:34:46');
INSERT INTO `media` (`id`, `media_type`, `link`, `created_at`, `updated_at`) VALUES (145, 'vel', 'http://terryherman.com/', '2006-09-24 23:24:17', '2000-07-24 12:53:45');
INSERT INTO `media` (`id`, `media_type`, `link`, `created_at`, `updated_at`) VALUES (176, 'ut', 'http://www.batz.info/', '1983-09-25 23:42:07', '2013-01-18 10:52:14');
INSERT INTO `media` (`id`, `media_type`, `link`, `created_at`, `updated_at`) VALUES (177, 'ut', 'http://www.grant.com/', '1980-11-11 21:11:28', '1992-12-19 03:10:30');


#
# TABLE STRUCTURE FOR: media_types
#

INSERT INTO `media_types` (`name`) VALUES ('blanditiis');
INSERT INTO `media_types` (`name`) VALUES ('eligendi');
INSERT INTO `media_types` (`name`) VALUES ('in');
INSERT INTO `media_types` (`name`) VALUES ('magnam');
INSERT INTO `media_types` (`name`) VALUES ('minima');
INSERT INTO `media_types` (`name`) VALUES ('mollitia');
INSERT INTO `media_types` (`name`) VALUES ('nulla');
INSERT INTO `media_types` (`name`) VALUES ('quia');
INSERT INTO `media_types` (`name`) VALUES ('ut');
INSERT INTO `media_types` (`name`) VALUES ('vel');


#
# TABLE STRUCTURE FOR: posts_media
#

INSERT INTO `posts_media` (`post_id`, `media_id`, `created_at`, `updated_at`) VALUES (1301, 119, '1992-01-23 05:56:41', '2020-03-16 10:14:54');
INSERT INTO `posts_media` (`post_id`, `media_id`, `created_at`, `updated_at`) VALUES (1301, 176, '2014-12-07 07:44:32', '2017-11-24 15:42:15');
INSERT INTO `posts_media` (`post_id`, `media_id`, `created_at`, `updated_at`) VALUES (1301, 177, '2014-11-28 00:20:32', '1991-01-01 02:33:54');
INSERT INTO `posts_media` (`post_id`, `media_id`, `created_at`, `updated_at`) VALUES (1302, 119, '2003-01-10 18:06:13', '2017-09-02 03:05:17');
INSERT INTO `posts_media` (`post_id`, `media_id`, `created_at`, `updated_at`) VALUES (1302, 142, '1991-01-11 23:17:45', '1970-06-17 05:57:47');
INSERT INTO `posts_media` (`post_id`, `media_id`, `created_at`, `updated_at`) VALUES (1302, 177, '1973-11-22 05:46:20', '2014-04-16 19:19:00');
INSERT INTO `posts_media` (`post_id`, `media_id`, `created_at`, `updated_at`) VALUES (1310, 119, '2015-05-12 03:26:42', '2007-01-23 19:35:41');
INSERT INTO `posts_media` (`post_id`, `media_id`, `created_at`, `updated_at`) VALUES (1310, 142, '2007-07-07 09:43:58', '1986-07-07 02:44:09');
INSERT INTO `posts_media` (`post_id`, `media_id`, `created_at`, `updated_at`) VALUES (1310, 145, '1974-10-09 19:14:54', '1990-06-09 08:00:04');
INSERT INTO `posts_media` (`post_id`, `media_id`, `created_at`, `updated_at`) VALUES (1314, 142, '1977-01-15 18:17:10', '1995-10-12 20:12:55');
INSERT INTO `posts_media` (`post_id`, `media_id`, `created_at`, `updated_at`) VALUES (1314, 145, '1981-09-20 04:55:08', '1981-08-14 10:37:51');
INSERT INTO `posts_media` (`post_id`, `media_id`, `created_at`, `updated_at`) VALUES (1314, 176, '2003-02-23 17:14:56', '1976-11-02 10:53:33');
INSERT INTO `posts_media` (`post_id`, `media_id`, `created_at`, `updated_at`) VALUES (1316, 145, '1986-02-18 15:09:20', '1996-09-29 23:58:14');
INSERT INTO `posts_media` (`post_id`, `media_id`, `created_at`, `updated_at`) VALUES (1316, 176, '1986-11-17 02:12:00', '2015-08-09 11:36:54');
INSERT INTO `posts_media` (`post_id`, `media_id`, `created_at`, `updated_at`) VALUES (1316, 177, '1992-03-24 12:56:34', '2020-12-19 05:38:47');
INSERT INTO `posts_media` (`post_id`, `media_id`, `created_at`, `updated_at`) VALUES (1320, 119, '2007-12-01 21:06:28', '1978-04-10 16:38:44');
INSERT INTO `posts_media` (`post_id`, `media_id`, `created_at`, `updated_at`) VALUES (1320, 176, '2003-10-03 12:27:01', '1976-09-27 12:35:09');
INSERT INTO `posts_media` (`post_id`, `media_id`, `created_at`, `updated_at`) VALUES (1320, 177, '1980-08-27 12:42:31', '1981-02-19 21:31:41');
INSERT INTO `posts_media` (`post_id`, `media_id`, `created_at`, `updated_at`) VALUES (1323, 119, '2018-08-06 11:37:36', '2009-04-30 03:00:22');
INSERT INTO `posts_media` (`post_id`, `media_id`, `created_at`, `updated_at`) VALUES (1323, 142, '2019-05-07 23:40:17', '1990-06-28 19:09:04');
INSERT INTO `posts_media` (`post_id`, `media_id`, `created_at`, `updated_at`) VALUES (1323, 177, '1995-06-26 08:53:25', '2008-09-03 16:21:48');
INSERT INTO `posts_media` (`post_id`, `media_id`, `created_at`, `updated_at`) VALUES (1324, 119, '2011-07-06 06:41:56', '2010-09-26 20:46:31');
INSERT INTO `posts_media` (`post_id`, `media_id`, `created_at`, `updated_at`) VALUES (1324, 142, '2018-11-16 02:46:23', '1974-07-27 15:55:19');
INSERT INTO `posts_media` (`post_id`, `media_id`, `created_at`, `updated_at`) VALUES (1324, 145, '1983-09-27 05:34:53', '1982-07-26 10:57:59');
INSERT INTO `posts_media` (`post_id`, `media_id`, `created_at`, `updated_at`) VALUES (1327, 142, '2013-04-07 19:05:56', '1974-03-14 06:12:26');
INSERT INTO `posts_media` (`post_id`, `media_id`, `created_at`, `updated_at`) VALUES (1327, 145, '2002-03-10 11:12:59', '2005-05-10 00:21:45');
INSERT INTO `posts_media` (`post_id`, `media_id`, `created_at`, `updated_at`) VALUES (1327, 176, '1999-11-06 15:16:44', '1991-01-10 23:47:16');
INSERT INTO `posts_media` (`post_id`, `media_id`, `created_at`, `updated_at`) VALUES (1332, 145, '1971-02-27 08:10:03', '1988-04-24 21:04:55');
INSERT INTO `posts_media` (`post_id`, `media_id`, `created_at`, `updated_at`) VALUES (1332, 176, '2013-02-16 04:39:20', '2000-05-17 20:26:48');
INSERT INTO `posts_media` (`post_id`, `media_id`, `created_at`, `updated_at`) VALUES (1332, 177, '1990-07-31 18:35:38', '2013-09-12 17:33:30');
INSERT INTO `posts_media` (`post_id`, `media_id`, `created_at`, `updated_at`) VALUES (1338, 119, '1994-03-18 12:55:15', '2007-08-17 21:42:41');
INSERT INTO `posts_media` (`post_id`, `media_id`, `created_at`, `updated_at`) VALUES (1338, 176, '2014-04-02 15:00:40', '2014-08-20 18:38:39');
INSERT INTO `posts_media` (`post_id`, `media_id`, `created_at`, `updated_at`) VALUES (1338, 177, '1994-07-08 15:31:42', '2004-09-20 06:19:47');
INSERT INTO `posts_media` (`post_id`, `media_id`, `created_at`, `updated_at`) VALUES (1340, 119, '1989-05-01 18:45:04', '1994-10-30 22:29:30');
INSERT INTO `posts_media` (`post_id`, `media_id`, `created_at`, `updated_at`) VALUES (1340, 142, '1978-05-05 23:50:34', '1974-04-25 07:55:15');
INSERT INTO `posts_media` (`post_id`, `media_id`, `created_at`, `updated_at`) VALUES (1340, 177, '2020-06-14 13:58:16', '1989-08-04 22:58:17');
INSERT INTO `posts_media` (`post_id`, `media_id`, `created_at`, `updated_at`) VALUES (1341, 119, '2020-11-27 18:57:27', '1986-03-05 17:37:10');
INSERT INTO `posts_media` (`post_id`, `media_id`, `created_at`, `updated_at`) VALUES (1341, 142, '1979-05-28 10:03:35', '2000-05-28 08:39:42');
INSERT INTO `posts_media` (`post_id`, `media_id`, `created_at`, `updated_at`) VALUES (1341, 145, '1970-02-11 09:11:35', '2003-03-12 00:54:11');
INSERT INTO `posts_media` (`post_id`, `media_id`, `created_at`, `updated_at`) VALUES (1344, 142, '2021-06-26 06:16:34', '1976-01-17 06:14:20');
INSERT INTO `posts_media` (`post_id`, `media_id`, `created_at`, `updated_at`) VALUES (1344, 145, '1996-11-10 00:27:38', '1983-07-10 16:02:17');
INSERT INTO `posts_media` (`post_id`, `media_id`, `created_at`, `updated_at`) VALUES (1344, 176, '1975-10-15 02:45:10', '1982-09-28 19:15:26');
INSERT INTO `posts_media` (`post_id`, `media_id`, `created_at`, `updated_at`) VALUES (1345, 145, '1992-02-03 02:02:04', '1980-05-18 14:18:57');
INSERT INTO `posts_media` (`post_id`, `media_id`, `created_at`, `updated_at`) VALUES (1345, 176, '1971-07-21 07:31:29', '2013-10-06 14:22:27');
INSERT INTO `posts_media` (`post_id`, `media_id`, `created_at`, `updated_at`) VALUES (1345, 177, '2010-01-16 04:26:08', '1981-01-13 12:28:17');
INSERT INTO `posts_media` (`post_id`, `media_id`, `created_at`, `updated_at`) VALUES (1350, 119, '1996-03-22 01:45:43', '1982-03-04 04:02:22');
INSERT INTO `posts_media` (`post_id`, `media_id`, `created_at`, `updated_at`) VALUES (1350, 176, '1982-07-12 12:26:16', '2006-12-10 02:46:00');
INSERT INTO `posts_media` (`post_id`, `media_id`, `created_at`, `updated_at`) VALUES (1350, 177, '1996-10-29 22:36:58', '1995-11-07 08:33:42');
INSERT INTO `posts_media` (`post_id`, `media_id`, `created_at`, `updated_at`) VALUES (1351, 119, '2019-11-03 01:16:43', '2018-08-28 07:27:22');
INSERT INTO `posts_media` (`post_id`, `media_id`, `created_at`, `updated_at`) VALUES (1351, 142, '2018-07-11 05:21:52', '2008-01-27 12:37:56');
INSERT INTO `posts_media` (`post_id`, `media_id`, `created_at`, `updated_at`) VALUES (1351, 177, '2011-01-30 09:10:51', '1986-02-28 13:30:52');
INSERT INTO `posts_media` (`post_id`, `media_id`, `created_at`, `updated_at`) VALUES (1353, 119, '1972-09-15 04:10:37', '1974-10-04 11:34:05');
INSERT INTO `posts_media` (`post_id`, `media_id`, `created_at`, `updated_at`) VALUES (1353, 142, '1979-11-29 04:29:36', '1995-02-06 13:35:51');
INSERT INTO `posts_media` (`post_id`, `media_id`, `created_at`, `updated_at`) VALUES (1353, 145, '1980-11-14 19:15:17', '2020-02-23 13:28:32');
INSERT INTO `posts_media` (`post_id`, `media_id`, `created_at`, `updated_at`) VALUES (1356, 142, '2008-04-10 03:34:51', '1978-11-14 09:13:19');
INSERT INTO `posts_media` (`post_id`, `media_id`, `created_at`, `updated_at`) VALUES (1356, 145, '1981-12-12 00:19:32', '1987-03-04 18:20:39');
INSERT INTO `posts_media` (`post_id`, `media_id`, `created_at`, `updated_at`) VALUES (1356, 176, '1985-07-15 06:05:09', '1995-02-19 07:33:29');
INSERT INTO `posts_media` (`post_id`, `media_id`, `created_at`, `updated_at`) VALUES (1357, 145, '1977-11-24 05:47:33', '1988-07-19 20:30:47');
INSERT INTO `posts_media` (`post_id`, `media_id`, `created_at`, `updated_at`) VALUES (1357, 176, '1996-03-04 18:28:00', '2009-06-24 20:24:24');
INSERT INTO `posts_media` (`post_id`, `media_id`, `created_at`, `updated_at`) VALUES (1357, 177, '2020-08-31 20:23:29', '1978-12-22 11:47:51');
INSERT INTO `posts_media` (`post_id`, `media_id`, `created_at`, `updated_at`) VALUES (1358, 119, '2002-06-16 00:08:21', '2002-01-21 03:31:07');
INSERT INTO `posts_media` (`post_id`, `media_id`, `created_at`, `updated_at`) VALUES (1358, 176, '2015-10-22 13:55:58', '1987-09-28 18:54:02');
INSERT INTO `posts_media` (`post_id`, `media_id`, `created_at`, `updated_at`) VALUES (1358, 177, '1975-11-21 13:33:38', '2005-11-02 18:17:31');
INSERT INTO `posts_media` (`post_id`, `media_id`, `created_at`, `updated_at`) VALUES (1359, 119, '2015-02-04 09:28:34', '2007-08-24 03:11:49');
INSERT INTO `posts_media` (`post_id`, `media_id`, `created_at`, `updated_at`) VALUES (1359, 142, '1991-01-20 11:30:31', '2018-02-08 11:42:28');
INSERT INTO `posts_media` (`post_id`, `media_id`, `created_at`, `updated_at`) VALUES (1359, 177, '2001-06-10 06:43:52', '1973-12-21 04:26:00');
INSERT INTO `posts_media` (`post_id`, `media_id`, `created_at`, `updated_at`) VALUES (1361, 142, '1977-05-04 10:30:05', '1979-11-23 08:02:51');
INSERT INTO `posts_media` (`post_id`, `media_id`, `created_at`, `updated_at`) VALUES (1361, 145, '2015-05-29 23:42:42', '1995-01-28 07:54:19');
INSERT INTO `posts_media` (`post_id`, `media_id`, `created_at`, `updated_at`) VALUES (1363, 145, '1999-09-08 20:42:41', '2003-10-03 23:13:35');
INSERT INTO `posts_media` (`post_id`, `media_id`, `created_at`, `updated_at`) VALUES (1363, 176, '1998-07-09 15:50:21', '2017-07-13 21:20:16');
INSERT INTO `posts_media` (`post_id`, `media_id`, `created_at`, `updated_at`) VALUES (1365, 176, '1991-01-03 01:42:49', '1979-09-16 14:08:54');
INSERT INTO `posts_media` (`post_id`, `media_id`, `created_at`, `updated_at`) VALUES (1365, 177, '2013-09-28 21:40:02', '2016-11-13 22:23:57');
INSERT INTO `posts_media` (`post_id`, `media_id`, `created_at`, `updated_at`) VALUES (1366, 119, '1988-05-23 00:24:47', '1988-05-27 01:44:38');
INSERT INTO `posts_media` (`post_id`, `media_id`, `created_at`, `updated_at`) VALUES (1366, 177, '1987-11-23 14:32:51', '1978-05-10 20:22:28');
INSERT INTO `posts_media` (`post_id`, `media_id`, `created_at`, `updated_at`) VALUES (1367, 119, '2021-07-02 03:13:52', '1977-02-26 19:43:45');
INSERT INTO `posts_media` (`post_id`, `media_id`, `created_at`, `updated_at`) VALUES (1367, 142, '1985-09-18 13:13:13', '1973-06-15 21:24:05');
INSERT INTO `posts_media` (`post_id`, `media_id`, `created_at`, `updated_at`) VALUES (1372, 142, '1971-05-31 23:03:16', '1997-02-15 18:29:26');
INSERT INTO `posts_media` (`post_id`, `media_id`, `created_at`, `updated_at`) VALUES (1372, 145, '1980-05-25 04:19:18', '2021-01-07 10:42:04');
INSERT INTO `posts_media` (`post_id`, `media_id`, `created_at`, `updated_at`) VALUES (1375, 145, '2000-07-25 16:54:49', '1997-10-23 13:55:18');
INSERT INTO `posts_media` (`post_id`, `media_id`, `created_at`, `updated_at`) VALUES (1375, 176, '2007-07-10 15:44:42', '1980-05-21 04:21:10');
INSERT INTO `posts_media` (`post_id`, `media_id`, `created_at`, `updated_at`) VALUES (1376, 176, '1976-07-28 22:07:35', '2011-04-02 09:33:11');
INSERT INTO `posts_media` (`post_id`, `media_id`, `created_at`, `updated_at`) VALUES (1376, 177, '2013-02-11 12:54:21', '1998-05-24 20:25:07');
INSERT INTO `posts_media` (`post_id`, `media_id`, `created_at`, `updated_at`) VALUES (1380, 119, '1988-12-19 08:15:53', '2008-04-07 08:19:21');
INSERT INTO `posts_media` (`post_id`, `media_id`, `created_at`, `updated_at`) VALUES (1380, 177, '2016-06-23 16:06:57', '1974-03-11 20:11:26');
INSERT INTO `posts_media` (`post_id`, `media_id`, `created_at`, `updated_at`) VALUES (1385, 119, '2015-02-08 01:13:55', '1990-07-08 03:31:58');
INSERT INTO `posts_media` (`post_id`, `media_id`, `created_at`, `updated_at`) VALUES (1385, 142, '1988-12-03 14:15:49', '2014-03-10 05:09:45');
INSERT INTO `posts_media` (`post_id`, `media_id`, `created_at`, `updated_at`) VALUES (1389, 142, '1985-10-11 02:43:59', '1993-08-17 15:37:48');
INSERT INTO `posts_media` (`post_id`, `media_id`, `created_at`, `updated_at`) VALUES (1389, 145, '2019-11-28 12:14:39', '1977-05-14 14:28:18');
INSERT INTO `posts_media` (`post_id`, `media_id`, `created_at`, `updated_at`) VALUES (1391, 145, '1983-07-30 21:06:55', '1970-05-25 10:59:19');
INSERT INTO `posts_media` (`post_id`, `media_id`, `created_at`, `updated_at`) VALUES (1391, 176, '2020-11-03 00:56:32', '1976-01-31 15:47:57');
INSERT INTO `posts_media` (`post_id`, `media_id`, `created_at`, `updated_at`) VALUES (1393, 176, '2012-11-20 12:57:34', '2005-10-03 10:55:01');
INSERT INTO `posts_media` (`post_id`, `media_id`, `created_at`, `updated_at`) VALUES (1393, 177, '1977-05-27 11:01:57', '1995-08-18 00:57:26');
INSERT INTO `posts_media` (`post_id`, `media_id`, `created_at`, `updated_at`) VALUES (1395, 119, '2000-12-05 09:46:10', '1988-10-25 11:30:20');
INSERT INTO `posts_media` (`post_id`, `media_id`, `created_at`, `updated_at`) VALUES (1395, 177, '1989-07-03 06:32:42', '2009-08-20 22:32:27');
INSERT INTO `posts_media` (`post_id`, `media_id`, `created_at`, `updated_at`) VALUES (1396, 119, '2008-05-07 02:50:40', '1980-02-23 21:57:04');
INSERT INTO `posts_media` (`post_id`, `media_id`, `created_at`, `updated_at`) VALUES (1396, 142, '1977-06-18 02:41:16', '1975-02-24 07:20:27');
INSERT INTO `posts_media` (`post_id`, `media_id`, `created_at`, `updated_at`) VALUES (1398, 142, '2016-09-19 10:43:31', '2020-04-27 16:09:28');
INSERT INTO `posts_media` (`post_id`, `media_id`, `created_at`, `updated_at`) VALUES (1398, 145, '1975-06-10 12:18:19', '2012-09-19 08:14:28');
INSERT INTO `posts_media` (`post_id`, `media_id`, `created_at`, `updated_at`) VALUES (1400, 145, '1971-06-05 16:03:46', '2021-03-01 09:53:00');
INSERT INTO `posts_media` (`post_id`, `media_id`, `created_at`, `updated_at`) VALUES (1400, 176, '1981-01-08 10:57:04', '1988-02-09 23:14:15');

#
# TABLE STRUCTURE FOR: messages_media
#

INSERT INTO `messages_media` (`message_id`, `media_id`, `created_at`, `updated_at`) VALUES (1, 119, '2014-10-31 09:48:54', '1997-08-04 16:18:32');
INSERT INTO `messages_media` (`message_id`, `media_id`, `created_at`, `updated_at`) VALUES (2, 142, '2011-06-04 20:36:30', '1985-02-19 22:17:29');
INSERT INTO `messages_media` (`message_id`, `media_id`, `created_at`, `updated_at`) VALUES (3, 145, '2019-08-30 16:25:09', '2012-12-08 03:47:46');
INSERT INTO `messages_media` (`message_id`, `media_id`, `created_at`, `updated_at`) VALUES (4, 176, '1976-04-30 06:45:06', '1998-09-20 19:52:09');
INSERT INTO `messages_media` (`message_id`, `media_id`, `created_at`, `updated_at`) VALUES (5, 177, '1975-07-27 09:35:16', '1998-08-12 02:34:49');
INSERT INTO `messages_media` (`message_id`, `media_id`, `created_at`, `updated_at`) VALUES (6, 119, '1993-12-22 11:30:15', '2003-01-28 12:46:03');
INSERT INTO `messages_media` (`message_id`, `media_id`, `created_at`, `updated_at`) VALUES (7, 142, '1976-08-03 04:07:55', '1990-05-10 02:10:26');
INSERT INTO `messages_media` (`message_id`, `media_id`, `created_at`, `updated_at`) VALUES (8, 145, '1974-06-20 06:54:44', '1980-10-25 10:33:15');
INSERT INTO `messages_media` (`message_id`, `media_id`, `created_at`, `updated_at`) VALUES (9, 176, '1980-03-12 03:39:23', '1995-06-18 04:47:40');
INSERT INTO `messages_media` (`message_id`, `media_id`, `created_at`, `updated_at`) VALUES (10, 177, '1976-04-27 22:11:51', '1982-02-25 19:32:39');
INSERT INTO `messages_media` (`message_id`, `media_id`, `created_at`, `updated_at`) VALUES (11, 119, '1991-11-13 18:08:26', '1998-09-23 12:14:19');
INSERT INTO `messages_media` (`message_id`, `media_id`, `created_at`, `updated_at`) VALUES (12, 142, '1983-07-19 21:40:31', '2008-10-08 23:12:06');
INSERT INTO `messages_media` (`message_id`, `media_id`, `created_at`, `updated_at`) VALUES (13, 145, '2004-06-12 09:32:23', '2007-09-04 16:02:03');
INSERT INTO `messages_media` (`message_id`, `media_id`, `created_at`, `updated_at`) VALUES (14, 176, '2000-01-04 23:57:36', '2009-05-14 05:04:20');
INSERT INTO `messages_media` (`message_id`, `media_id`, `created_at`, `updated_at`) VALUES (15, 177, '1994-08-01 00:18:57', '1978-01-25 03:49:57');
INSERT INTO `messages_media` (`message_id`, `media_id`, `created_at`, `updated_at`) VALUES (16, 119, '1981-06-09 07:31:30', '1994-08-16 22:10:21');
INSERT INTO `messages_media` (`message_id`, `media_id`, `created_at`, `updated_at`) VALUES (17, 142, '2014-03-01 02:09:05', '1992-06-26 04:31:50');
INSERT INTO `messages_media` (`message_id`, `media_id`, `created_at`, `updated_at`) VALUES (18, 145, '2006-04-06 00:19:56', '1971-02-10 14:18:53');
INSERT INTO `messages_media` (`message_id`, `media_id`, `created_at`, `updated_at`) VALUES (19, 176, '1987-06-15 18:57:40', '2017-05-31 23:48:45');
INSERT INTO `messages_media` (`message_id`, `media_id`, `created_at`, `updated_at`) VALUES (20, 177, '2003-10-05 09:32:12', '1973-06-03 04:23:12');
INSERT INTO `messages_media` (`message_id`, `media_id`, `created_at`, `updated_at`) VALUES (21, 119, '1975-06-29 09:09:08', '1977-06-27 03:16:22');
INSERT INTO `messages_media` (`message_id`, `media_id`, `created_at`, `updated_at`) VALUES (22, 142, '1982-11-06 20:53:09', '2005-04-06 07:33:13');
INSERT INTO `messages_media` (`message_id`, `media_id`, `created_at`, `updated_at`) VALUES (23, 145, '2020-05-22 02:34:00', '1998-03-06 13:56:46');
INSERT INTO `messages_media` (`message_id`, `media_id`, `created_at`, `updated_at`) VALUES (24, 176, '1990-09-12 06:48:15', '2005-11-24 10:00:01');
INSERT INTO `messages_media` (`message_id`, `media_id`, `created_at`, `updated_at`) VALUES (25, 177, '1996-03-01 19:03:00', '1999-07-31 00:18:43');
INSERT INTO `messages_media` (`message_id`, `media_id`, `created_at`, `updated_at`) VALUES (26, 119, '2001-11-11 15:33:07', '2002-07-06 17:57:40');
INSERT INTO `messages_media` (`message_id`, `media_id`, `created_at`, `updated_at`) VALUES (27, 142, '2018-06-16 12:59:18', '1981-04-04 23:19:48');
INSERT INTO `messages_media` (`message_id`, `media_id`, `created_at`, `updated_at`) VALUES (28, 145, '2001-03-06 11:37:36', '1985-06-13 20:22:07');
INSERT INTO `messages_media` (`message_id`, `media_id`, `created_at`, `updated_at`) VALUES (29, 176, '2004-08-29 01:52:50', '2004-06-13 14:19:13');
INSERT INTO `messages_media` (`message_id`, `media_id`, `created_at`, `updated_at`) VALUES (30, 177, '1970-01-20 21:57:46', '2016-07-03 18:57:57');
INSERT INTO `messages_media` (`message_id`, `media_id`, `created_at`, `updated_at`) VALUES (31, 119, '2018-12-28 07:48:17', '1980-01-02 17:27:36');
INSERT INTO `messages_media` (`message_id`, `media_id`, `created_at`, `updated_at`) VALUES (32, 142, '1975-06-25 11:55:38', '2001-01-26 04:06:01');
INSERT INTO `messages_media` (`message_id`, `media_id`, `created_at`, `updated_at`) VALUES (33, 145, '1970-02-08 19:33:45', '1985-09-13 01:34:18');
INSERT INTO `messages_media` (`message_id`, `media_id`, `created_at`, `updated_at`) VALUES (34, 176, '2008-03-02 10:12:08', '1981-06-19 07:07:54');
INSERT INTO `messages_media` (`message_id`, `media_id`, `created_at`, `updated_at`) VALUES (35, 177, '1982-01-23 12:29:02', '2012-01-07 06:34:37');
INSERT INTO `messages_media` (`message_id`, `media_id`, `created_at`, `updated_at`) VALUES (36, 119, '1987-10-01 22:40:21', '1992-12-21 07:31:16');
INSERT INTO `messages_media` (`message_id`, `media_id`, `created_at`, `updated_at`) VALUES (37, 142, '2009-04-29 19:39:25', '1992-03-03 00:45:33');
INSERT INTO `messages_media` (`message_id`, `media_id`, `created_at`, `updated_at`) VALUES (38, 145, '2012-09-15 06:44:42', '1990-02-27 05:51:08');
INSERT INTO `messages_media` (`message_id`, `media_id`, `created_at`, `updated_at`) VALUES (39, 176, '2009-02-27 04:21:59', '2006-05-26 21:18:14');
INSERT INTO `messages_media` (`message_id`, `media_id`, `created_at`, `updated_at`) VALUES (40, 177, '1993-03-21 09:34:08', '1981-04-21 15:09:57');
INSERT INTO `messages_media` (`message_id`, `media_id`, `created_at`, `updated_at`) VALUES (41, 119, '2010-11-07 19:40:20', '2017-10-30 03:43:39');
INSERT INTO `messages_media` (`message_id`, `media_id`, `created_at`, `updated_at`) VALUES (42, 142, '1992-03-28 10:15:31', '1973-05-22 14:23:36');
INSERT INTO `messages_media` (`message_id`, `media_id`, `created_at`, `updated_at`) VALUES (43, 145, '1994-10-14 01:44:41', '2014-11-13 06:49:58');
INSERT INTO `messages_media` (`message_id`, `media_id`, `created_at`, `updated_at`) VALUES (44, 176, '1988-06-06 16:10:24', '1993-12-25 22:47:15');
INSERT INTO `messages_media` (`message_id`, `media_id`, `created_at`, `updated_at`) VALUES (45, 177, '2003-06-12 19:59:13', '1984-06-08 18:10:41');
INSERT INTO `messages_media` (`message_id`, `media_id`, `created_at`, `updated_at`) VALUES (46, 119, '1980-11-16 10:05:09', '2011-03-03 03:17:07');
INSERT INTO `messages_media` (`message_id`, `media_id`, `created_at`, `updated_at`) VALUES (47, 142, '1977-02-23 03:21:49', '2007-02-24 10:25:58');
INSERT INTO `messages_media` (`message_id`, `media_id`, `created_at`, `updated_at`) VALUES (48, 145, '1996-10-20 20:10:21', '1993-04-07 07:00:39');
INSERT INTO `messages_media` (`message_id`, `media_id`, `created_at`, `updated_at`) VALUES (49, 176, '1981-06-10 14:47:26', '2007-01-15 08:40:17');
INSERT INTO `messages_media` (`message_id`, `media_id`, `created_at`, `updated_at`) VALUES (50, 177, '1988-03-25 08:09:13', '2001-09-12 04:19:11');
INSERT INTO `messages_media` (`message_id`, `media_id`, `created_at`, `updated_at`) VALUES (51, 119, '2014-06-13 11:50:21', '1984-05-13 22:22:31');
INSERT INTO `messages_media` (`message_id`, `media_id`, `created_at`, `updated_at`) VALUES (52, 142, '1984-01-10 11:53:01', '1981-04-30 14:27:40');
INSERT INTO `messages_media` (`message_id`, `media_id`, `created_at`, `updated_at`) VALUES (53, 145, '1987-08-23 20:36:46', '2012-08-22 09:34:55');
INSERT INTO `messages_media` (`message_id`, `media_id`, `created_at`, `updated_at`) VALUES (54, 176, '1978-12-10 15:38:31', '2003-12-06 10:54:36');
INSERT INTO `messages_media` (`message_id`, `media_id`, `created_at`, `updated_at`) VALUES (55, 177, '2017-03-24 09:12:46', '1976-09-11 06:25:22');
INSERT INTO `messages_media` (`message_id`, `media_id`, `created_at`, `updated_at`) VALUES (56, 119, '1992-03-06 01:05:50', '1992-03-27 07:29:43');
INSERT INTO `messages_media` (`message_id`, `media_id`, `created_at`, `updated_at`) VALUES (57, 142, '1998-09-01 19:53:21', '2020-06-23 06:26:42');
INSERT INTO `messages_media` (`message_id`, `media_id`, `created_at`, `updated_at`) VALUES (58, 145, '2011-12-12 10:28:52', '1991-10-06 01:08:24');
INSERT INTO `messages_media` (`message_id`, `media_id`, `created_at`, `updated_at`) VALUES (59, 176, '2009-07-18 01:02:41', '2012-07-12 23:14:36');
INSERT INTO `messages_media` (`message_id`, `media_id`, `created_at`, `updated_at`) VALUES (60, 177, '1990-11-05 17:59:44', '1972-01-11 04:44:46');
INSERT INTO `messages_media` (`message_id`, `media_id`, `created_at`, `updated_at`) VALUES (61, 119, '2008-03-24 09:10:11', '1985-05-19 18:47:54');
INSERT INTO `messages_media` (`message_id`, `media_id`, `created_at`, `updated_at`) VALUES (62, 142, '1971-10-22 16:52:24', '1975-04-17 22:45:24');
INSERT INTO `messages_media` (`message_id`, `media_id`, `created_at`, `updated_at`) VALUES (63, 145, '2007-03-08 00:16:28', '1985-04-04 01:28:54');
INSERT INTO `messages_media` (`message_id`, `media_id`, `created_at`, `updated_at`) VALUES (64, 176, '1973-12-21 09:56:39', '1971-03-11 08:21:10');
INSERT INTO `messages_media` (`message_id`, `media_id`, `created_at`, `updated_at`) VALUES (65, 177, '2019-03-11 23:51:43', '2016-03-01 11:35:59');
INSERT INTO `messages_media` (`message_id`, `media_id`, `created_at`, `updated_at`) VALUES (66, 119, '1991-11-12 00:41:24', '2007-01-23 03:41:51');
INSERT INTO `messages_media` (`message_id`, `media_id`, `created_at`, `updated_at`) VALUES (67, 142, '1977-11-24 04:56:35', '1970-06-16 08:55:56');
INSERT INTO `messages_media` (`message_id`, `media_id`, `created_at`, `updated_at`) VALUES (68, 145, '1996-08-31 18:50:21', '2007-12-01 10:22:40');
INSERT INTO `messages_media` (`message_id`, `media_id`, `created_at`, `updated_at`) VALUES (69, 176, '1974-05-07 22:38:26', '1972-04-24 20:42:59');
INSERT INTO `messages_media` (`message_id`, `media_id`, `created_at`, `updated_at`) VALUES (70, 177, '2017-04-26 16:45:27', '1985-04-04 13:38:47');
INSERT INTO `messages_media` (`message_id`, `media_id`, `created_at`, `updated_at`) VALUES (71, 119, '1996-12-05 14:09:48', '2021-04-20 22:19:21');
INSERT INTO `messages_media` (`message_id`, `media_id`, `created_at`, `updated_at`) VALUES (72, 142, '2008-06-04 20:34:55', '2007-12-23 03:09:18');
INSERT INTO `messages_media` (`message_id`, `media_id`, `created_at`, `updated_at`) VALUES (73, 145, '2013-04-06 10:07:55', '1981-08-31 19:01:57');
INSERT INTO `messages_media` (`message_id`, `media_id`, `created_at`, `updated_at`) VALUES (74, 176, '1987-03-23 19:23:12', '1987-01-27 22:06:40');
INSERT INTO `messages_media` (`message_id`, `media_id`, `created_at`, `updated_at`) VALUES (75, 177, '1983-02-21 21:56:33', '1983-11-26 05:01:55');
INSERT INTO `messages_media` (`message_id`, `media_id`, `created_at`, `updated_at`) VALUES (76, 119, '1997-04-02 21:30:54', '2008-04-18 11:50:57');
INSERT INTO `messages_media` (`message_id`, `media_id`, `created_at`, `updated_at`) VALUES (77, 142, '2019-04-15 05:23:10', '1990-02-16 01:49:02');
INSERT INTO `messages_media` (`message_id`, `media_id`, `created_at`, `updated_at`) VALUES (78, 145, '2005-11-11 22:55:15', '1985-11-26 02:48:25');
INSERT INTO `messages_media` (`message_id`, `media_id`, `created_at`, `updated_at`) VALUES (79, 176, '1973-10-20 07:44:49', '1971-09-29 18:57:15');
INSERT INTO `messages_media` (`message_id`, `media_id`, `created_at`, `updated_at`) VALUES (80, 177, '2011-12-23 14:30:15', '2010-11-30 13:44:16');
INSERT INTO `messages_media` (`message_id`, `media_id`, `created_at`, `updated_at`) VALUES (81, 119, '1996-06-11 02:21:57', '1978-10-17 19:00:33');
INSERT INTO `messages_media` (`message_id`, `media_id`, `created_at`, `updated_at`) VALUES (82, 142, '1992-05-28 17:37:43', '2019-04-20 05:01:18');
INSERT INTO `messages_media` (`message_id`, `media_id`, `created_at`, `updated_at`) VALUES (83, 145, '2015-07-09 07:18:01', '2013-05-16 05:14:20');
INSERT INTO `messages_media` (`message_id`, `media_id`, `created_at`, `updated_at`) VALUES (84, 176, '1991-08-30 09:14:50', '2011-08-29 12:17:13');
INSERT INTO `messages_media` (`message_id`, `media_id`, `created_at`, `updated_at`) VALUES (85, 177, '1984-08-18 03:22:32', '2016-06-10 04:30:02');
INSERT INTO `messages_media` (`message_id`, `media_id`, `created_at`, `updated_at`) VALUES (86, 119, '1988-12-31 16:11:43', '1971-03-21 06:28:20');
INSERT INTO `messages_media` (`message_id`, `media_id`, `created_at`, `updated_at`) VALUES (87, 142, '2016-01-14 16:11:00', '2008-11-18 07:18:53');
INSERT INTO `messages_media` (`message_id`, `media_id`, `created_at`, `updated_at`) VALUES (88, 145, '2003-02-26 03:07:19', '1991-06-04 08:05:05');
INSERT INTO `messages_media` (`message_id`, `media_id`, `created_at`, `updated_at`) VALUES (89, 176, '1997-11-27 06:18:58', '1990-02-25 04:58:17');
INSERT INTO `messages_media` (`message_id`, `media_id`, `created_at`, `updated_at`) VALUES (90, 177, '2008-04-17 19:19:38', '2000-10-28 18:48:06');
INSERT INTO `messages_media` (`message_id`, `media_id`, `created_at`, `updated_at`) VALUES (91, 119, '1970-04-28 16:55:16', '1984-11-26 04:20:07');
INSERT INTO `messages_media` (`message_id`, `media_id`, `created_at`, `updated_at`) VALUES (92, 142, '2007-08-19 02:48:15', '1987-06-04 00:41:15');
INSERT INTO `messages_media` (`message_id`, `media_id`, `created_at`, `updated_at`) VALUES (93, 145, '2019-09-03 12:09:57', '1999-03-28 07:55:54');
INSERT INTO `messages_media` (`message_id`, `media_id`, `created_at`, `updated_at`) VALUES (94, 176, '1983-02-01 06:05:17', '2007-04-16 01:25:43');
INSERT INTO `messages_media` (`message_id`, `media_id`, `created_at`, `updated_at`) VALUES (95, 177, '1986-03-23 01:22:33', '2001-06-23 01:01:54');
INSERT INTO `messages_media` (`message_id`, `media_id`, `created_at`, `updated_at`) VALUES (96, 119, '1984-09-12 11:33:26', '2002-05-15 06:53:09');
INSERT INTO `messages_media` (`message_id`, `media_id`, `created_at`, `updated_at`) VALUES (97, 142, '1979-06-17 11:24:49', '2005-01-21 00:49:32');
INSERT INTO `messages_media` (`message_id`, `media_id`, `created_at`, `updated_at`) VALUES (98, 145, '2015-04-21 11:50:51', '1993-08-26 19:02:27');
INSERT INTO `messages_media` (`message_id`, `media_id`, `created_at`, `updated_at`) VALUES (99, 176, '2000-05-17 22:20:45', '1978-09-12 02:51:06');
INSERT INTO `messages_media` (`message_id`, `media_id`, `created_at`, `updated_at`) VALUES (100, 177, '1987-09-12 17:42:31', '2020-03-08 16:49:42');

SET FOREIGN_KEY_CHECKS=1;
