USE vk;


#
# TABLE STRUCTURE FOR: users
#

INSERT INTO `users` (`id`, `email`, `phone`, `created_at`, `updated_at`) VALUES (1, 'kerluke.jerad@example.com', '975.822.2132x306', '1978-09-19 01:44:23', '1975-04-11 02:44:55');
INSERT INTO `users` (`id`, `email`, `phone`, `created_at`, `updated_at`) VALUES (2, 'raven.hodkiewicz@example.com', '07623105981', '2019-12-25 13:43:24', '1975-12-02 21:09:25');
INSERT INTO `users` (`id`, `email`, `phone`, `created_at`, `updated_at`) VALUES (3, 'moen.althea@example.net', '+33(0)6527502321', '1983-05-27 14:23:43', '1984-10-23 19:53:56');
INSERT INTO `users` (`id`, `email`, `phone`, `created_at`, `updated_at`) VALUES (4, 'elsa39@example.net', '+34(6)0975360910', '1980-01-19 16:40:31', '2017-07-12 08:58:38');
INSERT INTO `users` (`id`, `email`, `phone`, `created_at`, `updated_at`) VALUES (5, 'warren05@example.net', '(633)776-6329x227', '2000-04-23 20:34:12', '2020-02-13 19:03:17');
INSERT INTO `users` (`id`, `email`, `phone`, `created_at`, `updated_at`) VALUES (6, 'wiza.dario@example.com', '(894)668-6955x61840', '2020-07-11 08:48:26', '2009-04-17 03:25:11');
INSERT INTO `users` (`id`, `email`, `phone`, `created_at`, `updated_at`) VALUES (7, 'jermaine21@example.com', '817-949-1072x8639', '1984-02-02 23:22:57', '2017-10-26 16:38:55');
INSERT INTO `users` (`id`, `email`, `phone`, `created_at`, `updated_at`) VALUES (8, 'blanda.emmie@example.org', '995-147-4929', '1985-04-23 13:33:45', '2019-01-05 15:45:49');
INSERT INTO `users` (`id`, `email`, `phone`, `created_at`, `updated_at`) VALUES (9, 'iwelch@example.com', '(607)262-7525x7978', '2016-09-06 12:39:53', '1991-07-27 18:02:47');
INSERT INTO `users` (`id`, `email`, `phone`, `created_at`, `updated_at`) VALUES (10, 'marlin46@example.org', '(225)178-1564', '1988-06-19 04:33:25', '2001-07-29 03:33:43');
INSERT INTO `users` (`id`, `email`, `phone`, `created_at`, `updated_at`) VALUES (11, 'claud39@example.org', '201.420.8195x6104', '1992-12-30 22:38:48', '1991-05-09 17:46:23');
INSERT INTO `users` (`id`, `email`, `phone`, `created_at`, `updated_at`) VALUES (12, 'obernhard@example.net', '248-846-2653x8758', '2002-02-26 23:43:08', '2012-07-15 17:23:15');
INSERT INTO `users` (`id`, `email`, `phone`, `created_at`, `updated_at`) VALUES (13, 'michel82@example.net', '502-213-6525x9558', '1979-04-14 08:13:08', '1984-01-19 21:03:58');
INSERT INTO `users` (`id`, `email`, `phone`, `created_at`, `updated_at`) VALUES (14, 'brent02@example.org', '1-044-224-4721', '2017-04-14 20:47:43', '1979-03-06 01:34:18');
INSERT INTO `users` (`id`, `email`, `phone`, `created_at`, `updated_at`) VALUES (15, 'hilario.dickinson@example.org', '(164)452-5664x045', '1993-02-05 09:24:45', '1992-03-01 17:44:18');
INSERT INTO `users` (`id`, `email`, `phone`, `created_at`, `updated_at`) VALUES (16, 'nadia08@example.org', '149-344-2173', '1975-03-07 16:12:58', '2007-08-20 02:08:31');
INSERT INTO `users` (`id`, `email`, `phone`, `created_at`, `updated_at`) VALUES (17, 'eanderson@example.net', '398-424-2835', '1981-07-01 12:07:07', '1996-11-08 04:52:31');
INSERT INTO `users` (`id`, `email`, `phone`, `created_at`, `updated_at`) VALUES (18, 'carolyn.weissnat@example.com', '750-417-4982x4677', '1979-06-22 08:55:48', '2020-01-24 14:34:53');
INSERT INTO `users` (`id`, `email`, `phone`, `created_at`, `updated_at`) VALUES (19, 'jerde.hilda@example.net', '280-409-3460x943', '1984-06-09 23:19:15', '2013-04-27 16:07:29');
INSERT INTO `users` (`id`, `email`, `phone`, `created_at`, `updated_at`) VALUES (20, 'clint17@example.org', '885.180.2038', '1996-10-21 15:50:41', '2015-07-21 20:22:56');
INSERT INTO `users` (`id`, `email`, `phone`, `created_at`, `updated_at`) VALUES (21, 'boyer.alysha@example.com', '001.808.9825', '1981-06-19 09:33:28', '1986-09-08 17:52:37');
INSERT INTO `users` (`id`, `email`, `phone`, `created_at`, `updated_at`) VALUES (22, 'medhurst.garrick@example.org', '(027)688-8722x031', '1975-08-06 18:59:44', '1989-04-29 00:11:51');
INSERT INTO `users` (`id`, `email`, `phone`, `created_at`, `updated_at`) VALUES (23, 'juana.labadie@example.com', '1-644-995-7898', '1970-10-21 15:08:29', '1990-09-10 01:08:11');
INSERT INTO `users` (`id`, `email`, `phone`, `created_at`, `updated_at`) VALUES (24, 'tremayne.jacobs@example.com', '1-849-642-8063', '2011-05-25 12:17:23', '1980-04-25 19:30:17');
INSERT INTO `users` (`id`, `email`, `phone`, `created_at`, `updated_at`) VALUES (25, 'donnelly.rebeka@example.org', '(602)313-1269', '1971-09-29 18:58:09', '2021-07-01 05:28:15');
INSERT INTO `users` (`id`, `email`, `phone`, `created_at`, `updated_at`) VALUES (26, 'maxie19@example.com', '+66(7)8277722973', '2014-05-03 05:01:29', '2014-11-09 03:50:31');
INSERT INTO `users` (`id`, `email`, `phone`, `created_at`, `updated_at`) VALUES (27, 'darrin.botsford@example.net', '1-765-225-9255', '2001-08-02 14:34:22', '2021-05-22 06:29:09');
INSERT INTO `users` (`id`, `email`, `phone`, `created_at`, `updated_at`) VALUES (28, 'fbartell@example.org', '1-014-060-1737', '2016-10-15 12:14:43', '2017-01-19 06:17:36');
INSERT INTO `users` (`id`, `email`, `phone`, `created_at`, `updated_at`) VALUES (29, 'bolson@example.org', '(399)689-4548x68848', '2008-11-11 15:29:06', '1994-02-24 06:22:53');
INSERT INTO `users` (`id`, `email`, `phone`, `created_at`, `updated_at`) VALUES (30, 'sedrick.simonis@example.org', '1-333-970-4395x78432', '1978-08-14 07:06:22', '1981-12-20 04:40:34');
INSERT INTO `users` (`id`, `email`, `phone`, `created_at`, `updated_at`) VALUES (31, 'schumm.berenice@example.org', '661-620-8390x176', '2020-04-28 23:25:10', '1977-03-09 06:18:43');
INSERT INTO `users` (`id`, `email`, `phone`, `created_at`, `updated_at`) VALUES (32, 'iblick@example.com', '078-262-5376', '1985-04-02 12:49:27', '2003-07-14 07:11:07');
INSERT INTO `users` (`id`, `email`, `phone`, `created_at`, `updated_at`) VALUES (33, 'kryan@example.com', '1-136-085-1851', '1972-11-16 12:09:58', '2019-11-10 15:34:21');
INSERT INTO `users` (`id`, `email`, `phone`, `created_at`, `updated_at`) VALUES (34, 'jstanton@example.net', '778.549.9716', '2013-09-27 22:57:39', '1973-12-21 14:28:45');
INSERT INTO `users` (`id`, `email`, `phone`, `created_at`, `updated_at`) VALUES (35, 'parisian.aleen@example.net', '1-891-031-7985', '1991-02-13 04:38:05', '2001-05-13 23:34:18');
INSERT INTO `users` (`id`, `email`, `phone`, `created_at`, `updated_at`) VALUES (36, 'jacinto29@example.com', '059-376-4397x9611', '1996-02-27 23:19:13', '2003-10-20 17:50:38');
INSERT INTO `users` (`id`, `email`, `phone`, `created_at`, `updated_at`) VALUES (37, 'leffler.fatima@example.com', '(414)046-6871x032', '2005-02-10 20:04:41', '2015-02-04 02:08:14');
INSERT INTO `users` (`id`, `email`, `phone`, `created_at`, `updated_at`) VALUES (38, 'anastasia46@example.com', '653.544.1437', '1991-10-20 01:59:08', '1992-06-30 20:14:07');
INSERT INTO `users` (`id`, `email`, `phone`, `created_at`, `updated_at`) VALUES (39, 'bmcclure@example.net', '547.359.9210x95547', '2012-05-12 11:18:54', '1978-07-12 22:28:51');
INSERT INTO `users` (`id`, `email`, `phone`, `created_at`, `updated_at`) VALUES (40, 'davion.johnson@example.net', '891-736-0495x90849', '2016-03-07 11:13:48', '2012-02-19 12:13:16');
INSERT INTO `users` (`id`, `email`, `phone`, `created_at`, `updated_at`) VALUES (41, 'andre.smitham@example.org', '563-962-8044x380', '2019-10-04 02:41:13', '1990-01-16 04:56:15');
INSERT INTO `users` (`id`, `email`, `phone`, `created_at`, `updated_at`) VALUES (42, 'johnson.ron@example.com', '090-872-6454x461', '2009-12-01 08:10:27', '2017-02-02 22:44:44');
INSERT INTO `users` (`id`, `email`, `phone`, `created_at`, `updated_at`) VALUES (43, 'kschimmel@example.com', '113.590.5737x1988', '1991-05-18 07:15:16', '2021-01-06 15:33:13');
INSERT INTO `users` (`id`, `email`, `phone`, `created_at`, `updated_at`) VALUES (44, 'powlowski.kip@example.org', '(780)883-5527x9654', '2013-11-10 17:29:17', '2004-09-26 15:19:24');
INSERT INTO `users` (`id`, `email`, `phone`, `created_at`, `updated_at`) VALUES (45, 'ggerhold@example.org', '359-797-5279x5764', '1984-05-07 13:09:36', '1981-08-05 09:32:25');
INSERT INTO `users` (`id`, `email`, `phone`, `created_at`, `updated_at`) VALUES (46, 'angelita23@example.org', '704-349-1941', '1984-01-04 13:08:26', '2004-11-07 13:04:51');
INSERT INTO `users` (`id`, `email`, `phone`, `created_at`, `updated_at`) VALUES (47, 'roel01@example.org', '(037)578-1642x857', '2010-08-15 15:53:21', '2005-06-18 12:48:47');
INSERT INTO `users` (`id`, `email`, `phone`, `created_at`, `updated_at`) VALUES (48, 'kaden47@example.net', '(623)800-8254x487', '1985-08-26 04:41:14', '1993-01-26 17:43:43');
INSERT INTO `users` (`id`, `email`, `phone`, `created_at`, `updated_at`) VALUES (49, 'rowland82@example.com', '02346448404', '2005-08-13 02:44:16', '2009-06-24 08:04:57');
INSERT INTO `users` (`id`, `email`, `phone`, `created_at`, `updated_at`) VALUES (50, 'thea54@example.net', '(672)122-9264', '2010-09-16 01:40:32', '2010-11-22 04:02:01');
INSERT INTO `users` (`id`, `email`, `phone`, `created_at`, `updated_at`) VALUES (51, 'kris.predovic@example.org', '09489401216', '2021-07-04 15:31:19', '2020-08-20 23:43:18');
INSERT INTO `users` (`id`, `email`, `phone`, `created_at`, `updated_at`) VALUES (52, 'conroy.ronaldo@example.org', '668.131.8228x06807', '2009-06-11 08:57:11', '2017-02-11 11:57:54');
INSERT INTO `users` (`id`, `email`, `phone`, `created_at`, `updated_at`) VALUES (53, 'rtowne@example.org', '426-219-2416', '1994-09-05 04:17:29', '2006-02-09 09:13:26');
INSERT INTO `users` (`id`, `email`, `phone`, `created_at`, `updated_at`) VALUES (54, 'xbogisich@example.com', '+76(8)5948858051', '1989-07-30 07:38:23', '1970-05-20 23:13:47');
INSERT INTO `users` (`id`, `email`, `phone`, `created_at`, `updated_at`) VALUES (55, 'aurelia28@example.com', '(864)921-6493x118', '2011-10-10 02:24:57', '1974-01-10 15:26:48');
INSERT INTO `users` (`id`, `email`, `phone`, `created_at`, `updated_at`) VALUES (56, 'osinski.alessia@example.org', '657.464.1731x6361', '2009-03-06 03:11:54', '2010-04-15 10:53:36');
INSERT INTO `users` (`id`, `email`, `phone`, `created_at`, `updated_at`) VALUES (57, 'tiffany22@example.net', '(551)656-7434x29752', '1985-06-15 05:08:49', '1989-01-21 00:54:53');
INSERT INTO `users` (`id`, `email`, `phone`, `created_at`, `updated_at`) VALUES (58, 'smitham.melvina@example.com', '1-921-171-2412', '1994-12-26 01:57:09', '1981-12-01 11:07:24');
INSERT INTO `users` (`id`, `email`, `phone`, `created_at`, `updated_at`) VALUES (59, 'johathan63@example.org', '08889253370', '2005-07-03 19:33:26', '1972-06-30 23:11:02');
INSERT INTO `users` (`id`, `email`, `phone`, `created_at`, `updated_at`) VALUES (60, 'dorcas36@example.net', '(747)979-0059', '2014-05-26 09:12:58', '1986-04-16 02:46:36');
INSERT INTO `users` (`id`, `email`, `phone`, `created_at`, `updated_at`) VALUES (61, 'smith.helene@example.org', '232.193.3939', '2018-07-25 07:15:10', '2012-08-25 12:50:52');
INSERT INTO `users` (`id`, `email`, `phone`, `created_at`, `updated_at`) VALUES (62, 'schimmel.arely@example.net', '(073)616-4894', '2002-09-29 04:48:26', '1997-08-25 06:16:13');
INSERT INTO `users` (`id`, `email`, `phone`, `created_at`, `updated_at`) VALUES (63, 'lauren.tillman@example.org', '(451)235-7955x905', '1981-09-28 01:46:52', '2005-01-31 23:23:55');
INSERT INTO `users` (`id`, `email`, `phone`, `created_at`, `updated_at`) VALUES (64, 'ratke.maryse@example.org', '+26(3)7165151772', '1982-05-11 04:22:16', '2019-07-03 07:59:47');
INSERT INTO `users` (`id`, `email`, `phone`, `created_at`, `updated_at`) VALUES (65, 'valerie46@example.com', '(354)491-7660', '2001-09-11 15:38:22', '1991-05-18 14:14:00');
INSERT INTO `users` (`id`, `email`, `phone`, `created_at`, `updated_at`) VALUES (66, 'jayda.nienow@example.net', '534-379-1869x4534', '2020-07-22 18:02:29', '1976-05-01 12:16:28');
INSERT INTO `users` (`id`, `email`, `phone`, `created_at`, `updated_at`) VALUES (67, 'galtenwerth@example.com', '(049)650-2927', '2018-04-08 17:21:04', '1985-01-17 05:04:27');
INSERT INTO `users` (`id`, `email`, `phone`, `created_at`, `updated_at`) VALUES (68, 'brenden.rolfson@example.net', '1-756-257-3711', '2003-10-10 04:22:54', '1987-12-13 03:34:06');
INSERT INTO `users` (`id`, `email`, `phone`, `created_at`, `updated_at`) VALUES (69, 'gmaggio@example.net', '665-961-4468', '1972-02-13 19:45:37', '2020-02-29 02:16:19');
INSERT INTO `users` (`id`, `email`, `phone`, `created_at`, `updated_at`) VALUES (70, 'dandre.cormier@example.net', '1-034-870-2598x06146', '2011-04-25 19:29:01', '1984-01-23 18:37:49');
INSERT INTO `users` (`id`, `email`, `phone`, `created_at`, `updated_at`) VALUES (71, 'madie.skiles@example.net', '00621707043', '2012-04-01 21:26:56', '1985-05-05 01:27:26');
INSERT INTO `users` (`id`, `email`, `phone`, `created_at`, `updated_at`) VALUES (72, 'mya.quitzon@example.org', '+69(1)7427044055', '1976-07-15 07:23:36', '1994-02-20 17:58:43');
INSERT INTO `users` (`id`, `email`, `phone`, `created_at`, `updated_at`) VALUES (73, 'retha76@example.net', '+19(8)8023229543', '1995-04-30 11:11:20', '2015-07-29 14:14:39');
INSERT INTO `users` (`id`, `email`, `phone`, `created_at`, `updated_at`) VALUES (74, 'medhurst.abigayle@example.com', '(706)741-9339x1143', '1996-04-27 22:13:45', '2004-07-09 23:48:03');
INSERT INTO `users` (`id`, `email`, `phone`, `created_at`, `updated_at`) VALUES (75, 'kacey76@example.com', '929.584.5153', '1972-03-23 07:32:01', '1975-06-19 10:33:47');
INSERT INTO `users` (`id`, `email`, `phone`, `created_at`, `updated_at`) VALUES (76, 'samanta53@example.com', '661.065.1479x6509', '1987-05-26 22:58:43', '2007-06-11 15:06:32');
INSERT INTO `users` (`id`, `email`, `phone`, `created_at`, `updated_at`) VALUES (77, 'fritsch.hanna@example.com', '916-183-2912x37925', '1994-06-12 15:54:25', '1974-06-30 17:41:24');
INSERT INTO `users` (`id`, `email`, `phone`, `created_at`, `updated_at`) VALUES (78, 'schowalter.stanton@example.com', '418.031.8041x74813', '2020-10-10 08:48:24', '2020-02-18 21:18:17');
INSERT INTO `users` (`id`, `email`, `phone`, `created_at`, `updated_at`) VALUES (79, 'jalyn58@example.org', '1-321-657-6791x16940', '1976-06-16 15:14:10', '1974-07-11 01:03:11');
INSERT INTO `users` (`id`, `email`, `phone`, `created_at`, `updated_at`) VALUES (80, 'camron31@example.org', '1-735-276-3044', '1993-05-13 15:39:47', '2012-11-23 02:54:50');
INSERT INTO `users` (`id`, `email`, `phone`, `created_at`, `updated_at`) VALUES (81, 'jaleel.gorczany@example.org', '01248292939', '2015-03-02 17:13:27', '1975-07-08 08:50:04');
INSERT INTO `users` (`id`, `email`, `phone`, `created_at`, `updated_at`) VALUES (82, 'cartwright.mayra@example.com', '1-511-635-9374x70130', '1997-08-11 02:32:13', '2018-12-30 14:42:26');
INSERT INTO `users` (`id`, `email`, `phone`, `created_at`, `updated_at`) VALUES (83, 'mayer.barrett@example.org', '636-228-9793x807', '1981-02-10 12:03:24', '2008-06-19 02:10:56');
INSERT INTO `users` (`id`, `email`, `phone`, `created_at`, `updated_at`) VALUES (84, 'sophie93@example.net', '1-633-110-0179', '1977-05-14 09:19:29', '2019-12-18 15:40:16');
INSERT INTO `users` (`id`, `email`, `phone`, `created_at`, `updated_at`) VALUES (85, 'dangelo.kub@example.com', '(924)274-1278x27189', '2012-02-24 00:19:27', '1995-01-29 16:17:17');
INSERT INTO `users` (`id`, `email`, `phone`, `created_at`, `updated_at`) VALUES (86, 'cassin.georgette@example.net', '02930308288', '1981-09-05 20:57:54', '2012-09-06 06:38:51');
INSERT INTO `users` (`id`, `email`, `phone`, `created_at`, `updated_at`) VALUES (87, 'kathryn02@example.org', '055-972-9556x1933', '1990-12-05 23:21:49', '2005-04-22 02:56:49');
INSERT INTO `users` (`id`, `email`, `phone`, `created_at`, `updated_at`) VALUES (88, 'ceasar.medhurst@example.org', '+53(8)7926456168', '1993-03-25 00:06:34', '2015-05-26 16:16:55');
INSERT INTO `users` (`id`, `email`, `phone`, `created_at`, `updated_at`) VALUES (89, 'janice63@example.org', '01576124673', '1991-07-01 16:25:18', '2016-08-02 02:46:19');
INSERT INTO `users` (`id`, `email`, `phone`, `created_at`, `updated_at`) VALUES (90, 'emie83@example.org', '1-393-968-2539', '1985-04-03 12:43:45', '1971-05-22 10:00:52');
INSERT INTO `users` (`id`, `email`, `phone`, `created_at`, `updated_at`) VALUES (91, 'kaltenwerth@example.com', '02205622237', '2005-01-24 07:48:19', '1971-12-19 23:06:21');
INSERT INTO `users` (`id`, `email`, `phone`, `created_at`, `updated_at`) VALUES (92, 'cecilia59@example.com', '494-489-1460x96363', '1999-05-07 21:50:40', '1979-11-21 10:45:08');
INSERT INTO `users` (`id`, `email`, `phone`, `created_at`, `updated_at`) VALUES (93, 'julianne27@example.org', '+22(8)7808794507', '2005-07-30 05:44:14', '1982-06-08 05:19:16');
INSERT INTO `users` (`id`, `email`, `phone`, `created_at`, `updated_at`) VALUES (94, 'goyette.jaycee@example.org', '910.602.6201', '2013-09-12 23:50:05', '1990-01-03 22:07:39');
INSERT INTO `users` (`id`, `email`, `phone`, `created_at`, `updated_at`) VALUES (95, 'hunter52@example.org', '044.233.5276', '1976-06-14 03:35:54', '1970-05-05 02:30:12');
INSERT INTO `users` (`id`, `email`, `phone`, `created_at`, `updated_at`) VALUES (96, 'jaren.langosh@example.com', '786-756-8825', '2017-06-16 10:27:21', '1985-04-16 20:31:00');
INSERT INTO `users` (`id`, `email`, `phone`, `created_at`, `updated_at`) VALUES (97, 'thelma68@example.com', '750.192.7409x094', '2001-09-01 21:40:31', '1986-10-10 04:20:48');
INSERT INTO `users` (`id`, `email`, `phone`, `created_at`, `updated_at`) VALUES (98, 'jarod.mclaughlin@example.org', '977.646.8627x6540', '2009-04-01 18:29:10', '2007-07-14 06:47:42');
INSERT INTO `users` (`id`, `email`, `phone`, `created_at`, `updated_at`) VALUES (99, 'mckenna.larkin@example.com', '369.831.0368x2501', '1975-02-08 09:44:21', '2005-05-31 12:37:31');
INSERT INTO `users` (`id`, `email`, `phone`, `created_at`, `updated_at`) VALUES (100, 'dmaggio@example.net', '(691)857-9361', '1993-11-15 11:40:13', '2006-06-30 09:48:29');


#
# TABLE STRUCTURE FOR: profiles
#


INSERT INTO `profiles` (`id`, `user_id`, `first_name`, `last_name`, `birth_date`, `country`, `city`, `status`, `created_at`, `updated_at`) VALUES (1, 1, 'Norberto', 'Howe', '2004-07-01', '48057', 'Joesphberg', 'ONLINE', '1997-04-08 03:26:05', '1973-03-04 01:21:15');
INSERT INTO `profiles` (`id`, `user_id`, `first_name`, `last_name`, `birth_date`, `country`, `city`, `status`, `created_at`, `updated_at`) VALUES (2, 2, 'Jamison', 'Lehner', '2017-08-17', '3037970', 'Clemmiestad', 'INACTIVE', '2016-04-13 00:10:04', '2018-01-22 09:22:31');
INSERT INTO `profiles` (`id`, `user_id`, `first_name`, `last_name`, `birth_date`, `country`, `city`, `status`, `created_at`, `updated_at`) VALUES (3, 3, 'Edyth', 'Gibson', '2014-05-31', '3543385', 'Littlebury', 'OFFLINE', '1983-09-01 06:14:59', '2000-05-24 07:56:52');
INSERT INTO `profiles` (`id`, `user_id`, `first_name`, `last_name`, `birth_date`, `country`, `city`, `status`, `created_at`, `updated_at`) VALUES (4, 4, 'Bernice', 'Schuster', '2009-05-16', '80976', 'Bayershire', 'INACTIVE', '1972-03-23 22:21:25', '2005-06-28 21:03:20');
INSERT INTO `profiles` (`id`, `user_id`, `first_name`, `last_name`, `birth_date`, `country`, `city`, `status`, `created_at`, `updated_at`) VALUES (5, 5, 'Joannie', 'Feeney', '1997-02-20', '64', 'North Alannaton', 'INACTIVE', '2000-07-18 03:16:00', '1973-05-12 07:06:02');
INSERT INTO `profiles` (`id`, `user_id`, `first_name`, `last_name`, `birth_date`, `country`, `city`, `status`, `created_at`, `updated_at`) VALUES (6, 6, 'Lukas', 'Ward', '2009-08-30', '58', 'Rennerborough', 'INACTIVE', '2020-12-14 14:45:27', '2020-04-23 08:35:12');
INSERT INTO `profiles` (`id`, `user_id`, `first_name`, `last_name`, `birth_date`, `country`, `city`, `status`, `created_at`, `updated_at`) VALUES (7, 7, 'Adela', 'Moore', '2015-05-05', '', 'North Brittanyborough', 'INACTIVE', '1992-05-02 06:10:01', '2011-11-17 14:49:43');
INSERT INTO `profiles` (`id`, `user_id`, `first_name`, `last_name`, `birth_date`, `country`, `city`, `status`, `created_at`, `updated_at`) VALUES (8, 8, 'Ahmad', 'Koss', '2007-04-04', '492749', 'Croninborough', 'ONLINE', '2012-01-24 10:31:25', '2001-10-23 19:24:03');
INSERT INTO `profiles` (`id`, `user_id`, `first_name`, `last_name`, `birth_date`, `country`, `city`, `status`, `created_at`, `updated_at`) VALUES (9, 9, 'Courtney', 'Leannon', '2016-08-04', '42', 'Schulistland', 'OFFLINE', '2019-07-16 17:33:00', '2009-05-27 23:21:15');
INSERT INTO `profiles` (`id`, `user_id`, `first_name`, `last_name`, `birth_date`, `country`, `city`, `status`, `created_at`, `updated_at`) VALUES (10, 10, 'Sharon', 'Harris', '2005-04-18', '1', 'New Willy', 'OFFLINE', '1983-12-06 04:41:12', '1977-05-27 09:49:54');
INSERT INTO `profiles` (`id`, `user_id`, `first_name`, `last_name`, `birth_date`, `country`, `city`, `status`, `created_at`, `updated_at`) VALUES (11, 11, 'Tristin', 'Ledner', '2009-09-03', '9902', 'Rodriguezfurt', 'ONLINE', '2013-02-06 14:03:21', '1992-01-26 23:17:23');
INSERT INTO `profiles` (`id`, `user_id`, `first_name`, `last_name`, `birth_date`, `country`, `city`, `status`, `created_at`, `updated_at`) VALUES (12, 12, 'Coleman', 'Marquardt', '1988-08-16', '1754650', 'South Eleanore', 'INACTIVE', '2020-10-27 05:55:34', '2018-07-18 19:56:15');
INSERT INTO `profiles` (`id`, `user_id`, `first_name`, `last_name`, `birth_date`, `country`, `city`, `status`, `created_at`, `updated_at`) VALUES (13, 13, 'Torey', 'Lemke', '2000-02-06', '7', 'Lake Hassanview', 'INACTIVE', '1982-09-02 00:19:27', '2019-05-06 12:10:16');
INSERT INTO `profiles` (`id`, `user_id`, `first_name`, `last_name`, `birth_date`, `country`, `city`, `status`, `created_at`, `updated_at`) VALUES (14, 14, 'Reuben', 'Hyatt', '1980-10-16', '178', 'Ortizborough', 'INACTIVE', '1998-12-05 03:03:54', '2009-04-03 12:50:08');
INSERT INTO `profiles` (`id`, `user_id`, `first_name`, `last_name`, `birth_date`, `country`, `city`, `status`, `created_at`, `updated_at`) VALUES (15, 15, 'Dwight', 'Pouros', '1972-10-19', '230', 'East Mireyaville', 'OFFLINE', '2011-11-01 08:50:12', '1970-07-18 09:49:40');
INSERT INTO `profiles` (`id`, `user_id`, `first_name`, `last_name`, `birth_date`, `country`, `city`, `status`, `created_at`, `updated_at`) VALUES (16, 16, 'Miguel', 'Kirlin', '1985-12-06', '', 'Considinestad', 'INACTIVE', '2004-03-27 16:52:32', '1987-11-21 16:23:35');
INSERT INTO `profiles` (`id`, `user_id`, `first_name`, `last_name`, `birth_date`, `country`, `city`, `status`, `created_at`, `updated_at`) VALUES (17, 17, 'Alfonso', 'Price', '2001-11-24', '3155691', 'Juliefort', 'OFFLINE', '1970-04-19 22:18:05', '1971-09-19 00:51:34');
INSERT INTO `profiles` (`id`, `user_id`, `first_name`, `last_name`, `birth_date`, `country`, `city`, `status`, `created_at`, `updated_at`) VALUES (18, 18, 'Charlie', 'Metz', '1982-02-11', '529757', 'Schulistport', 'ONLINE', '1991-02-10 04:48:35', '2001-01-08 09:09:53');
INSERT INTO `profiles` (`id`, `user_id`, `first_name`, `last_name`, `birth_date`, `country`, `city`, `status`, `created_at`, `updated_at`) VALUES (19, 19, 'Alexys', 'Erdman', '1988-02-21', '70456', 'Wisozkport', 'INACTIVE', '1979-06-05 15:48:22', '1997-11-13 10:48:03');
INSERT INTO `profiles` (`id`, `user_id`, `first_name`, `last_name`, `birth_date`, `country`, `city`, `status`, `created_at`, `updated_at`) VALUES (20, 20, 'Estevan', 'Thiel', '1988-03-10', '9', 'Feiltown', 'INACTIVE', '2009-02-23 12:58:58', '2012-09-05 01:06:31');
INSERT INTO `profiles` (`id`, `user_id`, `first_name`, `last_name`, `birth_date`, `country`, `city`, `status`, `created_at`, `updated_at`) VALUES (21, 21, 'Henderson', 'Wunsch', '1975-09-16', '218798', 'East Diamond', 'ONLINE', '1977-08-11 12:37:03', '2008-01-31 03:10:21');
INSERT INTO `profiles` (`id`, `user_id`, `first_name`, `last_name`, `birth_date`, `country`, `city`, `status`, `created_at`, `updated_at`) VALUES (22, 22, 'Fleta', 'Deckow', '1988-06-20', '376534485', 'East Bonnie', 'ONLINE', '1976-06-10 06:01:04', '2005-06-16 20:16:39');
INSERT INTO `profiles` (`id`, `user_id`, `first_name`, `last_name`, `birth_date`, `country`, `city`, `status`, `created_at`, `updated_at`) VALUES (23, 23, 'Eli', 'Roob', '1992-03-04', '7194299', 'Boscochester', 'OFFLINE', '2021-06-12 08:08:52', '2001-07-01 16:20:47');
INSERT INTO `profiles` (`id`, `user_id`, `first_name`, `last_name`, `birth_date`, `country`, `city`, `status`, `created_at`, `updated_at`) VALUES (24, 24, 'Ariane', 'Howe', '2013-12-23', '719704', 'East Lilyanberg', 'INACTIVE', '1984-11-24 19:02:02', '2008-06-17 06:09:13');
INSERT INTO `profiles` (`id`, `user_id`, `first_name`, `last_name`, `birth_date`, `country`, `city`, `status`, `created_at`, `updated_at`) VALUES (25, 25, 'Garrett', 'Predovic', '1991-03-05', '484585', 'Gerlachmouth', 'ONLINE', '2019-12-30 01:32:50', '1974-05-10 06:27:00');
INSERT INTO `profiles` (`id`, `user_id`, `first_name`, `last_name`, `birth_date`, `country`, `city`, `status`, `created_at`, `updated_at`) VALUES (26, 26, 'Kyler', 'Heaney', '2002-03-11', '1821981', 'Heathcoteshire', 'ONLINE', '2012-06-27 18:56:08', '2009-05-11 08:20:25');
INSERT INTO `profiles` (`id`, `user_id`, `first_name`, `last_name`, `birth_date`, `country`, `city`, `status`, `created_at`, `updated_at`) VALUES (27, 27, 'Mozell', 'Hirthe', '1987-03-26', '', 'Boscochester', 'ONLINE', '2013-11-16 08:39:08', '2003-10-09 05:32:16');
INSERT INTO `profiles` (`id`, `user_id`, `first_name`, `last_name`, `birth_date`, `country`, `city`, `status`, `created_at`, `updated_at`) VALUES (28, 28, 'Raegan', 'Schulist', '1988-09-24', '484', 'Port Zellaville', 'INACTIVE', '1978-08-04 21:34:56', '2003-06-08 16:59:29');
INSERT INTO `profiles` (`id`, `user_id`, `first_name`, `last_name`, `birth_date`, `country`, `city`, `status`, `created_at`, `updated_at`) VALUES (29, 29, 'Florian', 'Watsica', '2004-10-23', '36652', 'Jakeburgh', 'INACTIVE', '1970-05-09 14:45:37', '1999-08-28 07:29:00');
INSERT INTO `profiles` (`id`, `user_id`, `first_name`, `last_name`, `birth_date`, `country`, `city`, `status`, `created_at`, `updated_at`) VALUES (30, 30, 'Hailie', 'Kunze', '1992-11-26', '91', 'Estevanmouth', 'INACTIVE', '2015-09-27 01:48:08', '1981-11-18 04:20:42');
INSERT INTO `profiles` (`id`, `user_id`, `first_name`, `last_name`, `birth_date`, `country`, `city`, `status`, `created_at`, `updated_at`) VALUES (31, 31, 'Zula', 'Franecki', '1993-09-14', '', 'New Gillian', 'OFFLINE', '2017-05-09 18:14:00', '1994-03-09 10:08:59');
INSERT INTO `profiles` (`id`, `user_id`, `first_name`, `last_name`, `birth_date`, `country`, `city`, `status`, `created_at`, `updated_at`) VALUES (32, 32, 'Thea', 'Grimes', '2010-02-27', '175035', 'Barbaraview', 'INACTIVE', '1980-07-10 17:17:19', '2008-01-07 19:14:24');
INSERT INTO `profiles` (`id`, `user_id`, `first_name`, `last_name`, `birth_date`, `country`, `city`, `status`, `created_at`, `updated_at`) VALUES (33, 33, 'Mona', 'Marks', '1996-01-30', '21', 'Mollyside', 'INACTIVE', '1983-06-07 17:42:21', '1989-09-22 20:41:09');
INSERT INTO `profiles` (`id`, `user_id`, `first_name`, `last_name`, `birth_date`, `country`, `city`, `status`, `created_at`, `updated_at`) VALUES (34, 34, 'Cecilia', 'Hand', '1971-06-09', '871159838', 'East Maxie', 'ONLINE', '2020-04-21 02:06:45', '2007-07-14 21:05:07');
INSERT INTO `profiles` (`id`, `user_id`, `first_name`, `last_name`, `birth_date`, `country`, `city`, `status`, `created_at`, `updated_at`) VALUES (35, 35, 'Walker', 'Howe', '2000-07-16', '98889877', 'Darienfort', 'ONLINE', '1972-10-20 02:24:38', '2012-07-20 15:01:48');
INSERT INTO `profiles` (`id`, `user_id`, `first_name`, `last_name`, `birth_date`, `country`, `city`, `status`, `created_at`, `updated_at`) VALUES (36, 36, 'Lenny', 'Donnelly', '1975-11-15', '14', 'Minaberg', 'ONLINE', '2005-05-28 19:20:41', '1993-07-12 03:57:06');
INSERT INTO `profiles` (`id`, `user_id`, `first_name`, `last_name`, `birth_date`, `country`, `city`, `status`, `created_at`, `updated_at`) VALUES (37, 37, 'Zakary', 'Kirlin', '1975-09-22', '342790229', 'Jamaalside', 'OFFLINE', '1991-09-26 11:35:57', '1994-12-12 01:20:12');
INSERT INTO `profiles` (`id`, `user_id`, `first_name`, `last_name`, `birth_date`, `country`, `city`, `status`, `created_at`, `updated_at`) VALUES (38, 38, 'Eleanore', 'Hamill', '1971-10-03', '', 'North Willyburgh', 'INACTIVE', '2003-10-06 05:54:23', '1990-12-16 13:55:41');
INSERT INTO `profiles` (`id`, `user_id`, `first_name`, `last_name`, `birth_date`, `country`, `city`, `status`, `created_at`, `updated_at`) VALUES (39, 39, 'Otto', 'Cronin', '1974-09-07', '4493', 'Roscoebury', 'ONLINE', '2009-08-11 12:12:00', '1998-09-17 07:29:24');
INSERT INTO `profiles` (`id`, `user_id`, `first_name`, `last_name`, `birth_date`, `country`, `city`, `status`, `created_at`, `updated_at`) VALUES (40, 40, 'Hugh', 'Denesik', '1994-07-28', '53106', 'Borisside', 'OFFLINE', '1992-03-12 20:30:40', '2001-06-13 22:21:41');
INSERT INTO `profiles` (`id`, `user_id`, `first_name`, `last_name`, `birth_date`, `country`, `city`, `status`, `created_at`, `updated_at`) VALUES (41, 41, 'Jesse', 'Hamill', '2014-01-12', '7946', 'Candacechester', 'INACTIVE', '2015-08-10 03:25:43', '2014-06-17 08:52:54');
INSERT INTO `profiles` (`id`, `user_id`, `first_name`, `last_name`, `birth_date`, `country`, `city`, `status`, `created_at`, `updated_at`) VALUES (42, 42, 'Jacey', 'Dickens', '1994-04-23', '2878685', 'Jerdemouth', 'ONLINE', '2007-08-15 10:14:56', '1995-02-05 08:46:01');
INSERT INTO `profiles` (`id`, `user_id`, `first_name`, `last_name`, `birth_date`, `country`, `city`, `status`, `created_at`, `updated_at`) VALUES (43, 43, 'Dorothea', 'Rippin', '2003-03-05', '98038558', 'East Eunice', 'OFFLINE', '2003-10-14 01:42:32', '1999-06-12 05:18:19');
INSERT INTO `profiles` (`id`, `user_id`, `first_name`, `last_name`, `birth_date`, `country`, `city`, `status`, `created_at`, `updated_at`) VALUES (44, 44, 'Hunter', 'Metz', '2001-11-09', '133', 'Ratketon', 'ONLINE', '1998-12-10 16:51:06', '2001-08-16 19:48:20');
INSERT INTO `profiles` (`id`, `user_id`, `first_name`, `last_name`, `birth_date`, `country`, `city`, `status`, `created_at`, `updated_at`) VALUES (45, 45, 'Damian', 'Boyer', '2017-12-05', '79', 'Handview', 'OFFLINE', '1979-12-18 09:02:20', '2004-07-21 14:16:29');
INSERT INTO `profiles` (`id`, `user_id`, `first_name`, `last_name`, `birth_date`, `country`, `city`, `status`, `created_at`, `updated_at`) VALUES (46, 46, 'Ashley', 'Wintheiser', '2001-04-20', '5625', 'West Orieport', 'ONLINE', '1973-06-03 16:24:10', '1983-04-09 14:56:40');
INSERT INTO `profiles` (`id`, `user_id`, `first_name`, `last_name`, `birth_date`, `country`, `city`, `status`, `created_at`, `updated_at`) VALUES (47, 47, 'Sallie', 'Hettinger', '1997-11-15', '3002', 'East Dorotheabury', 'OFFLINE', '2012-03-23 13:18:44', '2009-01-06 03:13:29');
INSERT INTO `profiles` (`id`, `user_id`, `first_name`, `last_name`, `birth_date`, `country`, `city`, `status`, `created_at`, `updated_at`) VALUES (48, 48, 'Gerardo', 'Bernier', '2007-12-26', '580', 'Balistreriberg', 'INACTIVE', '2016-09-23 17:33:49', '1979-10-30 20:27:26');
INSERT INTO `profiles` (`id`, `user_id`, `first_name`, `last_name`, `birth_date`, `country`, `city`, `status`, `created_at`, `updated_at`) VALUES (49, 49, 'Savanah', 'Kessler', '2018-02-22', '18', 'Theomouth', 'ONLINE', '1998-04-08 01:05:03', '2012-01-18 05:09:10');
INSERT INTO `profiles` (`id`, `user_id`, `first_name`, `last_name`, `birth_date`, `country`, `city`, `status`, `created_at`, `updated_at`) VALUES (50, 50, 'Hector', 'Block', '2010-09-08', '9973139', 'Kochfort', 'INACTIVE', '2020-11-20 07:28:00', '1970-07-06 23:05:12');
INSERT INTO `profiles` (`id`, `user_id`, `first_name`, `last_name`, `birth_date`, `country`, `city`, `status`, `created_at`, `updated_at`) VALUES (51, 51, 'Dillon', 'Purdy', '1997-04-20', '7885494', 'New Elinore', 'INACTIVE', '1974-02-07 16:17:57', '1981-03-24 04:39:30');
INSERT INTO `profiles` (`id`, `user_id`, `first_name`, `last_name`, `birth_date`, `country`, `city`, `status`, `created_at`, `updated_at`) VALUES (52, 52, 'Rudy', 'Schimmel', '2001-07-28', '7554', 'Skilesshire', 'ONLINE', '2018-04-27 13:47:39', '1973-04-12 18:48:58');
INSERT INTO `profiles` (`id`, `user_id`, `first_name`, `last_name`, `birth_date`, `country`, `city`, `status`, `created_at`, `updated_at`) VALUES (53, 53, 'Dereck', 'Stark', '2005-12-09', '', 'Myrnashire', 'ONLINE', '1995-01-20 11:13:25', '2010-11-27 12:20:54');
INSERT INTO `profiles` (`id`, `user_id`, `first_name`, `last_name`, `birth_date`, `country`, `city`, `status`, `created_at`, `updated_at`) VALUES (54, 54, 'Mohammad', 'Flatley', '2018-11-30', '6628', 'New Leonoraburgh', 'INACTIVE', '1976-07-16 20:20:40', '1970-04-15 23:13:11');
INSERT INTO `profiles` (`id`, `user_id`, `first_name`, `last_name`, `birth_date`, `country`, `city`, `status`, `created_at`, `updated_at`) VALUES (55, 55, 'Bridget', 'Lakin', '2014-09-08', '', 'Port Mustafaland', 'ONLINE', '1972-09-03 01:41:51', '2019-03-23 22:38:12');
INSERT INTO `profiles` (`id`, `user_id`, `first_name`, `last_name`, `birth_date`, `country`, `city`, `status`, `created_at`, `updated_at`) VALUES (56, 56, 'Aurore', 'Marquardt', '1998-01-12', '281', 'Parkerport', 'ONLINE', '1985-06-05 03:00:57', '2017-11-23 00:19:29');
INSERT INTO `profiles` (`id`, `user_id`, `first_name`, `last_name`, `birth_date`, `country`, `city`, `status`, `created_at`, `updated_at`) VALUES (57, 57, 'Jacinto', 'Gerlach', '1984-10-07', '86514', 'East Corene', 'ONLINE', '1994-01-12 20:57:21', '2000-05-16 15:37:02');
INSERT INTO `profiles` (`id`, `user_id`, `first_name`, `last_name`, `birth_date`, `country`, `city`, `status`, `created_at`, `updated_at`) VALUES (58, 58, 'Sierra', 'Ritchie', '1973-01-04', '39922724', 'Nolanbury', 'ONLINE', '1981-07-06 21:00:05', '1999-01-26 00:43:31');
INSERT INTO `profiles` (`id`, `user_id`, `first_name`, `last_name`, `birth_date`, `country`, `city`, `status`, `created_at`, `updated_at`) VALUES (59, 59, 'Chesley', 'Conroy', '2019-08-16', '5183338', 'Stokesborough', 'ONLINE', '2010-11-22 21:24:25', '1989-09-08 21:34:58');
INSERT INTO `profiles` (`id`, `user_id`, `first_name`, `last_name`, `birth_date`, `country`, `city`, `status`, `created_at`, `updated_at`) VALUES (60, 60, 'Freeda', 'Gutkowski', '2011-11-29', '1165750', 'Lake Noemy', 'OFFLINE', '1979-10-17 17:22:10', '1986-02-14 07:44:22');
INSERT INTO `profiles` (`id`, `user_id`, `first_name`, `last_name`, `birth_date`, `country`, `city`, `status`, `created_at`, `updated_at`) VALUES (61, 61, 'Jamey', 'Cole', '2000-10-21', '', 'North Vita', 'OFFLINE', '2018-08-27 14:29:55', '1974-04-13 03:00:00');
INSERT INTO `profiles` (`id`, `user_id`, `first_name`, `last_name`, `birth_date`, `country`, `city`, `status`, `created_at`, `updated_at`) VALUES (62, 62, 'Gilberto', 'Kautzer', '1987-11-30', '2', 'Schultztown', 'OFFLINE', '1974-09-29 13:02:42', '2002-12-02 18:00:23');
INSERT INTO `profiles` (`id`, `user_id`, `first_name`, `last_name`, `birth_date`, `country`, `city`, `status`, `created_at`, `updated_at`) VALUES (63, 63, 'Brenda', 'Heathcote', '1974-02-11', '596830', 'West Martinamouth', 'INACTIVE', '1984-01-31 11:48:58', '2017-11-09 14:15:35');
INSERT INTO `profiles` (`id`, `user_id`, `first_name`, `last_name`, `birth_date`, `country`, `city`, `status`, `created_at`, `updated_at`) VALUES (64, 64, 'Ashly', 'Hilll', '2019-05-21', '67596993', 'West Jaylan', 'ONLINE', '2017-09-29 03:14:17', '2004-03-09 16:38:39');
INSERT INTO `profiles` (`id`, `user_id`, `first_name`, `last_name`, `birth_date`, `country`, `city`, `status`, `created_at`, `updated_at`) VALUES (65, 65, 'Shanna', 'Dietrich', '1985-10-03', '8808443', 'Casandraside', 'INACTIVE', '2004-10-15 12:29:27', '2010-02-05 03:00:11');
INSERT INTO `profiles` (`id`, `user_id`, `first_name`, `last_name`, `birth_date`, `country`, `city`, `status`, `created_at`, `updated_at`) VALUES (66, 66, 'Tomasa', 'Koch', '2005-01-20', '4581', 'South Webster', 'INACTIVE', '1989-05-02 04:27:34', '2007-04-27 15:32:41');
INSERT INTO `profiles` (`id`, `user_id`, `first_name`, `last_name`, `birth_date`, `country`, `city`, `status`, `created_at`, `updated_at`) VALUES (67, 67, 'Antonio', 'Schumm', '1998-12-21', '5699', 'Graciemouth', 'OFFLINE', '1977-03-15 05:13:34', '1984-06-22 04:12:56');
INSERT INTO `profiles` (`id`, `user_id`, `first_name`, `last_name`, `birth_date`, `country`, `city`, `status`, `created_at`, `updated_at`) VALUES (68, 68, 'Rodger', 'Sawayn', '1994-08-15', '9', 'Lesterstad', 'OFFLINE', '1992-08-31 03:14:44', '1975-09-22 21:07:34');
INSERT INTO `profiles` (`id`, `user_id`, `first_name`, `last_name`, `birth_date`, `country`, `city`, `status`, `created_at`, `updated_at`) VALUES (69, 69, 'Izabella', 'Koch', '1993-05-07', '241', 'North Maeganhaven', 'ONLINE', '2002-05-01 21:52:22', '1976-10-19 15:18:35');
INSERT INTO `profiles` (`id`, `user_id`, `first_name`, `last_name`, `birth_date`, `country`, `city`, `status`, `created_at`, `updated_at`) VALUES (70, 70, 'Susie', 'Okuneva', '1972-06-06', '77', 'Schimmelburgh', 'OFFLINE', '1982-12-10 10:34:40', '1997-08-26 18:28:23');
INSERT INTO `profiles` (`id`, `user_id`, `first_name`, `last_name`, `birth_date`, `country`, `city`, `status`, `created_at`, `updated_at`) VALUES (71, 71, 'Owen', 'Bechtelar', '1994-08-29', '609416', 'Garnetttown', 'OFFLINE', '1997-04-24 15:20:28', '2006-10-14 17:37:03');
INSERT INTO `profiles` (`id`, `user_id`, `first_name`, `last_name`, `birth_date`, `country`, `city`, `status`, `created_at`, `updated_at`) VALUES (72, 72, 'Taylor', 'Armstrong', '1992-02-08', '782', 'North Forrestchester', 'INACTIVE', '2017-12-15 04:19:54', '2004-11-20 01:06:45');
INSERT INTO `profiles` (`id`, `user_id`, `first_name`, `last_name`, `birth_date`, `country`, `city`, `status`, `created_at`, `updated_at`) VALUES (73, 73, 'Malinda', 'Crona', '1980-01-18', '859', 'VonRuedenport', 'ONLINE', '1973-11-12 02:22:46', '2018-08-19 19:40:16');
INSERT INTO `profiles` (`id`, `user_id`, `first_name`, `last_name`, `birth_date`, `country`, `city`, `status`, `created_at`, `updated_at`) VALUES (74, 74, 'Tracey', 'Howe', '1992-08-17', '391178', 'Myrafurt', 'OFFLINE', '2009-09-20 15:48:06', '2008-11-09 13:45:46');
INSERT INTO `profiles` (`id`, `user_id`, `first_name`, `last_name`, `birth_date`, `country`, `city`, `status`, `created_at`, `updated_at`) VALUES (75, 75, 'Rossie', 'Hackett', '2014-01-09', '2433', 'Lake Mohammed', 'ONLINE', '1978-01-08 19:54:23', '1996-03-07 21:38:45');
INSERT INTO `profiles` (`id`, `user_id`, `first_name`, `last_name`, `birth_date`, `country`, `city`, `status`, `created_at`, `updated_at`) VALUES (76, 76, 'Winona', 'Johnston', '1991-05-29', '411761', 'Lake Aryannachester', 'ONLINE', '1973-11-06 13:49:22', '2019-03-11 11:57:11');
INSERT INTO `profiles` (`id`, `user_id`, `first_name`, `last_name`, `birth_date`, `country`, `city`, `status`, `created_at`, `updated_at`) VALUES (77, 77, 'Carmen', 'Veum', '2008-03-11', '5', 'West Erinville', 'INACTIVE', '1971-08-05 06:19:16', '2013-09-07 15:00:11');
INSERT INTO `profiles` (`id`, `user_id`, `first_name`, `last_name`, `birth_date`, `country`, `city`, `status`, `created_at`, `updated_at`) VALUES (78, 78, 'Ivory', 'Rau', '1989-06-12', '722990', 'Mohrton', 'ONLINE', '1983-12-18 18:35:19', '2010-05-13 01:53:13');
INSERT INTO `profiles` (`id`, `user_id`, `first_name`, `last_name`, `birth_date`, `country`, `city`, `status`, `created_at`, `updated_at`) VALUES (79, 79, 'Quincy', 'Kemmer', '1971-10-21', '618', 'East Coraborough', 'ONLINE', '2014-10-26 15:32:14', '1976-11-21 18:46:43');
INSERT INTO `profiles` (`id`, `user_id`, `first_name`, `last_name`, `birth_date`, `country`, `city`, `status`, `created_at`, `updated_at`) VALUES (80, 80, 'Edwina', 'Langworth', '2009-05-04', '68179243', 'West Kadeshire', 'INACTIVE', '1982-12-04 10:41:10', '1981-01-04 17:59:03');
INSERT INTO `profiles` (`id`, `user_id`, `first_name`, `last_name`, `birth_date`, `country`, `city`, `status`, `created_at`, `updated_at`) VALUES (81, 81, 'Donna', 'Swift', '1995-03-31', '3772', 'Mannfurt', 'OFFLINE', '1975-02-18 21:03:27', '1996-06-18 10:07:20');
INSERT INTO `profiles` (`id`, `user_id`, `first_name`, `last_name`, `birth_date`, `country`, `city`, `status`, `created_at`, `updated_at`) VALUES (82, 82, 'Maggie', 'Cruickshank', '1991-10-06', '17816', 'Lake Retha', 'OFFLINE', '1993-02-26 09:12:54', '1987-10-14 06:32:03');
INSERT INTO `profiles` (`id`, `user_id`, `first_name`, `last_name`, `birth_date`, `country`, `city`, `status`, `created_at`, `updated_at`) VALUES (83, 83, 'Jared', 'Weissnat', '1988-11-25', '', 'New Maxine', 'INACTIVE', '1988-11-21 09:55:15', '1997-03-10 02:42:14');
INSERT INTO `profiles` (`id`, `user_id`, `first_name`, `last_name`, `birth_date`, `country`, `city`, `status`, `created_at`, `updated_at`) VALUES (84, 84, 'Russel', 'Weissnat', '1981-05-14', '', 'South Lempifort', 'OFFLINE', '1979-05-27 02:22:32', '1976-09-12 17:39:32');
INSERT INTO `profiles` (`id`, `user_id`, `first_name`, `last_name`, `birth_date`, `country`, `city`, `status`, `created_at`, `updated_at`) VALUES (85, 85, 'Amelie', 'Ebert', '2008-08-07', '73048', 'West Paxtonburgh', 'OFFLINE', '2009-07-01 00:52:19', '1979-07-21 20:34:51');
INSERT INTO `profiles` (`id`, `user_id`, `first_name`, `last_name`, `birth_date`, `country`, `city`, `status`, `created_at`, `updated_at`) VALUES (86, 86, 'Ewell', 'Muller', '1979-04-07', '5', 'Port Matteo', 'OFFLINE', '1993-01-27 21:46:46', '1989-04-22 20:20:58');
INSERT INTO `profiles` (`id`, `user_id`, `first_name`, `last_name`, `birth_date`, `country`, `city`, `status`, `created_at`, `updated_at`) VALUES (87, 87, 'Junior', 'Blanda', '2007-12-10', '47786256', 'South Christinachester', 'INACTIVE', '1994-12-12 17:59:52', '1987-04-19 01:58:57');
INSERT INTO `profiles` (`id`, `user_id`, `first_name`, `last_name`, `birth_date`, `country`, `city`, `status`, `created_at`, `updated_at`) VALUES (88, 88, 'Trey', 'Hartmann', '1972-06-09', '19', 'Daronview', 'INACTIVE', '1988-11-22 14:13:16', '2011-05-05 04:56:48');
INSERT INTO `profiles` (`id`, `user_id`, `first_name`, `last_name`, `birth_date`, `country`, `city`, `status`, `created_at`, `updated_at`) VALUES (89, 89, 'Brennon', 'Volkman', '1971-09-15', '201928', 'Rafaelaville', 'INACTIVE', '2007-07-22 16:53:26', '1981-12-05 10:27:15');
INSERT INTO `profiles` (`id`, `user_id`, `first_name`, `last_name`, `birth_date`, `country`, `city`, `status`, `created_at`, `updated_at`) VALUES (90, 90, 'Jack', 'Halvorson', '1997-10-01', '', 'West Emmanuelberg', 'ONLINE', '1985-06-13 15:37:21', '2018-09-22 17:10:32');
INSERT INTO `profiles` (`id`, `user_id`, `first_name`, `last_name`, `birth_date`, `country`, `city`, `status`, `created_at`, `updated_at`) VALUES (91, 91, 'Fay', 'Hagenes', '2003-11-27', '809430', 'Lake Clara', 'INACTIVE', '2019-09-18 05:55:20', '2006-03-07 18:00:27');
INSERT INTO `profiles` (`id`, `user_id`, `first_name`, `last_name`, `birth_date`, `country`, `city`, `status`, `created_at`, `updated_at`) VALUES (92, 92, 'Skylar', 'Kunze', '1982-04-22', '876', 'West Alta', 'INACTIVE', '1983-03-10 20:11:10', '1998-07-30 23:16:11');
INSERT INTO `profiles` (`id`, `user_id`, `first_name`, `last_name`, `birth_date`, `country`, `city`, `status`, `created_at`, `updated_at`) VALUES (93, 93, 'Breanna', 'Williamson', '2012-08-11', '955931', 'East Claudie', 'ONLINE', '2011-06-25 11:38:42', '1997-02-26 23:59:28');
INSERT INTO `profiles` (`id`, `user_id`, `first_name`, `last_name`, `birth_date`, `country`, `city`, `status`, `created_at`, `updated_at`) VALUES (94, 94, 'Annetta', 'Gibson', '2018-06-25', '386217', 'Maudebury', 'ONLINE', '1971-03-31 22:42:44', '1993-12-20 05:33:02');
INSERT INTO `profiles` (`id`, `user_id`, `first_name`, `last_name`, `birth_date`, `country`, `city`, `status`, `created_at`, `updated_at`) VALUES (95, 95, 'Lonny', 'Schamberger', '1985-10-21', '811', 'Darehaven', 'ONLINE', '1987-04-26 06:39:42', '1997-08-07 03:47:20');
INSERT INTO `profiles` (`id`, `user_id`, `first_name`, `last_name`, `birth_date`, `country`, `city`, `status`, `created_at`, `updated_at`) VALUES (96, 96, 'Julio', 'Kuvalis', '1999-01-10', '166', 'New Priscillabury', 'INACTIVE', '1997-10-01 03:31:07', '1970-07-20 11:30:26');
INSERT INTO `profiles` (`id`, `user_id`, `first_name`, `last_name`, `birth_date`, `country`, `city`, `status`, `created_at`, `updated_at`) VALUES (97, 97, 'Hermina', 'Rippin', '1996-12-13', '964904', 'Alizeland', 'ONLINE', '2012-11-27 18:11:22', '2015-01-12 15:09:13');
INSERT INTO `profiles` (`id`, `user_id`, `first_name`, `last_name`, `birth_date`, `country`, `city`, `status`, `created_at`, `updated_at`) VALUES (98, 98, 'Oswald', 'Wehner', '2018-07-17', '', 'Billview', 'INACTIVE', '1972-10-27 22:26:09', '1982-07-15 05:18:49');
INSERT INTO `profiles` (`id`, `user_id`, `first_name`, `last_name`, `birth_date`, `country`, `city`, `status`, `created_at`, `updated_at`) VALUES (99, 99, 'Nyah', 'Kautzer', '2007-08-14', '5', 'Skilesfort', 'ONLINE', '1997-07-05 00:53:28', '1980-07-29 03:07:43');
INSERT INTO `profiles` (`id`, `user_id`, `first_name`, `last_name`, `birth_date`, `country`, `city`, `status`, `created_at`, `updated_at`) VALUES (100, 100, 'Ryleigh', 'Schuster', '2008-03-13', '934', 'Port Vernie', 'ONLINE', '2014-06-28 05:31:27', '2008-11-19 10:50:17');

#
# TABLE STRUCTURE FOR: messages
#

INSERT INTO `messages` (`id`, `from_user_id`, `to_user_id`, `message_header`, `message_body`, `is_delivered`, `was_edited`, `created_at`, `updated_at`) VALUES (1, 1, 1, 'Odio illum voluptatibus ea totam eius iusto. Perspiciatis placeat velit pariatur voluptas. Provident perferendis qui aliquam vel non impedit sunt.', 'Fugit ducimus quis nulla repellendus. Et qui impedit nemo delectus et. Ea quos nulla autem molestiae et voluptatem quod aliquam. Perferendis sunt officiis deserunt tenetur.', 1, 0, '2015-06-29 11:11:15', '1973-05-13 22:08:31');
INSERT INTO `messages` (`id`, `from_user_id`, `to_user_id`, `message_header`, `message_body`, `is_delivered`, `was_edited`, `created_at`, `updated_at`) VALUES (2, 2, 2, 'Quisquam eligendi totam at. Repellendus aspernatur delectus expedita optio ullam. Animi necessitatibus quo sapiente.', 'Rerum quod est ipsam et. Minima asperiores et qui sit dolorum.', 0, 0, '2000-11-13 10:19:00', '2012-05-13 21:48:51');
INSERT INTO `messages` (`id`, `from_user_id`, `to_user_id`, `message_header`, `message_body`, `is_delivered`, `was_edited`, `created_at`, `updated_at`) VALUES (3, 3, 3, 'Suscipit sit debitis dignissimos sed consequatur. Perspiciatis qui rem dolor ad accusantium eos ut. Sit at est fuga.', 'Delectus dolorem voluptatem dolores ea ab illum. Quisquam rerum quia quia necessitatibus commodi voluptatem. Laudantium officiis quia nemo. Qui voluptatem expedita quaerat qui sit et necessitatibus. Sapiente asperiores perspiciatis a dolor.', 0, 0, '1996-07-31 07:32:24', '1998-03-08 19:00:35');
INSERT INTO `messages` (`id`, `from_user_id`, `to_user_id`, `message_header`, `message_body`, `is_delivered`, `was_edited`, `created_at`, `updated_at`) VALUES (4, 4, 4, 'Aut ipsam in explicabo atque asperiores omnis. Quibusdam quod enim doloribus est nulla. Ut vero soluta error illum sunt nisi omnis.', 'Beatae ratione doloremque voluptatum. Sint voluptas iste minus itaque ullam.', 0, 0, '2006-12-23 17:14:21', '1999-10-25 20:12:43');
INSERT INTO `messages` (`id`, `from_user_id`, `to_user_id`, `message_header`, `message_body`, `is_delivered`, `was_edited`, `created_at`, `updated_at`) VALUES (5, 5, 5, 'Impedit cum dolor eos dolorem. Laudantium dolor saepe et sunt. Nemo est animi est nostrum eos vel qui excepturi.', 'Voluptatem non modi eos necessitatibus voluptas numquam in consequatur. Saepe voluptates possimus qui eveniet quod. Omnis veritatis in voluptatibus distinctio ipsa.', 1, 0, '2011-08-04 09:05:53', '2004-07-02 02:09:59');
INSERT INTO `messages` (`id`, `from_user_id`, `to_user_id`, `message_header`, `message_body`, `is_delivered`, `was_edited`, `created_at`, `updated_at`) VALUES (6, 6, 6, 'Nisi nulla cupiditate nesciunt veritatis quasi. Maiores optio odio inventore hic illo facilis.', 'Et autem voluptas alias doloremque nostrum. Repellat a temporibus ab minus. Autem sit qui odit minus quo. Voluptates eveniet ut aut optio ut sunt quia amet.', 1, 0, '2003-11-01 20:40:53', '1977-07-15 10:41:32');
INSERT INTO `messages` (`id`, `from_user_id`, `to_user_id`, `message_header`, `message_body`, `is_delivered`, `was_edited`, `created_at`, `updated_at`) VALUES (7, 7, 7, 'Et explicabo eum non recusandae eligendi a. Quae eius magni natus iste ut perspiciatis quibusdam. Omnis autem excepturi qui non vitae.', 'Cupiditate nulla quam sunt quam maiores. Voluptatum deserunt molestiae voluptas. Veniam tempore voluptas et facilis aut. Enim a rerum libero esse temporibus eum molestiae.', 0, 0, '2013-05-30 05:50:13', '1992-03-11 19:28:07');
INSERT INTO `messages` (`id`, `from_user_id`, `to_user_id`, `message_header`, `message_body`, `is_delivered`, `was_edited`, `created_at`, `updated_at`) VALUES (8, 8, 8, 'Deserunt non est velit tempora vel. In a ut nemo rerum sunt. Eius dicta molestiae quod in.', 'Omnis est non corporis omnis qui. Odio praesentium quo sunt aut quaerat perferendis voluptatum. Assumenda quis ipsa eius. Ut nulla animi non et.', 1, 0, '2000-09-05 22:02:37', '2017-03-18 03:25:47');
INSERT INTO `messages` (`id`, `from_user_id`, `to_user_id`, `message_header`, `message_body`, `is_delivered`, `was_edited`, `created_at`, `updated_at`) VALUES (9, 9, 9, 'Iure exercitationem iste fuga non perspiciatis sit assumenda. Magnam molestias quis rerum perspiciatis sint. Porro dolore aut at est ratione.', 'Excepturi quia maxime est saepe. Accusamus illo et explicabo consequatur aut autem earum aliquam. Velit vitae optio excepturi cumque. Rerum tempora ipsum id consectetur unde.', 0, 0, '1988-03-20 12:45:10', '1986-08-13 09:10:00');
INSERT INTO `messages` (`id`, `from_user_id`, `to_user_id`, `message_header`, `message_body`, `is_delivered`, `was_edited`, `created_at`, `updated_at`) VALUES (10, 10, 10, 'Et harum laboriosam praesentium qui quas. Aut aut laudantium corporis repudiandae ipsam eius illo ipsum. Non ducimus quas molestiae saepe delectus similique repellendus. Sapiente aperiam blanditiis eum.', 'Sit ab et maxime. Magni a nesciunt et harum. Consequatur aut tempore expedita.', 1, 0, '1997-09-28 09:57:52', '1987-12-16 17:06:48');
INSERT INTO `messages` (`id`, `from_user_id`, `to_user_id`, `message_header`, `message_body`, `is_delivered`, `was_edited`, `created_at`, `updated_at`) VALUES (11, 11, 11, 'Necessitatibus non alias aliquam veniam rerum alias pariatur et. Qui dolore voluptatem et omnis quia totam. Laboriosam maiores voluptate et quibusdam.', 'Laboriosam soluta maxime doloribus expedita enim sunt. A assumenda recusandae minus autem unde non est. Aut pariatur quis et atque sed et dignissimos.', 0, 0, '1981-06-02 12:47:24', '2016-08-12 06:49:41');
INSERT INTO `messages` (`id`, `from_user_id`, `to_user_id`, `message_header`, `message_body`, `is_delivered`, `was_edited`, `created_at`, `updated_at`) VALUES (12, 12, 12, 'Sed amet ut illo illum alias ipsum eveniet. Adipisci et ut fuga qui sequi vitae temporibus consequuntur. Fuga iusto qui aut reiciendis quo. Dolore eius consequuntur est quibusdam ullam molestias laudantium.', 'Pariatur sequi omnis consequatur odit. Dicta voluptatem est dolorem.', 0, 0, '1998-06-12 22:29:08', '1993-09-25 07:47:42');
INSERT INTO `messages` (`id`, `from_user_id`, `to_user_id`, `message_header`, `message_body`, `is_delivered`, `was_edited`, `created_at`, `updated_at`) VALUES (13, 13, 13, 'Dolorem porro perferendis cum rem rerum beatae. Sequi recusandae esse aut non culpa. Iure velit vitae ducimus est mollitia dolores ut. Molestiae aliquid quam modi ipsam.', 'Quia molestiae qui eligendi quis modi ut et officia. Aspernatur earum voluptas sint delectus possimus soluta et. Magnam officia cum et saepe.', 0, 0, '2004-05-08 12:19:54', '1973-12-02 07:41:50');
INSERT INTO `messages` (`id`, `from_user_id`, `to_user_id`, `message_header`, `message_body`, `is_delivered`, `was_edited`, `created_at`, `updated_at`) VALUES (14, 14, 14, 'Voluptatem non necessitatibus est eligendi quaerat sunt. Explicabo aliquam voluptatum dolorum sed. Inventore repudiandae ipsa est minus ut veritatis at magnam. Sequi exercitationem blanditiis et voluptatem quo.', 'Eaque magnam vel aliquam. Occaecati quia est nam nihil id.', 1, 0, '1979-06-04 17:59:09', '2020-08-23 03:05:02');
INSERT INTO `messages` (`id`, `from_user_id`, `to_user_id`, `message_header`, `message_body`, `is_delivered`, `was_edited`, `created_at`, `updated_at`) VALUES (15, 15, 15, 'Reiciendis harum et minima nulla doloremque et ea. Illum sed esse inventore eum dolor officia ut. Porro corrupti quidem molestias consequatur aut veniam rerum.', 'Aspernatur quia ea consequatur quisquam possimus tenetur. Odit est at exercitationem voluptatibus. Quibusdam repellat et labore ut illo provident rerum. Odio est eos nihil labore qui.', 0, 0, '2000-03-21 06:44:47', '2012-03-10 00:02:34');
INSERT INTO `messages` (`id`, `from_user_id`, `to_user_id`, `message_header`, `message_body`, `is_delivered`, `was_edited`, `created_at`, `updated_at`) VALUES (16, 16, 16, 'Quisquam quae enim vero eligendi. In eos laudantium quae voluptate blanditiis odit qui. Ex fugit sint qui quas reprehenderit officia.', 'Est alias non ut veniam non officiis id. Sit ex cum maiores adipisci ad. Sit ullam eos tenetur ex esse.', 0, 0, '2015-01-24 19:44:43', '2009-12-10 02:19:29');
INSERT INTO `messages` (`id`, `from_user_id`, `to_user_id`, `message_header`, `message_body`, `is_delivered`, `was_edited`, `created_at`, `updated_at`) VALUES (17, 17, 17, 'Fugiat doloremque doloribus molestias beatae. Ullam est omnis alias dolores est et.', 'Iste aspernatur consequatur rerum id neque iste eius eum. Mollitia autem velit eaque quae qui. Ut excepturi quod quasi et tempora corporis. Quasi a laudantium labore nam tempore ex. Est optio et laudantium dolorum eos.', 1, 0, '2017-08-19 08:27:28', '1974-02-24 00:01:08');
INSERT INTO `messages` (`id`, `from_user_id`, `to_user_id`, `message_header`, `message_body`, `is_delivered`, `was_edited`, `created_at`, `updated_at`) VALUES (18, 18, 18, 'Id asperiores est incidunt id. Excepturi soluta placeat perferendis alias facere et. Sapiente est non voluptatem et est. Possimus deleniti quia sunt aperiam libero voluptas.', 'Doloremque consequuntur est esse ipsam qui. Voluptatem suscipit fuga quam et sint assumenda. Unde qui aliquam dolorum beatae impedit sequi omnis.', 1, 0, '2001-03-30 08:34:00', '2010-03-29 01:57:09');
INSERT INTO `messages` (`id`, `from_user_id`, `to_user_id`, `message_header`, `message_body`, `is_delivered`, `was_edited`, `created_at`, `updated_at`) VALUES (19, 19, 19, 'Ad quidem ducimus voluptatem dolor quo aperiam saepe. Dolor ducimus voluptatibus sit perspiciatis.', 'Consequatur perspiciatis totam aliquam praesentium illum et quia voluptatem. Sed nostrum dolorem consectetur consequatur. Saepe soluta qui mollitia ullam sed voluptatem consequatur. Et illum provident et ut non suscipit.', 0, 0, '1971-04-27 18:13:19', '2003-10-22 20:54:49');
INSERT INTO `messages` (`id`, `from_user_id`, `to_user_id`, `message_header`, `message_body`, `is_delivered`, `was_edited`, `created_at`, `updated_at`) VALUES (20, 20, 20, 'Odit aut libero iusto quia animi eius soluta. Dolore sequi a saepe. Autem repellendus quia consequuntur aut possimus. Delectus architecto itaque occaecati ullam.', 'Quos alias inventore provident est. Tenetur officiis maxime rerum quas recusandae ut mollitia dolore. Fugit nobis ducimus et sed ut nemo beatae. Commodi ut iste aut provident.', 1, 0, '1983-11-20 07:36:35', '2020-11-03 21:27:55');
INSERT INTO `messages` (`id`, `from_user_id`, `to_user_id`, `message_header`, `message_body`, `is_delivered`, `was_edited`, `created_at`, `updated_at`) VALUES (21, 21, 21, 'Deserunt voluptatum sit esse consequuntur. Consequatur quae impedit ab cum voluptatibus. Rerum asperiores dolores non.', 'Est quia magnam ut vitae. Dolore dolore quo perspiciatis adipisci quia consequatur. Quaerat nihil consequatur totam pariatur amet excepturi distinctio.', 1, 0, '2018-05-05 00:51:23', '2021-05-20 13:54:58');
INSERT INTO `messages` (`id`, `from_user_id`, `to_user_id`, `message_header`, `message_body`, `is_delivered`, `was_edited`, `created_at`, `updated_at`) VALUES (22, 22, 22, 'Itaque aperiam assumenda velit. Et corrupti ut nihil mollitia numquam. Doloribus fugit nemo ut ad saepe.', 'Fugiat qui est praesentium vero. In voluptatem autem alias temporibus sequi ad maxime commodi. Hic itaque exercitationem voluptatem expedita.', 0, 0, '2002-06-14 06:35:45', '2010-07-25 16:40:48');
INSERT INTO `messages` (`id`, `from_user_id`, `to_user_id`, `message_header`, `message_body`, `is_delivered`, `was_edited`, `created_at`, `updated_at`) VALUES (23, 23, 23, 'Et quasi et quia ducimus earum. Excepturi quo autem mollitia sapiente.', 'Earum facilis unde aut eius vel possimus voluptas et. Quia cum minus maxime et doloribus et.', 0, 0, '1980-07-27 16:06:06', '1980-06-23 11:15:51');
INSERT INTO `messages` (`id`, `from_user_id`, `to_user_id`, `message_header`, `message_body`, `is_delivered`, `was_edited`, `created_at`, `updated_at`) VALUES (24, 24, 24, 'Est laudantium optio numquam voluptatibus. Consectetur qui eos qui. Eius voluptate dolor accusamus nisi consequatur veniam vitae.', 'Voluptatum et quaerat soluta earum numquam sit molestiae. Est natus eveniet asperiores est tempore quibusdam sit et. Minus quis omnis maiores et possimus sit. Enim veritatis dicta saepe ex quisquam adipisci exercitationem eligendi.', 0, 0, '2009-12-26 16:41:33', '1971-11-21 01:29:03');
INSERT INTO `messages` (`id`, `from_user_id`, `to_user_id`, `message_header`, `message_body`, `is_delivered`, `was_edited`, `created_at`, `updated_at`) VALUES (25, 25, 25, 'Rerum nobis reiciendis voluptas eligendi maxime voluptas. Provident eum ullam sint veritatis consequatur dolorem dolorem. Sed ex cum laboriosam vel sed enim sit.', 'Voluptatem autem sapiente quisquam sed. Ut est omnis sequi ad. Rerum illum vitae cum voluptatem.', 0, 0, '1996-01-31 12:14:44', '1977-06-01 21:36:35');
INSERT INTO `messages` (`id`, `from_user_id`, `to_user_id`, `message_header`, `message_body`, `is_delivered`, `was_edited`, `created_at`, `updated_at`) VALUES (26, 26, 26, 'Sed placeat voluptatibus rem sint sed voluptatibus est. Est repellendus incidunt quia eius quos sunt voluptatem. At modi ea perspiciatis a sunt earum ratione. Pariatur nam totam quia praesentium consequatur iure.', 'Minima quod excepturi dolorem aut error. Ad ad harum in sit. Voluptas corrupti aut magnam. Qui quia sequi sed hic quia iusto qui.', 0, 0, '2015-11-21 07:07:36', '1989-09-26 05:42:41');
INSERT INTO `messages` (`id`, `from_user_id`, `to_user_id`, `message_header`, `message_body`, `is_delivered`, `was_edited`, `created_at`, `updated_at`) VALUES (27, 27, 27, 'Eaque optio aperiam praesentium. Consequatur voluptatem dolor ipsa totam ipsam aut maxime. Aut possimus nam autem ad.', 'Et dolorem totam earum blanditiis quidem voluptatum. Eius nam delectus laborum ea sit voluptatum. Dolorem in aut aperiam. Et neque et excepturi quia fuga ullam.', 1, 0, '1995-11-10 16:54:53', '2016-10-06 15:25:57');
INSERT INTO `messages` (`id`, `from_user_id`, `to_user_id`, `message_header`, `message_body`, `is_delivered`, `was_edited`, `created_at`, `updated_at`) VALUES (28, 28, 28, 'Est eveniet qui et hic. Quibusdam maiores molestiae autem corrupti ut sint aut molestias. Non consequatur optio possimus sint esse unde. Asperiores nobis excepturi qui iste numquam quae.', 'Et facilis impedit perspiciatis earum placeat laborum. Laboriosam libero et totam in consequatur pariatur. Ut enim laudantium ipsa vel dolorem voluptatem. Labore incidunt nisi quia excepturi. Et et voluptas iusto.', 0, 0, '2010-01-07 01:06:09', '1993-11-27 02:04:33');
INSERT INTO `messages` (`id`, `from_user_id`, `to_user_id`, `message_header`, `message_body`, `is_delivered`, `was_edited`, `created_at`, `updated_at`) VALUES (29, 29, 29, 'Voluptates cum qui vitae aut dicta. Eius explicabo laudantium dolorem officiis esse ut. Laborum nam qui enim fuga hic aperiam accusantium. Amet unde vero blanditiis recusandae ut.', 'Nam aut odit repellat voluptates. Ab voluptatem distinctio cumque magni. Omnis voluptatem vitae reprehenderit eum qui. Autem mollitia eos et velit. Enim exercitationem in atque error incidunt.', 0, 0, '1997-05-17 06:47:10', '2010-03-30 02:08:38');
INSERT INTO `messages` (`id`, `from_user_id`, `to_user_id`, `message_header`, `message_body`, `is_delivered`, `was_edited`, `created_at`, `updated_at`) VALUES (30, 30, 30, 'Esse soluta nihil culpa non. Ut consequatur praesentium neque quo. Non facilis eveniet autem. Voluptas quia labore ad temporibus. Eaque id ipsa beatae nobis.', 'In quam ut rerum quibusdam. Ut et repellat est distinctio quos.', 1, 0, '1999-11-17 10:10:20', '2012-12-22 22:18:42');
INSERT INTO `messages` (`id`, `from_user_id`, `to_user_id`, `message_header`, `message_body`, `is_delivered`, `was_edited`, `created_at`, `updated_at`) VALUES (31, 31, 31, 'Illum voluptas debitis ut et deleniti. Quos ut unde soluta sit distinctio pariatur. Provident voluptas aliquid inventore. Tempora aut sint esse.', 'Magni error quibusdam cupiditate minus quis sed. Aut possimus velit quas dolorum omnis ex est. Id iure iste autem laborum deleniti. Sed sit dolor molestias facilis voluptatum voluptatum totam. Iure est totam sit ex repellat animi.', 0, 0, '2005-02-10 18:14:54', '1990-04-29 14:05:54');
INSERT INTO `messages` (`id`, `from_user_id`, `to_user_id`, `message_header`, `message_body`, `is_delivered`, `was_edited`, `created_at`, `updated_at`) VALUES (32, 32, 32, 'Molestias totam nulla delectus. Eaque ducimus ipsum at et dolor. Similique molestiae in dicta rerum ut omnis. Soluta corrupti quo enim molestiae omnis ipsa deserunt aut.', 'Ex facilis consectetur ab vel eos. Aut sunt nisi non rerum animi. Quia magni maxime reprehenderit voluptates eum.', 0, 0, '1989-05-11 23:11:39', '2005-08-29 17:22:58');
INSERT INTO `messages` (`id`, `from_user_id`, `to_user_id`, `message_header`, `message_body`, `is_delivered`, `was_edited`, `created_at`, `updated_at`) VALUES (33, 33, 33, 'Eveniet est odio mollitia cupiditate harum qui sit praesentium. Et omnis non repudiandae aut nam natus. Sed et dolor atque ab dicta. Qui est excepturi officiis aut quam tempora ullam.', 'Sed voluptas voluptatem qui. Qui deserunt id perspiciatis earum. Dolore qui earum eius voluptatum dignissimos eaque cupiditate. Quia sequi doloremque quis distinctio illum.', 1, 0, '2018-03-27 22:30:09', '1970-07-20 05:55:30');
INSERT INTO `messages` (`id`, `from_user_id`, `to_user_id`, `message_header`, `message_body`, `is_delivered`, `was_edited`, `created_at`, `updated_at`) VALUES (34, 34, 34, 'Nihil reiciendis aut odio eum. Odio molestias quos consequatur.', 'Quibusdam nemo et consequuntur qui. Voluptate optio et vel dolores quibusdam corrupti. Ea aut exercitationem voluptas impedit maiores sint. Quod doloribus molestiae inventore quo qui non vero quia.', 1, 0, '1990-10-28 17:49:20', '1971-04-02 02:04:10');
INSERT INTO `messages` (`id`, `from_user_id`, `to_user_id`, `message_header`, `message_body`, `is_delivered`, `was_edited`, `created_at`, `updated_at`) VALUES (35, 35, 35, 'Maiores cumque ut neque est consequatur reprehenderit quis sint. Laborum veniam nobis explicabo qui qui omnis.', 'Aut nostrum accusantium labore voluptas. Aut et voluptatem reprehenderit. Aut ut quas amet ea. Molestias qui ratione esse.', 0, 0, '1986-08-09 00:21:03', '2005-03-09 16:14:40');
INSERT INTO `messages` (`id`, `from_user_id`, `to_user_id`, `message_header`, `message_body`, `is_delivered`, `was_edited`, `created_at`, `updated_at`) VALUES (36, 36, 36, 'Occaecati nostrum praesentium omnis non sit amet facilis. Cum placeat delectus ut consequuntur officia ut.', 'Doloremque tempora repellat et saepe hic est aut. Ut molestias et id et.', 1, 0, '1998-02-11 04:18:29', '1995-12-16 09:01:55');
INSERT INTO `messages` (`id`, `from_user_id`, `to_user_id`, `message_header`, `message_body`, `is_delivered`, `was_edited`, `created_at`, `updated_at`) VALUES (37, 37, 37, 'Aut consequatur omnis iste dolore ducimus. Qui omnis sit sit doloremque sit nam soluta. Aut magni reprehenderit illo. Et non quaerat et sint excepturi excepturi. Ipsam tempore earum porro consequatur nam et esse.', 'Voluptas nobis aut ducimus sint nesciunt. Qui asperiores corrupti fuga nesciunt. Est ipsum doloremque mollitia sint qui consequatur.', 1, 0, '2008-05-13 01:29:50', '2018-08-22 02:26:17');
INSERT INTO `messages` (`id`, `from_user_id`, `to_user_id`, `message_header`, `message_body`, `is_delivered`, `was_edited`, `created_at`, `updated_at`) VALUES (38, 38, 38, 'Voluptatem dolor rem dolores ipsum. Laborum quidem illum culpa deserunt accusantium optio et. Unde similique ut rerum est.', 'Ducimus officiis laborum minima tempore velit occaecati. Qui perferendis nemo rerum harum asperiores laborum quisquam. Inventore ut aut corrupti voluptas earum consequatur. Occaecati voluptate quis exercitationem voluptates.', 1, 0, '2014-01-06 01:53:42', '1996-10-13 17:23:19');
INSERT INTO `messages` (`id`, `from_user_id`, `to_user_id`, `message_header`, `message_body`, `is_delivered`, `was_edited`, `created_at`, `updated_at`) VALUES (39, 39, 39, 'Esse autem voluptatem in quas veritatis aut quaerat. Aliquid pariatur sunt sit. Quas tempore libero facere et.', 'Consequatur aspernatur id quo molestias molestiae quia. Iusto a ipsa accusamus necessitatibus rerum ipsa. Doloremque numquam nam modi consequatur iste aut natus. Deserunt iure omnis doloribus itaque. Nihil sit exercitationem saepe.', 0, 0, '1990-03-18 13:13:41', '2020-07-08 10:10:53');
INSERT INTO `messages` (`id`, `from_user_id`, `to_user_id`, `message_header`, `message_body`, `is_delivered`, `was_edited`, `created_at`, `updated_at`) VALUES (40, 40, 40, 'Non rerum enim quis dolorem harum voluptatibus commodi voluptate. Porro cupiditate tempora et voluptas at. Hic rerum rem est et vel rerum.', 'Et consequatur soluta sit dolores veniam consequatur et. Pariatur a dolorem est autem ipsum aut. Vel a praesentium repudiandae quo.', 1, 0, '2011-01-23 22:44:46', '1974-12-01 11:50:33');
INSERT INTO `messages` (`id`, `from_user_id`, `to_user_id`, `message_header`, `message_body`, `is_delivered`, `was_edited`, `created_at`, `updated_at`) VALUES (41, 41, 41, 'Ut rerum facere consequatur aut odit. Optio qui qui odio enim consequatur qui consequuntur. Voluptatem recusandae eaque cupiditate unde maxime aut facere dolor. Et debitis fugiat omnis repellendus accusamus.', 'Similique aut sed officiis occaecati. Voluptatum voluptas consectetur cupiditate dicta.', 0, 0, '1979-10-17 04:10:09', '1992-04-04 19:14:32');
INSERT INTO `messages` (`id`, `from_user_id`, `to_user_id`, `message_header`, `message_body`, `is_delivered`, `was_edited`, `created_at`, `updated_at`) VALUES (42, 42, 42, 'Deleniti voluptatibus mollitia qui tenetur tempora ut vitae. Sit distinctio mollitia nemo odio. Omnis culpa ad doloribus voluptatum quibusdam eos.', 'Dolores sed nihil soluta provident qui. Asperiores aut dolor ullam sed atque consectetur aliquid. Quod autem architecto adipisci et neque distinctio odio.', 0, 0, '1970-09-22 20:32:45', '2019-05-02 14:14:36');
INSERT INTO `messages` (`id`, `from_user_id`, `to_user_id`, `message_header`, `message_body`, `is_delivered`, `was_edited`, `created_at`, `updated_at`) VALUES (43, 43, 43, 'Rem inventore totam eligendi quasi veritatis esse cupiditate. Qui ut eum voluptatem fuga. Sint porro doloribus optio omnis.', 'Sequi delectus perferendis asperiores quia. Vero harum qui aut sit. Possimus voluptatem est ut debitis a quis. Molestias explicabo ab sed et.', 1, 0, '2007-01-26 04:52:05', '1986-08-01 12:43:47');
INSERT INTO `messages` (`id`, `from_user_id`, `to_user_id`, `message_header`, `message_body`, `is_delivered`, `was_edited`, `created_at`, `updated_at`) VALUES (44, 44, 44, 'Doloribus aut autem odio et et. Deleniti nisi et officiis neque accusantium et. Consequuntur odit est et adipisci eum placeat.', 'Fugit ea vel culpa sint nostrum sequi quas nesciunt. Qui maiores labore ipsum autem. Sed ipsa velit consectetur vel incidunt.', 1, 0, '1999-03-23 21:29:17', '1991-01-05 03:00:30');
INSERT INTO `messages` (`id`, `from_user_id`, `to_user_id`, `message_header`, `message_body`, `is_delivered`, `was_edited`, `created_at`, `updated_at`) VALUES (45, 45, 45, 'Voluptatibus quae et consequatur modi quia error ut. Rerum quia tempora voluptatibus doloremque eum similique. Aut corrupti tenetur voluptas id. Et dolorem odit et consequatur.', 'Ea omnis et est repellendus molestias animi ad. Consectetur id mollitia exercitationem consectetur quaerat ut quis magnam. Libero dolorem excepturi dolorem corporis rerum quidem eum. Sint libero iure adipisci qui quis quia quaerat.', 1, 0, '2015-05-21 18:32:19', '1998-12-04 23:14:33');
INSERT INTO `messages` (`id`, `from_user_id`, `to_user_id`, `message_header`, `message_body`, `is_delivered`, `was_edited`, `created_at`, `updated_at`) VALUES (46, 46, 46, 'Ipsam est iure nulla itaque. Est dignissimos sunt omnis. Sed quis aperiam pariatur nostrum at.', 'Voluptate sunt consequuntur pariatur quas fugiat. Consectetur facere minus occaecati quidem molestiae eaque. Harum qui mollitia enim dolores unde blanditiis quae. Nisi beatae quam iste consequatur.', 1, 0, '1970-05-13 04:32:02', '1980-08-03 08:24:59');
INSERT INTO `messages` (`id`, `from_user_id`, `to_user_id`, `message_header`, `message_body`, `is_delivered`, `was_edited`, `created_at`, `updated_at`) VALUES (47, 47, 47, 'Est corporis fugiat esse repellendus laboriosam. Possimus veniam velit quam esse asperiores esse fugit. Quod eos aliquam accusamus tempora hic.', 'Dolorem aut impedit consequatur illo ex unde sapiente. Temporibus consequuntur aut ab provident. Praesentium numquam voluptatum eveniet repellat voluptatibus accusamus.', 1, 0, '1986-10-07 01:35:57', '2003-03-10 09:51:15');
INSERT INTO `messages` (`id`, `from_user_id`, `to_user_id`, `message_header`, `message_body`, `is_delivered`, `was_edited`, `created_at`, `updated_at`) VALUES (48, 48, 48, 'Autem animi commodi eum voluptatem et. Sapiente dolorem assumenda dolorum aut. Dolorem natus ex non.', 'Rem impedit voluptatem quia recusandae. Excepturi laudantium cumque temporibus repudiandae deleniti aliquid. Vero consequuntur quia et aspernatur incidunt.', 0, 0, '1991-11-20 23:43:05', '1981-10-31 07:04:32');
INSERT INTO `messages` (`id`, `from_user_id`, `to_user_id`, `message_header`, `message_body`, `is_delivered`, `was_edited`, `created_at`, `updated_at`) VALUES (49, 49, 49, 'Culpa vel temporibus molestias. Hic labore consectetur magni. Enim consectetur modi tempore animi.', 'Repellendus sed mollitia mollitia magnam. Et vel saepe autem quia. Recusandae et rerum voluptatibus quia.', 1, 0, '1987-02-10 14:22:07', '1996-10-14 15:25:30');
INSERT INTO `messages` (`id`, `from_user_id`, `to_user_id`, `message_header`, `message_body`, `is_delivered`, `was_edited`, `created_at`, `updated_at`) VALUES (50, 50, 50, 'Magni vel ut perferendis vel non ut modi. Quo laudantium ut eaque iste architecto ut quae eos. Dolorem iusto adipisci totam et et nulla autem.', 'Et eveniet numquam non voluptas. Sunt quia est laudantium et facere harum. Accusantium incidunt amet voluptatem quo alias nisi. Vero sunt dolorem sunt debitis. Non sit eum velit omnis temporibus.', 1, 0, '1997-08-27 18:38:21', '1983-09-20 04:57:39');
INSERT INTO `messages` (`id`, `from_user_id`, `to_user_id`, `message_header`, `message_body`, `is_delivered`, `was_edited`, `created_at`, `updated_at`) VALUES (51, 51, 51, 'Libero ipsum nihil explicabo error quam consequatur dolorem. Qui nobis rem ad nihil neque sint reprehenderit. Repellat impedit et debitis eos quas. Ea autem veritatis excepturi sit aut tenetur.', 'Eos reprehenderit consequatur tempora inventore facilis. Quae debitis dolores voluptas.', 0, 0, '1981-07-28 18:18:20', '1998-03-20 16:47:17');
INSERT INTO `messages` (`id`, `from_user_id`, `to_user_id`, `message_header`, `message_body`, `is_delivered`, `was_edited`, `created_at`, `updated_at`) VALUES (52, 52, 52, 'Vel accusantium saepe aliquid quasi ipsam natus cupiditate a. Ducimus odio corrupti fugiat. Ab ut magni nisi quisquam quo omnis ea quia. Nostrum soluta error ut assumenda dolor vitae reiciendis.', 'Sint quisquam corporis pariatur porro omnis. Sint consequatur quibusdam impedit aut et. Omnis ad quam facere recusandae. Quod non nobis ipsa facere odit praesentium.', 0, 0, '1971-10-16 06:12:36', '2004-06-24 03:05:44');
INSERT INTO `messages` (`id`, `from_user_id`, `to_user_id`, `message_header`, `message_body`, `is_delivered`, `was_edited`, `created_at`, `updated_at`) VALUES (53, 53, 53, 'Aut voluptatem eaque alias et consequatur. Voluptates amet voluptatum sunt qui quaerat ut. Saepe alias suscipit voluptatem suscipit.', 'Non omnis rerum quis ut consequuntur quia molestiae. Ad quaerat quam debitis et molestias accusamus aut. Aspernatur laudantium id aspernatur enim incidunt. Iure aut odit officia a iste.', 1, 0, '2018-04-27 10:21:54', '2019-03-03 21:55:12');
INSERT INTO `messages` (`id`, `from_user_id`, `to_user_id`, `message_header`, `message_body`, `is_delivered`, `was_edited`, `created_at`, `updated_at`) VALUES (54, 54, 54, 'Enim voluptatem culpa eveniet et hic voluptas. Autem quisquam exercitationem id excepturi et vero qui. Eaque eaque iure et porro facere tempore qui. Nemo enim ut quisquam assumenda vero.', 'Occaecati quia fuga voluptatem. Doloribus inventore mollitia similique voluptatum. Pariatur et voluptas neque quis ipsa repellendus velit. Delectus modi qui fugiat omnis numquam.', 1, 0, '2009-10-15 10:31:17', '1986-04-27 05:49:38');
INSERT INTO `messages` (`id`, `from_user_id`, `to_user_id`, `message_header`, `message_body`, `is_delivered`, `was_edited`, `created_at`, `updated_at`) VALUES (55, 55, 55, 'Ut et corrupti nostrum delectus. Tenetur vitae accusantium quis dicta eum porro reiciendis. Quae dolor distinctio et veniam aspernatur corrupti modi eaque.', 'Sint accusantium sint et corrupti. Ut autem eligendi qui. Et iusto ab vero molestiae dolor quas doloremque.', 0, 0, '2005-08-06 18:57:34', '1995-08-16 22:51:41');
INSERT INTO `messages` (`id`, `from_user_id`, `to_user_id`, `message_header`, `message_body`, `is_delivered`, `was_edited`, `created_at`, `updated_at`) VALUES (56, 56, 56, 'Quis vitae aut non et ut. Qui harum maiores optio dicta sunt omnis molestias distinctio. Sed qui accusantium adipisci atque cupiditate ratione quasi. Atque cupiditate nobis ut magnam dolor doloremque aut.', 'Voluptatem enim iure quisquam voluptas odio quia. Blanditiis culpa veniam molestias esse maxime possimus. Qui magni voluptas et repellat.', 0, 0, '1983-01-30 09:25:09', '2014-11-18 10:18:47');
INSERT INTO `messages` (`id`, `from_user_id`, `to_user_id`, `message_header`, `message_body`, `is_delivered`, `was_edited`, `created_at`, `updated_at`) VALUES (57, 57, 57, 'Laboriosam tempora atque facere corrupti dolore reprehenderit corporis. Ut accusamus quis praesentium laborum. Cupiditate enim rem aspernatur id.', 'Molestiae omnis rem doloremque dignissimos. Illo natus quasi voluptates eos distinctio facilis sed. Voluptatem qui quia minus quo odio doloremque. Libero sit in dolorem nesciunt. Qui eos velit atque ipsum qui voluptas consequatur.', 0, 0, '1978-07-14 20:32:09', '1992-10-09 19:34:33');
INSERT INTO `messages` (`id`, `from_user_id`, `to_user_id`, `message_header`, `message_body`, `is_delivered`, `was_edited`, `created_at`, `updated_at`) VALUES (58, 58, 58, 'Expedita doloremque quisquam dolore non. Saepe similique sed neque corrupti adipisci sunt ratione iste. Vitae et alias cum et vel ea est.', 'Quia magni sed nihil pariatur. Aspernatur corrupti iure inventore. In saepe itaque quo architecto non. Nostrum itaque omnis tenetur autem quisquam.', 1, 0, '1972-09-13 16:00:04', '2016-08-21 09:56:23');
INSERT INTO `messages` (`id`, `from_user_id`, `to_user_id`, `message_header`, `message_body`, `is_delivered`, `was_edited`, `created_at`, `updated_at`) VALUES (59, 59, 59, 'Rerum quia sit aut quis. Expedita quibusdam quidem eum deleniti et sunt. Rerum vero commodi aut rem rem id autem. Molestiae corrupti rerum consequatur praesentium.', 'Ut ipsa velit nihil. Explicabo omnis quibusdam ut alias laudantium.', 1, 0, '2021-03-16 16:53:14', '1985-02-08 06:26:28');
INSERT INTO `messages` (`id`, `from_user_id`, `to_user_id`, `message_header`, `message_body`, `is_delivered`, `was_edited`, `created_at`, `updated_at`) VALUES (60, 60, 60, 'Blanditiis nulla dolores omnis pariatur adipisci sit impedit. Recusandae aliquid commodi voluptatem quo et non velit. Dolores quis esse deserunt ad molestiae sunt quidem. Dolorem possimus quaerat odio. Et et omnis ducimus sit dolorum id.', 'Sunt quia perspiciatis ex quia odit. Aut rerum facere molestias est. Sint quo sunt et nesciunt consectetur perspiciatis.', 1, 0, '1970-08-03 23:27:50', '1970-03-13 16:50:41');
INSERT INTO `messages` (`id`, `from_user_id`, `to_user_id`, `message_header`, `message_body`, `is_delivered`, `was_edited`, `created_at`, `updated_at`) VALUES (61, 61, 61, 'Accusamus aut quia eveniet. Sapiente explicabo optio voluptates ad a delectus velit rerum. Dolores et error aut sed.', 'Quia repellendus est molestiae labore rerum. Dolor dicta magni enim consequatur accusantium odit. Autem sed ut magnam et numquam.', 1, 0, '1993-11-07 05:21:37', '2003-12-09 03:42:57');
INSERT INTO `messages` (`id`, `from_user_id`, `to_user_id`, `message_header`, `message_body`, `is_delivered`, `was_edited`, `created_at`, `updated_at`) VALUES (62, 62, 62, 'Reprehenderit iste ut voluptatibus quia impedit ad. Voluptatem cumque possimus blanditiis consequatur. Sed debitis molestias consequatur unde possimus.', 'Enim in magni maiores dolores. Qui reiciendis doloribus rerum perferendis sit. Rerum molestias voluptas ut qui corrupti ex rerum.', 1, 0, '1990-06-23 05:35:57', '2013-02-28 05:17:45');
INSERT INTO `messages` (`id`, `from_user_id`, `to_user_id`, `message_header`, `message_body`, `is_delivered`, `was_edited`, `created_at`, `updated_at`) VALUES (63, 63, 63, 'Eveniet soluta itaque et. Dolores eius non beatae quia et nesciunt quaerat. Est laborum non minus consequatur et facere. Veritatis quae et inventore.', 'Qui tenetur sit itaque temporibus culpa nihil ducimus expedita. Sit voluptatem non ipsum velit in praesentium molestiae. Sint iure optio facere sunt ab quia mollitia vel. Qui porro et quis. Voluptatem fugiat quos nemo sit excepturi.', 0, 0, '1984-09-12 22:22:46', '1970-11-26 06:44:14');
INSERT INTO `messages` (`id`, `from_user_id`, `to_user_id`, `message_header`, `message_body`, `is_delivered`, `was_edited`, `created_at`, `updated_at`) VALUES (64, 64, 64, 'Nobis explicabo magnam repellendus itaque quibusdam tenetur odit. Similique nisi animi atque adipisci sit id quod. Perferendis accusantium non iusto et.', 'Corporis corporis quia fugiat dolorum. Maxime illo expedita et. Voluptas quae omnis maiores nihil. Aut minima architecto laudantium neque debitis.', 1, 0, '2003-07-02 07:13:35', '1987-11-27 07:52:48');
INSERT INTO `messages` (`id`, `from_user_id`, `to_user_id`, `message_header`, `message_body`, `is_delivered`, `was_edited`, `created_at`, `updated_at`) VALUES (65, 65, 65, 'Tempore velit sit dolore provident est corporis. Cum quasi ut nobis. Hic et deleniti optio et iusto voluptatum quibusdam voluptates. Qui libero deleniti velit commodi iusto et.', 'Ut quo non impedit. Temporibus et voluptate quia repellat veritatis ullam. Ut corrupti eaque soluta nihil.', 1, 0, '1973-12-04 14:53:56', '2015-06-09 21:49:05');
INSERT INTO `messages` (`id`, `from_user_id`, `to_user_id`, `message_header`, `message_body`, `is_delivered`, `was_edited`, `created_at`, `updated_at`) VALUES (66, 66, 66, 'Ut vitae expedita cum doloribus. Voluptatem quae veritatis et aut aut itaque aut molestiae. Sit ex rem velit quia qui officia. Minus neque in odit.', 'Vitae porro aliquid consequatur ut. Repellendus consequatur molestiae cumque nesciunt. Ea possimus harum inventore voluptatem consequatur assumenda.', 1, 0, '1990-05-04 18:46:38', '1989-11-16 18:43:23');
INSERT INTO `messages` (`id`, `from_user_id`, `to_user_id`, `message_header`, `message_body`, `is_delivered`, `was_edited`, `created_at`, `updated_at`) VALUES (67, 67, 67, 'Nobis magni omnis sint doloremque facilis sint deserunt dolores. Vel id est alias ea labore qui.', 'Sed fugit eligendi modi. Consequatur in sapiente ut nam. Quas suscipit excepturi tempora corporis ut iure placeat eos. Dolorem tenetur saepe et molestias illum velit ex.', 1, 0, '2006-02-09 15:37:12', '1988-09-05 16:36:50');
INSERT INTO `messages` (`id`, `from_user_id`, `to_user_id`, `message_header`, `message_body`, `is_delivered`, `was_edited`, `created_at`, `updated_at`) VALUES (68, 68, 68, 'Aut vel eos cum autem voluptas modi ut. Et necessitatibus eligendi eum eligendi est eum nihil. Est tempora culpa modi minima dolore.', 'Quo sit ut maiores omnis possimus quis est molestiae. Ea explicabo sunt quo. Ab est sed ipsam odit molestiae.', 0, 0, '2014-10-02 08:59:55', '2015-10-01 02:55:17');
INSERT INTO `messages` (`id`, `from_user_id`, `to_user_id`, `message_header`, `message_body`, `is_delivered`, `was_edited`, `created_at`, `updated_at`) VALUES (69, 69, 69, 'Vero quas magnam dolor exercitationem vero laboriosam consequuntur. Est dolor est inventore. Qui officiis hic quis nobis dolor molestiae. Eos deserunt autem dolorem quidem eius nihil adipisci.', 'Quasi saepe et deleniti rerum. Occaecati necessitatibus cumque voluptatibus voluptas rerum esse. Voluptas aperiam ipsa dolor ducimus. Quaerat perferendis tempore ut suscipit.', 0, 0, '1970-06-21 09:37:26', '1995-04-22 22:34:08');
INSERT INTO `messages` (`id`, `from_user_id`, `to_user_id`, `message_header`, `message_body`, `is_delivered`, `was_edited`, `created_at`, `updated_at`) VALUES (70, 70, 70, 'Reprehenderit perspiciatis occaecati quia nisi id. Repudiandae in tenetur aliquam et.', 'Omnis aut vero nemo nisi rerum. Est et qui rerum velit officiis aut sequi. Ipsam ea saepe rerum nesciunt perferendis iusto rerum qui.', 0, 0, '1985-05-09 15:33:27', '2002-04-30 00:24:21');
INSERT INTO `messages` (`id`, `from_user_id`, `to_user_id`, `message_header`, `message_body`, `is_delivered`, `was_edited`, `created_at`, `updated_at`) VALUES (71, 71, 71, 'Debitis odio dolor quis rerum aperiam consequatur eaque. Maiores quam quia sint aut quo omnis qui. Voluptate consequatur aut quia molestiae dolorum totam.', 'Dolores numquam et consequatur pariatur. Dicta eos nam laudantium omnis. Alias quas molestiae esse sed ut similique. Repellat neque non enim ullam.', 0, 0, '1982-10-28 19:24:55', '1994-04-26 05:20:07');
INSERT INTO `messages` (`id`, `from_user_id`, `to_user_id`, `message_header`, `message_body`, `is_delivered`, `was_edited`, `created_at`, `updated_at`) VALUES (72, 72, 72, 'Quisquam et repellendus quod veritatis at quia. Occaecati totam ipsam consequatur. Nostrum eum hic nemo sit accusantium. Vel voluptatem omnis a dignissimos dolorem ut eos et.', 'Omnis voluptas voluptatibus voluptate quia quia. Cumque sapiente similique laudantium illo atque aut. Neque quae non facilis voluptatibus inventore nihil. Accusamus voluptatem aperiam sed aperiam illo ducimus.', 1, 0, '1976-08-31 23:45:04', '1990-11-27 18:09:40');
INSERT INTO `messages` (`id`, `from_user_id`, `to_user_id`, `message_header`, `message_body`, `is_delivered`, `was_edited`, `created_at`, `updated_at`) VALUES (73, 73, 73, 'Nihil aut fugiat aspernatur nisi eum quia fugit. Aut placeat enim nobis ut est animi. Quasi neque alias mollitia dicta ut. Itaque placeat rerum dicta omnis ea totam fuga maiores.', 'Occaecati deleniti perspiciatis itaque et harum ipsam deleniti. Alias vel quia illo voluptatem et natus. Atque sed qui iusto quisquam.', 0, 0, '1998-06-28 01:32:10', '1976-04-02 10:36:42');
INSERT INTO `messages` (`id`, `from_user_id`, `to_user_id`, `message_header`, `message_body`, `is_delivered`, `was_edited`, `created_at`, `updated_at`) VALUES (74, 74, 74, 'Laudantium quia ratione maxime saepe omnis occaecati laboriosam. Deleniti animi aperiam fugit et. Voluptatem dicta neque rem incidunt et harum repellendus iste.', 'Rerum ipsa iste nisi animi. Iste aut facilis rerum ex harum eum laboriosam. Possimus veritatis et reiciendis qui autem non itaque aut. Delectus modi blanditiis tempora tenetur.', 0, 0, '1994-02-14 01:19:58', '1984-12-21 15:12:24');
INSERT INTO `messages` (`id`, `from_user_id`, `to_user_id`, `message_header`, `message_body`, `is_delivered`, `was_edited`, `created_at`, `updated_at`) VALUES (75, 75, 75, 'Est error neque corporis eaque in vel consequatur. Odit ullam esse consequatur. Nulla eligendi et voluptatibus aspernatur error neque ea sit. Consequatur vitae porro aliquam ea soluta aut.', 'Eos est veniam est ab. Eum reiciendis in ut est. Libero voluptatem nam facilis aperiam ut ea commodi.', 0, 0, '1989-11-11 17:38:06', '1984-02-29 16:40:05');
INSERT INTO `messages` (`id`, `from_user_id`, `to_user_id`, `message_header`, `message_body`, `is_delivered`, `was_edited`, `created_at`, `updated_at`) VALUES (76, 76, 76, 'Ut est voluptatum vel ipsum temporibus amet natus. Quidem veniam quod id culpa consectetur commodi. Tempora distinctio voluptatem fuga fugit facere sed. Possimus sit et vitae rerum. Voluptatem rerum ipsa dolor consequatur dicta unde praesentium.', 'Deleniti nihil aut sapiente adipisci occaecati. Optio reprehenderit officiis quibusdam et dicta aut. Dignissimos fuga dicta quas vel.', 0, 0, '1972-11-22 10:47:21', '1983-05-01 13:32:38');
INSERT INTO `messages` (`id`, `from_user_id`, `to_user_id`, `message_header`, `message_body`, `is_delivered`, `was_edited`, `created_at`, `updated_at`) VALUES (77, 77, 77, 'Nihil quidem aut repellat molestiae doloremque enim placeat doloribus. Quo nostrum voluptatum aperiam libero aut minus voluptatem. Quidem quos voluptas ratione velit rem esse commodi. Cumque ut et magnam iste est voluptatem dignissimos. Voluptates quia qu', 'Molestias mollitia ipsam error architecto corporis asperiores eaque. Tenetur sapiente et reprehenderit. Aperiam aliquam aut quas dolore iusto sunt est. Nihil nostrum qui voluptatum vitae eos.', 1, 0, '1998-01-01 00:48:31', '1995-02-22 12:31:46');
INSERT INTO `messages` (`id`, `from_user_id`, `to_user_id`, `message_header`, `message_body`, `is_delivered`, `was_edited`, `created_at`, `updated_at`) VALUES (78, 78, 78, 'Modi ut nihil nostrum ducimus. Et fuga aut voluptas consequuntur. Quas illo qui ut nam incidunt.', 'Nobis consequatur doloremque ipsam tenetur enim dolores ea. Quod magnam sunt reprehenderit. Iusto id molestiae dolores sit tempora facilis. Non iure dignissimos enim dolorem ut autem aut.', 1, 0, '1999-07-26 03:10:04', '2010-12-28 22:36:50');
INSERT INTO `messages` (`id`, `from_user_id`, `to_user_id`, `message_header`, `message_body`, `is_delivered`, `was_edited`, `created_at`, `updated_at`) VALUES (79, 79, 79, 'Distinctio perferendis explicabo distinctio earum non ex. Minus non sunt minus ut repudiandae animi reprehenderit sint. Dicta soluta eos deleniti sit in. Et aliquam nesciunt provident ut voluptatum.', 'Facere sequi numquam numquam culpa magnam sunt id. Dolorum molestiae vitae quasi iure veniam consequatur maxime. Ea perferendis ut tenetur vel est fugit voluptatem.', 0, 0, '1981-10-13 05:53:18', '2010-03-25 20:50:09');
INSERT INTO `messages` (`id`, `from_user_id`, `to_user_id`, `message_header`, `message_body`, `is_delivered`, `was_edited`, `created_at`, `updated_at`) VALUES (80, 80, 80, 'Saepe qui sit maxime quis ab voluptatem. Perspiciatis vel perspiciatis aut ea vel voluptatum quo. Ut minima explicabo vel libero ducimus nostrum eos. Quibusdam molestias voluptas dignissimos alias. Hic aut saepe voluptate laudantium est quia.', 'Sit excepturi rerum et sint. Ut totam alias quia velit. In consequuntur nihil ratione porro nihil dolore.', 0, 0, '1987-11-12 00:37:02', '1972-10-18 19:35:38');
INSERT INTO `messages` (`id`, `from_user_id`, `to_user_id`, `message_header`, `message_body`, `is_delivered`, `was_edited`, `created_at`, `updated_at`) VALUES (81, 81, 81, 'Vero quasi rerum asperiores. Sed facilis praesentium ipsam voluptatem est vero. Ea nostrum tenetur sunt eos vel molestias.', 'Necessitatibus iure ducimus eius ullam commodi laborum velit. Harum libero aperiam aut qui accusamus et. Consequatur dolorem iste tempore non.', 0, 0, '1986-12-05 10:47:38', '1985-11-05 13:36:30');
INSERT INTO `messages` (`id`, `from_user_id`, `to_user_id`, `message_header`, `message_body`, `is_delivered`, `was_edited`, `created_at`, `updated_at`) VALUES (82, 82, 82, 'Dolorem aliquid modi iusto qui sed. Vitae necessitatibus minima laudantium quis. Voluptatem sint porro laudantium.', 'Incidunt possimus odio et enim sequi. Maiores voluptatem aut modi saepe. Id modi officia voluptatem aliquid doloremque similique.', 1, 0, '1972-02-25 03:01:44', '1988-11-20 18:06:40');
INSERT INTO `messages` (`id`, `from_user_id`, `to_user_id`, `message_header`, `message_body`, `is_delivered`, `was_edited`, `created_at`, `updated_at`) VALUES (83, 83, 83, 'Voluptas totam aut et quis. Tenetur saepe nulla voluptate illum. Deleniti voluptatem ullam nihil culpa in quae aspernatur.', 'Ex repellat eum nihil voluptas. Qui consequuntur accusantium sed et illo odit porro. Expedita molestiae dolorem fuga quos expedita totam.', 1, 0, '1991-01-26 06:11:59', '1976-02-17 12:27:25');
INSERT INTO `messages` (`id`, `from_user_id`, `to_user_id`, `message_header`, `message_body`, `is_delivered`, `was_edited`, `created_at`, `updated_at`) VALUES (84, 84, 84, 'Placeat consectetur sunt saepe fugiat. Libero soluta iste ea ut aliquam nesciunt voluptatem. Sint molestias consequuntur qui consequuntur id.', 'Voluptas et iste quia asperiores hic enim. Quae blanditiis similique quae sunt placeat non quos. Amet sit saepe facere consequuntur et totam.', 0, 0, '1977-10-25 16:03:18', '1974-06-18 13:59:41');
INSERT INTO `messages` (`id`, `from_user_id`, `to_user_id`, `message_header`, `message_body`, `is_delivered`, `was_edited`, `created_at`, `updated_at`) VALUES (85, 85, 85, 'Et iure exercitationem sint fugit quibusdam odit. Aut molestiae enim nisi harum. Non architecto voluptas ut culpa.', 'Id accusantium officia aut fugiat porro quia repudiandae. Sequi nemo ipsa nemo qui. Officiis et dicta placeat temporibus.', 1, 0, '2010-05-31 18:07:09', '2005-10-03 19:21:07');
INSERT INTO `messages` (`id`, `from_user_id`, `to_user_id`, `message_header`, `message_body`, `is_delivered`, `was_edited`, `created_at`, `updated_at`) VALUES (86, 86, 86, 'Nihil laudantium adipisci molestiae. Voluptates voluptatum quae vero similique sequi corporis aut dolorem. Velit dignissimos voluptas voluptas quas molestiae. Et est dolorum iste dicta a.', 'Doloribus est ratione cum omnis itaque odio libero ut. Soluta distinctio ad esse. Sunt placeat animi consequatur iusto.', 1, 0, '1998-11-19 08:25:14', '2008-12-18 19:02:04');
INSERT INTO `messages` (`id`, `from_user_id`, `to_user_id`, `message_header`, `message_body`, `is_delivered`, `was_edited`, `created_at`, `updated_at`) VALUES (87, 87, 87, 'Reprehenderit soluta in quos quo fugit illum est aut. Commodi perspiciatis repellat et corrupti et. Similique eligendi itaque aut inventore cum.', 'Velit soluta eveniet beatae. Et a et quos quia. Totam sapiente perferendis nihil dolores quidem inventore. Quia ut et optio a aut tempore odit perspiciatis.', 0, 0, '2013-05-15 14:05:36', '1991-06-12 12:20:10');
INSERT INTO `messages` (`id`, `from_user_id`, `to_user_id`, `message_header`, `message_body`, `is_delivered`, `was_edited`, `created_at`, `updated_at`) VALUES (88, 88, 88, 'Incidunt laboriosam nemo numquam corrupti. Dolorum architecto architecto nulla neque nobis consectetur. Aperiam soluta autem expedita rerum aut ducimus neque. At sed eius maxime autem provident autem.', 'Id voluptas praesentium voluptas quod exercitationem. Non sint quia vitae repellat ut incidunt eos. Quia atque cupiditate rem amet. Tempore voluptatem vel voluptatem et deserunt in ratione est.', 0, 0, '1976-08-03 22:28:59', '1997-01-28 21:25:06');
INSERT INTO `messages` (`id`, `from_user_id`, `to_user_id`, `message_header`, `message_body`, `is_delivered`, `was_edited`, `created_at`, `updated_at`) VALUES (89, 89, 89, 'Ullam voluptas qui nam excepturi. Odit aut quos id sed nesciunt est aut. Rem nihil vero quae corporis alias sit eius. Ad neque nihil aut repudiandae voluptate quia eius.', 'Fugit nostrum ipsum ut sunt. In alias atque unde voluptatem ducimus harum atque consequatur. Tempora dolorem aut alias velit iure maxime error. Quo aut aut esse et eos est.', 0, 0, '2010-05-04 09:46:42', '1981-11-21 12:47:19');
INSERT INTO `messages` (`id`, `from_user_id`, `to_user_id`, `message_header`, `message_body`, `is_delivered`, `was_edited`, `created_at`, `updated_at`) VALUES (90, 90, 90, 'Molestiae dignissimos libero impedit. Voluptatibus qui vitae non sit. Ex itaque est quia adipisci quia ut sit.', 'Exercitationem corrupti in qui autem qui aut sequi. Ducimus et possimus qui similique cupiditate voluptates. Ipsum porro dolorem molestiae eos. Excepturi excepturi enim tempore sunt vel.', 1, 0, '2014-01-02 15:16:55', '2009-02-27 03:16:03');
INSERT INTO `messages` (`id`, `from_user_id`, `to_user_id`, `message_header`, `message_body`, `is_delivered`, `was_edited`, `created_at`, `updated_at`) VALUES (91, 91, 91, 'Quibusdam nesciunt rem ut fugiat eligendi ipsam. Ad non tempore et officia eum natus. Est similique perspiciatis facere quos.', 'Omnis eos laudantium quis hic omnis impedit et. Eligendi nulla ipsam aut. Voluptates sint error quia reprehenderit.', 1, 0, '1980-12-11 03:29:32', '1988-07-18 05:45:52');
INSERT INTO `messages` (`id`, `from_user_id`, `to_user_id`, `message_header`, `message_body`, `is_delivered`, `was_edited`, `created_at`, `updated_at`) VALUES (92, 92, 92, 'Velit quidem animi molestiae tenetur. Velit quidem dolorem nemo cupiditate est quia pariatur omnis.', 'Ratione in et non commodi quae. Ipsam alias sint minus aperiam. Amet autem dignissimos molestiae nihil.', 1, 0, '1980-05-12 22:01:19', '1995-01-09 08:01:08');
INSERT INTO `messages` (`id`, `from_user_id`, `to_user_id`, `message_header`, `message_body`, `is_delivered`, `was_edited`, `created_at`, `updated_at`) VALUES (93, 93, 93, 'Laborum voluptatem facere ad. Quasi nulla qui qui. In ut culpa placeat nobis quia qui voluptatem.', 'Doloribus molestiae dolor vel praesentium. Velit similique ut minus explicabo tempora inventore. A nemo vel doloribus reprehenderit nihil sit ut provident. Et aliquid quis dolorem excepturi illum qui. Nisi fugiat consectetur modi necessitatibus ratione maxime laborum.', 1, 0, '1976-07-14 21:50:17', '2001-06-14 16:04:06');
INSERT INTO `messages` (`id`, `from_user_id`, `to_user_id`, `message_header`, `message_body`, `is_delivered`, `was_edited`, `created_at`, `updated_at`) VALUES (94, 94, 94, 'Et illo dolores nihil sint sit rem. Laborum voluptate debitis nam occaecati. Voluptas ut sunt asperiores enim asperiores. Rem architecto corrupti tempore blanditiis occaecati molestias consequuntur facere.', 'Ea numquam reiciendis nulla explicabo. Aliquid rerum laudantium est porro amet. Nobis ut blanditiis officiis vel quis explicabo qui.', 1, 0, '1986-07-11 05:06:00', '1981-10-30 06:30:04');
INSERT INTO `messages` (`id`, `from_user_id`, `to_user_id`, `message_header`, `message_body`, `is_delivered`, `was_edited`, `created_at`, `updated_at`) VALUES (95, 95, 95, 'Et sunt sed ipsa. Atque aliquid et quis soluta sunt non. Accusantium omnis incidunt tempora dolorem magnam aut.', 'Quis nihil earum doloremque maxime. Facilis dolores dolorem et sint aut excepturi sed. Maiores ipsum et nisi. Consectetur nam soluta aut tenetur et aperiam. Qui ut et hic officia debitis ut tenetur.', 1, 0, '1991-02-11 13:22:04', '2003-03-11 07:15:04');
INSERT INTO `messages` (`id`, `from_user_id`, `to_user_id`, `message_header`, `message_body`, `is_delivered`, `was_edited`, `created_at`, `updated_at`) VALUES (96, 96, 96, 'Sint molestiae consequatur praesentium. Unde repudiandae odit fugiat recusandae saepe rem harum. Ad quia dolorem nesciunt sint rerum consectetur. Voluptatum iste non cumque quam.', 'Deleniti dicta est commodi at qui. Voluptas quas voluptatum ex possimus laudantium. Sunt consequuntur molestiae pariatur repellendus sint aut facilis. Veritatis laborum eum cum voluptate possimus quam placeat aut.', 1, 0, '2012-01-21 12:13:01', '2007-10-06 20:30:17');
INSERT INTO `messages` (`id`, `from_user_id`, `to_user_id`, `message_header`, `message_body`, `is_delivered`, `was_edited`, `created_at`, `updated_at`) VALUES (97, 97, 97, 'Voluptatem beatae fugiat deleniti. Non est enim quae non qui. Culpa id aspernatur vero repellendus. Est dolorem est asperiores recusandae mollitia aut.', 'Harum sit quo rerum rerum sunt perferendis. Atque aliquam rem veniam earum error consequatur expedita fugit. Dolorem et maxime dolor qui eos id repellendus. Quisquam odio molestias id deserunt et tempora pariatur.', 0, 0, '1978-11-14 01:03:24', '2018-03-01 00:00:01');
INSERT INTO `messages` (`id`, `from_user_id`, `to_user_id`, `message_header`, `message_body`, `is_delivered`, `was_edited`, `created_at`, `updated_at`) VALUES (98, 98, 98, 'Dolorum animi recusandae ab totam illo autem ut omnis. Fuga iure possimus labore voluptatum optio ut voluptatibus sunt. Qui aspernatur dolores nostrum delectus.', 'Omnis voluptatem vel sed debitis. Architecto et voluptatem aut et aliquid atque. Sint in suscipit aut delectus exercitationem dicta. Porro sit perferendis sed voluptates et.', 0, 0, '1974-05-29 18:25:46', '1997-04-30 09:25:42');
INSERT INTO `messages` (`id`, `from_user_id`, `to_user_id`, `message_header`, `message_body`, `is_delivered`, `was_edited`, `created_at`, `updated_at`) VALUES (99, 99, 99, 'Aut in voluptatem consequatur odio animi voluptatem officiis. Nesciunt qui et nulla. Atque omnis nulla delectus cum quod praesentium perspiciatis.', 'Ea labore voluptatem cupiditate soluta. Voluptatum iure quos nesciunt est nostrum. Cupiditate est rerum saepe nam non praesentium amet. Reprehenderit est aut nihil eum soluta. Suscipit occaecati optio est.', 0, 0, '1977-11-20 04:07:40', '2005-01-18 18:22:30');
INSERT INTO `messages` (`id`, `from_user_id`, `to_user_id`, `message_header`, `message_body`, `is_delivered`, `was_edited`, `created_at`, `updated_at`) VALUES (100, 100, 100, 'Iste vero libero asperiores voluptatem. Similique velit nisi qui rerum sequi officiis autem. Quam unde et dolorem quia ut sint autem quaerat. Qui praesentium ducimus et vitae.', 'Velit labore laborum maxime nihil nobis. Facere occaecati voluptatem quibusdam aut modi. Sint reiciendis temporibus incidunt sequi voluptas est.', 0, 0, '1993-03-09 04:07:58', '2014-05-17 11:12:16');


#
# TABLE STRUCTURE FOR: friendship
#

INSERT INTO `friendship` (`user_id`, `friend_id`, `friendship_status`, `requested_at`, `confirmed_at`, `created_at`, `updated_at`) VALUES (1, 1, 'FRIENDSHIP', '2020-02-27 22:32:55', '1970-08-19 08:03:36', '1975-02-23 14:30:21', '1980-12-13 22:56:39');
INSERT INTO `friendship` (`user_id`, `friend_id`, `friendship_status`, `requested_at`, `confirmed_at`, `created_at`, `updated_at`) VALUES (2, 2, 'FOLLOWING', '1972-03-23 13:04:05', '1993-01-01 07:23:54', '2003-01-15 08:23:38', '1979-11-30 03:08:11');
INSERT INTO `friendship` (`user_id`, `friend_id`, `friendship_status`, `requested_at`, `confirmed_at`, `created_at`, `updated_at`) VALUES (3, 3, 'BLOCKED', '1990-07-10 04:47:11', '2007-11-23 11:07:42', '1987-11-11 03:54:28', '1971-03-23 05:06:00');
INSERT INTO `friendship` (`user_id`, `friend_id`, `friendship_status`, `requested_at`, `confirmed_at`, `created_at`, `updated_at`) VALUES (4, 4, 'BLOCKED', '1979-12-20 19:41:21', '1985-08-30 04:09:25', '1984-04-30 09:44:36', '1970-09-27 21:31:42');
INSERT INTO `friendship` (`user_id`, `friend_id`, `friendship_status`, `requested_at`, `confirmed_at`, `created_at`, `updated_at`) VALUES (5, 5, 'FOLLOWING', '2020-04-21 18:26:19', '1973-11-04 17:58:36', '1978-01-01 23:24:28', '1981-02-27 15:41:00');
INSERT INTO `friendship` (`user_id`, `friend_id`, `friendship_status`, `requested_at`, `confirmed_at`, `created_at`, `updated_at`) VALUES (6, 6, 'FRIENDSHIP', '2014-04-13 21:25:27', '2005-04-30 06:55:49', '1986-07-20 05:21:01', '2010-10-01 06:42:29');
INSERT INTO `friendship` (`user_id`, `friend_id`, `friendship_status`, `requested_at`, `confirmed_at`, `created_at`, `updated_at`) VALUES (7, 7, 'BLOCKED', '2014-02-08 04:04:53', '1985-08-19 20:12:33', '2006-06-29 15:34:58', '2005-12-07 16:52:33');
INSERT INTO `friendship` (`user_id`, `friend_id`, `friendship_status`, `requested_at`, `confirmed_at`, `created_at`, `updated_at`) VALUES (8, 8, 'FRIENDSHIP', '1983-04-09 14:24:16', '2008-01-09 14:43:21', '2020-06-16 09:02:51', '1994-04-11 01:27:31');
INSERT INTO `friendship` (`user_id`, `friend_id`, `friendship_status`, `requested_at`, `confirmed_at`, `created_at`, `updated_at`) VALUES (9, 9, 'BLOCKED', '1979-12-10 11:08:42', '2007-02-06 21:06:59', '1982-09-05 21:56:54', '1985-12-03 07:33:28');
INSERT INTO `friendship` (`user_id`, `friend_id`, `friendship_status`, `requested_at`, `confirmed_at`, `created_at`, `updated_at`) VALUES (10, 10, 'FRIENDSHIP', '1989-03-11 08:52:08', '2016-12-25 06:19:39', '2018-05-22 18:41:56', '1974-08-30 02:04:06');
INSERT INTO `friendship` (`user_id`, `friend_id`, `friendship_status`, `requested_at`, `confirmed_at`, `created_at`, `updated_at`) VALUES (11, 11, 'BLOCKED', '2014-10-16 10:34:06', '2013-12-27 19:31:57', '2016-11-04 14:09:41', '1987-04-10 23:14:50');
INSERT INTO `friendship` (`user_id`, `friend_id`, `friendship_status`, `requested_at`, `confirmed_at`, `created_at`, `updated_at`) VALUES (12, 12, 'FOLLOWING', '1998-03-10 23:54:30', '1984-07-02 11:48:27', '1993-03-01 19:43:41', '1989-07-10 19:45:51');
INSERT INTO `friendship` (`user_id`, `friend_id`, `friendship_status`, `requested_at`, `confirmed_at`, `created_at`, `updated_at`) VALUES (13, 13, 'BLOCKED', '1984-11-09 05:58:58', '1982-01-29 17:46:28', '2001-12-28 11:25:27', '1998-12-13 14:02:18');
INSERT INTO `friendship` (`user_id`, `friend_id`, `friendship_status`, `requested_at`, `confirmed_at`, `created_at`, `updated_at`) VALUES (14, 14, 'FRIENDSHIP', '2000-03-29 03:41:15', '2011-10-28 14:57:58', '1982-07-04 12:27:34', '2001-01-17 21:16:36');
INSERT INTO `friendship` (`user_id`, `friend_id`, `friendship_status`, `requested_at`, `confirmed_at`, `created_at`, `updated_at`) VALUES (15, 15, 'FRIENDSHIP', '1997-03-30 16:01:47', '1992-01-26 19:21:59', '1991-03-03 08:36:04', '2004-09-01 22:07:03');
INSERT INTO `friendship` (`user_id`, `friend_id`, `friendship_status`, `requested_at`, `confirmed_at`, `created_at`, `updated_at`) VALUES (16, 16, 'FOLLOWING', '1977-11-25 12:53:34', '1975-04-29 13:17:43', '2020-07-27 23:21:29', '1981-01-19 22:09:13');
INSERT INTO `friendship` (`user_id`, `friend_id`, `friendship_status`, `requested_at`, `confirmed_at`, `created_at`, `updated_at`) VALUES (17, 17, 'FOLLOWING', '1990-07-09 20:20:22', '1992-01-20 12:20:14', '2005-12-12 22:26:02', '1993-08-01 00:54:40');
INSERT INTO `friendship` (`user_id`, `friend_id`, `friendship_status`, `requested_at`, `confirmed_at`, `created_at`, `updated_at`) VALUES (18, 18, 'FRIENDSHIP', '1987-10-30 06:09:54', '1992-12-17 19:45:04', '1991-06-21 22:16:21', '1972-01-23 17:03:02');
INSERT INTO `friendship` (`user_id`, `friend_id`, `friendship_status`, `requested_at`, `confirmed_at`, `created_at`, `updated_at`) VALUES (19, 19, 'FRIENDSHIP', '2004-12-29 13:38:42', '1992-12-26 02:03:24', '2020-03-07 06:55:13', '1981-01-04 11:51:58');
INSERT INTO `friendship` (`user_id`, `friend_id`, `friendship_status`, `requested_at`, `confirmed_at`, `created_at`, `updated_at`) VALUES (20, 20, 'BLOCKED', '2005-08-04 05:23:04', '2006-10-03 15:05:18', '1984-11-11 19:24:24', '1989-04-14 07:58:36');
INSERT INTO `friendship` (`user_id`, `friend_id`, `friendship_status`, `requested_at`, `confirmed_at`, `created_at`, `updated_at`) VALUES (21, 21, 'FOLLOWING', '2008-12-19 11:50:51', '1971-02-19 23:17:23', '1987-09-15 14:29:09', '2012-11-08 21:47:04');
INSERT INTO `friendship` (`user_id`, `friend_id`, `friendship_status`, `requested_at`, `confirmed_at`, `created_at`, `updated_at`) VALUES (22, 22, 'FRIENDSHIP', '2010-01-18 17:05:48', '1975-10-04 05:47:29', '1992-03-06 03:03:42', '2020-02-26 11:33:50');
INSERT INTO `friendship` (`user_id`, `friend_id`, `friendship_status`, `requested_at`, `confirmed_at`, `created_at`, `updated_at`) VALUES (23, 23, 'FRIENDSHIP', '1977-08-18 23:19:44', '1977-07-09 01:46:10', '2014-09-10 04:56:04', '2015-09-02 02:12:36');
INSERT INTO `friendship` (`user_id`, `friend_id`, `friendship_status`, `requested_at`, `confirmed_at`, `created_at`, `updated_at`) VALUES (24, 24, 'FRIENDSHIP', '1971-02-14 05:40:31', '1981-05-15 15:47:23', '1992-10-27 16:11:26', '1980-09-12 05:36:25');
INSERT INTO `friendship` (`user_id`, `friend_id`, `friendship_status`, `requested_at`, `confirmed_at`, `created_at`, `updated_at`) VALUES (25, 25, 'FRIENDSHIP', '2007-02-09 10:39:48', '1989-05-06 20:14:15', '1990-04-04 15:11:46', '2002-05-19 06:34:19');
INSERT INTO `friendship` (`user_id`, `friend_id`, `friendship_status`, `requested_at`, `confirmed_at`, `created_at`, `updated_at`) VALUES (26, 26, 'BLOCKED', '1996-09-10 13:25:48', '1994-02-26 03:51:49', '2013-03-13 16:29:52', '1998-11-03 20:11:37');
INSERT INTO `friendship` (`user_id`, `friend_id`, `friendship_status`, `requested_at`, `confirmed_at`, `created_at`, `updated_at`) VALUES (27, 27, 'BLOCKED', '1998-08-13 16:18:44', '1984-10-22 15:42:05', '2000-05-10 05:46:03', '1970-06-21 06:32:52');
INSERT INTO `friendship` (`user_id`, `friend_id`, `friendship_status`, `requested_at`, `confirmed_at`, `created_at`, `updated_at`) VALUES (28, 28, 'FOLLOWING', '2011-03-31 09:13:27', '1970-12-02 03:23:04', '2010-09-30 20:26:32', '1975-04-27 12:35:30');
INSERT INTO `friendship` (`user_id`, `friend_id`, `friendship_status`, `requested_at`, `confirmed_at`, `created_at`, `updated_at`) VALUES (29, 29, 'FOLLOWING', '1975-11-14 13:50:38', '2001-08-13 07:37:59', '1984-12-25 10:48:14', '1970-11-10 20:03:43');
INSERT INTO `friendship` (`user_id`, `friend_id`, `friendship_status`, `requested_at`, `confirmed_at`, `created_at`, `updated_at`) VALUES (30, 30, 'FRIENDSHIP', '1977-07-13 07:19:39', '1997-05-21 22:53:52', '2008-03-29 20:14:43', '1979-06-13 20:00:58');
INSERT INTO `friendship` (`user_id`, `friend_id`, `friendship_status`, `requested_at`, `confirmed_at`, `created_at`, `updated_at`) VALUES (31, 31, 'FOLLOWING', '1973-04-04 10:02:42', '1985-07-07 17:28:08', '1993-04-04 16:18:57', '1981-04-12 09:02:15');
INSERT INTO `friendship` (`user_id`, `friend_id`, `friendship_status`, `requested_at`, `confirmed_at`, `created_at`, `updated_at`) VALUES (32, 32, 'FOLLOWING', '2013-11-17 02:24:05', '1973-05-09 13:17:11', '1974-05-31 21:23:18', '1979-06-07 23:57:34');
INSERT INTO `friendship` (`user_id`, `friend_id`, `friendship_status`, `requested_at`, `confirmed_at`, `created_at`, `updated_at`) VALUES (33, 33, 'FRIENDSHIP', '1996-11-30 06:19:36', '1997-08-15 08:26:27', '1992-09-24 12:16:21', '1990-02-19 20:54:34');
INSERT INTO `friendship` (`user_id`, `friend_id`, `friendship_status`, `requested_at`, `confirmed_at`, `created_at`, `updated_at`) VALUES (34, 34, 'BLOCKED', '1979-02-23 09:13:14', '2009-04-28 18:58:24', '1977-07-12 09:21:02', '1990-11-03 19:59:31');
INSERT INTO `friendship` (`user_id`, `friend_id`, `friendship_status`, `requested_at`, `confirmed_at`, `created_at`, `updated_at`) VALUES (35, 35, 'BLOCKED', '1982-01-12 14:37:57', '1977-06-15 08:10:42', '1989-06-25 14:38:01', '1995-08-15 14:08:21');
INSERT INTO `friendship` (`user_id`, `friend_id`, `friendship_status`, `requested_at`, `confirmed_at`, `created_at`, `updated_at`) VALUES (36, 36, 'FOLLOWING', '1994-08-11 00:59:29', '2015-05-30 06:33:01', '2002-06-28 00:46:08', '1996-02-14 16:12:54');
INSERT INTO `friendship` (`user_id`, `friend_id`, `friendship_status`, `requested_at`, `confirmed_at`, `created_at`, `updated_at`) VALUES (37, 37, 'FOLLOWING', '2018-04-06 00:32:14', '2020-02-03 05:11:57', '2001-09-20 19:43:29', '2019-05-02 13:28:14');
INSERT INTO `friendship` (`user_id`, `friend_id`, `friendship_status`, `requested_at`, `confirmed_at`, `created_at`, `updated_at`) VALUES (38, 38, 'BLOCKED', '1986-03-01 02:29:07', '2021-04-21 04:33:42', '2005-07-30 09:08:58', '2016-05-18 06:13:37');
INSERT INTO `friendship` (`user_id`, `friend_id`, `friendship_status`, `requested_at`, `confirmed_at`, `created_at`, `updated_at`) VALUES (39, 39, 'FRIENDSHIP', '2018-12-03 03:05:16', '2004-12-17 15:33:41', '2003-11-15 08:07:30', '2011-05-21 21:25:34');
INSERT INTO `friendship` (`user_id`, `friend_id`, `friendship_status`, `requested_at`, `confirmed_at`, `created_at`, `updated_at`) VALUES (40, 40, 'BLOCKED', '1997-06-12 11:04:12', '1978-05-31 12:38:55', '2002-02-16 18:45:44', '1977-10-24 05:15:54');
INSERT INTO `friendship` (`user_id`, `friend_id`, `friendship_status`, `requested_at`, `confirmed_at`, `created_at`, `updated_at`) VALUES (41, 41, 'FRIENDSHIP', '1983-09-28 17:07:31', '2005-12-16 20:17:52', '1972-09-25 09:03:31', '1972-12-13 17:34:37');
INSERT INTO `friendship` (`user_id`, `friend_id`, `friendship_status`, `requested_at`, `confirmed_at`, `created_at`, `updated_at`) VALUES (42, 42, 'BLOCKED', '2005-12-15 20:50:30', '2018-02-28 15:27:21', '1971-05-21 00:08:36', '2015-04-01 04:16:39');
INSERT INTO `friendship` (`user_id`, `friend_id`, `friendship_status`, `requested_at`, `confirmed_at`, `created_at`, `updated_at`) VALUES (43, 43, 'FRIENDSHIP', '2014-11-14 05:05:18', '2004-07-19 01:38:49', '1980-07-13 05:16:27', '2013-02-20 16:33:42');
INSERT INTO `friendship` (`user_id`, `friend_id`, `friendship_status`, `requested_at`, `confirmed_at`, `created_at`, `updated_at`) VALUES (44, 44, 'FRIENDSHIP', '2011-09-11 20:54:17', '1971-04-23 08:33:59', '2005-03-24 19:48:46', '2003-05-21 03:24:44');
INSERT INTO `friendship` (`user_id`, `friend_id`, `friendship_status`, `requested_at`, `confirmed_at`, `created_at`, `updated_at`) VALUES (45, 45, 'FOLLOWING', '2013-05-17 22:06:03', '2020-08-08 16:28:20', '1976-07-01 07:14:53', '2013-06-05 09:42:38');
INSERT INTO `friendship` (`user_id`, `friend_id`, `friendship_status`, `requested_at`, `confirmed_at`, `created_at`, `updated_at`) VALUES (46, 46, 'FRIENDSHIP', '2005-01-20 13:23:15', '1990-02-25 12:29:46', '2002-08-10 09:39:48', '1997-08-23 04:01:55');
INSERT INTO `friendship` (`user_id`, `friend_id`, `friendship_status`, `requested_at`, `confirmed_at`, `created_at`, `updated_at`) VALUES (47, 47, 'FOLLOWING', '1981-08-04 15:31:30', '1975-02-09 14:52:43', '2014-10-30 13:44:00', '2021-04-11 00:21:27');
INSERT INTO `friendship` (`user_id`, `friend_id`, `friendship_status`, `requested_at`, `confirmed_at`, `created_at`, `updated_at`) VALUES (48, 48, 'FRIENDSHIP', '1982-02-17 10:03:36', '2000-06-27 08:51:51', '1991-05-11 21:44:26', '1975-09-10 08:35:35');
INSERT INTO `friendship` (`user_id`, `friend_id`, `friendship_status`, `requested_at`, `confirmed_at`, `created_at`, `updated_at`) VALUES (49, 49, 'FRIENDSHIP', '1981-07-22 19:56:14', '1971-04-15 11:12:42', '1986-10-26 03:23:46', '1992-02-28 09:10:39');
INSERT INTO `friendship` (`user_id`, `friend_id`, `friendship_status`, `requested_at`, `confirmed_at`, `created_at`, `updated_at`) VALUES (50, 50, 'FOLLOWING', '2001-05-12 19:38:52', '2017-02-23 16:52:16', '2009-07-14 19:48:11', '1975-12-14 08:01:33');
INSERT INTO `friendship` (`user_id`, `friend_id`, `friendship_status`, `requested_at`, `confirmed_at`, `created_at`, `updated_at`) VALUES (51, 51, 'FRIENDSHIP', '2009-08-09 12:45:55', '2007-11-09 13:41:26', '1993-02-21 01:44:15', '2001-09-09 13:15:25');
INSERT INTO `friendship` (`user_id`, `friend_id`, `friendship_status`, `requested_at`, `confirmed_at`, `created_at`, `updated_at`) VALUES (52, 52, 'FRIENDSHIP', '1996-03-08 15:06:45', '1987-02-26 14:16:51', '2008-09-26 20:33:12', '1989-04-29 03:37:31');
INSERT INTO `friendship` (`user_id`, `friend_id`, `friendship_status`, `requested_at`, `confirmed_at`, `created_at`, `updated_at`) VALUES (53, 53, 'FRIENDSHIP', '2000-11-30 17:42:29', '1979-01-20 00:30:24', '1986-01-28 00:26:32', '2004-10-23 10:44:35');
INSERT INTO `friendship` (`user_id`, `friend_id`, `friendship_status`, `requested_at`, `confirmed_at`, `created_at`, `updated_at`) VALUES (54, 54, 'FRIENDSHIP', '1998-12-25 00:31:59', '1998-11-17 03:30:57', '2010-07-28 05:54:02', '1978-08-29 05:14:43');
INSERT INTO `friendship` (`user_id`, `friend_id`, `friendship_status`, `requested_at`, `confirmed_at`, `created_at`, `updated_at`) VALUES (55, 55, 'BLOCKED', '1993-01-03 11:09:10', '2015-06-29 10:17:39', '2021-02-16 08:54:57', '1980-12-03 22:55:54');
INSERT INTO `friendship` (`user_id`, `friend_id`, `friendship_status`, `requested_at`, `confirmed_at`, `created_at`, `updated_at`) VALUES (56, 56, 'BLOCKED', '2012-10-01 07:44:23', '1997-07-03 20:51:59', '1983-09-15 00:07:18', '2013-07-29 09:24:12');
INSERT INTO `friendship` (`user_id`, `friend_id`, `friendship_status`, `requested_at`, `confirmed_at`, `created_at`, `updated_at`) VALUES (57, 57, 'FOLLOWING', '1988-05-16 05:36:25', '2003-12-14 18:22:11', '2000-09-05 10:36:09', '2010-04-15 23:06:36');
INSERT INTO `friendship` (`user_id`, `friend_id`, `friendship_status`, `requested_at`, `confirmed_at`, `created_at`, `updated_at`) VALUES (58, 58, 'FRIENDSHIP', '1990-04-27 22:18:43', '2001-07-10 11:06:59', '1970-03-04 08:05:51', '2008-03-20 01:40:29');
INSERT INTO `friendship` (`user_id`, `friend_id`, `friendship_status`, `requested_at`, `confirmed_at`, `created_at`, `updated_at`) VALUES (59, 59, 'FRIENDSHIP', '2008-03-18 19:03:15', '1983-10-23 08:10:22', '1972-04-20 03:15:21', '1972-05-19 07:23:01');
INSERT INTO `friendship` (`user_id`, `friend_id`, `friendship_status`, `requested_at`, `confirmed_at`, `created_at`, `updated_at`) VALUES (60, 60, 'FOLLOWING', '1993-10-12 11:12:13', '1976-06-28 01:12:10', '1973-06-13 12:47:35', '2011-02-13 09:24:09');
INSERT INTO `friendship` (`user_id`, `friend_id`, `friendship_status`, `requested_at`, `confirmed_at`, `created_at`, `updated_at`) VALUES (61, 61, 'BLOCKED', '2007-09-21 00:42:49', '1993-06-03 17:43:15', '1996-08-01 10:35:35', '1975-09-04 03:50:55');
INSERT INTO `friendship` (`user_id`, `friend_id`, `friendship_status`, `requested_at`, `confirmed_at`, `created_at`, `updated_at`) VALUES (62, 62, 'FOLLOWING', '1999-07-21 00:36:41', '2013-01-03 13:15:36', '2001-07-11 19:31:49', '1991-07-02 21:02:58');
INSERT INTO `friendship` (`user_id`, `friend_id`, `friendship_status`, `requested_at`, `confirmed_at`, `created_at`, `updated_at`) VALUES (63, 63, 'FRIENDSHIP', '1970-08-15 20:08:55', '2010-09-24 05:22:11', '1985-09-08 06:01:18', '1985-01-11 19:50:29');
INSERT INTO `friendship` (`user_id`, `friend_id`, `friendship_status`, `requested_at`, `confirmed_at`, `created_at`, `updated_at`) VALUES (64, 64, 'FRIENDSHIP', '1973-07-25 23:37:02', '1978-08-16 03:29:24', '1999-07-22 22:49:14', '1993-01-25 00:10:46');
INSERT INTO `friendship` (`user_id`, `friend_id`, `friendship_status`, `requested_at`, `confirmed_at`, `created_at`, `updated_at`) VALUES (65, 65, 'BLOCKED', '1975-12-05 19:10:00', '2019-03-14 01:23:43', '1992-12-25 20:24:49', '2007-12-14 04:49:19');
INSERT INTO `friendship` (`user_id`, `friend_id`, `friendship_status`, `requested_at`, `confirmed_at`, `created_at`, `updated_at`) VALUES (66, 66, 'FRIENDSHIP', '2017-12-19 18:38:22', '1973-08-15 09:50:07', '1990-01-01 23:03:18', '2005-03-25 07:49:58');
INSERT INTO `friendship` (`user_id`, `friend_id`, `friendship_status`, `requested_at`, `confirmed_at`, `created_at`, `updated_at`) VALUES (67, 67, 'FOLLOWING', '2001-11-03 03:46:14', '1997-10-01 13:30:34', '2011-05-22 11:58:40', '2011-09-20 18:11:49');
INSERT INTO `friendship` (`user_id`, `friend_id`, `friendship_status`, `requested_at`, `confirmed_at`, `created_at`, `updated_at`) VALUES (68, 68, 'FOLLOWING', '2007-04-22 03:10:47', '2012-10-29 16:00:06', '2014-06-02 05:45:02', '1978-12-27 20:06:33');
INSERT INTO `friendship` (`user_id`, `friend_id`, `friendship_status`, `requested_at`, `confirmed_at`, `created_at`, `updated_at`) VALUES (69, 69, 'FOLLOWING', '1990-07-13 11:00:59', '2014-07-10 07:49:40', '1993-11-05 20:11:39', '1985-06-03 19:02:18');
INSERT INTO `friendship` (`user_id`, `friend_id`, `friendship_status`, `requested_at`, `confirmed_at`, `created_at`, `updated_at`) VALUES (70, 70, 'BLOCKED', '1978-01-22 13:00:10', '1990-08-26 09:39:49', '1979-03-14 12:24:25', '2002-05-20 03:05:58');
INSERT INTO `friendship` (`user_id`, `friend_id`, `friendship_status`, `requested_at`, `confirmed_at`, `created_at`, `updated_at`) VALUES (71, 71, 'FOLLOWING', '1977-05-25 16:58:54', '1984-07-18 03:52:39', '1984-01-24 07:06:30', '2000-08-14 03:23:11');
INSERT INTO `friendship` (`user_id`, `friend_id`, `friendship_status`, `requested_at`, `confirmed_at`, `created_at`, `updated_at`) VALUES (72, 72, 'FRIENDSHIP', '1979-08-17 20:38:45', '2017-12-01 08:20:41', '1980-03-23 18:20:59', '2002-12-21 00:09:26');
INSERT INTO `friendship` (`user_id`, `friend_id`, `friendship_status`, `requested_at`, `confirmed_at`, `created_at`, `updated_at`) VALUES (73, 73, 'FOLLOWING', '1980-11-16 01:39:37', '2005-02-04 06:35:49', '2016-11-24 14:06:32', '1985-06-12 18:29:03');
INSERT INTO `friendship` (`user_id`, `friend_id`, `friendship_status`, `requested_at`, `confirmed_at`, `created_at`, `updated_at`) VALUES (74, 74, 'BLOCKED', '2001-07-15 04:34:06', '2012-12-09 14:19:32', '1996-09-05 04:30:09', '2008-10-02 19:41:07');
INSERT INTO `friendship` (`user_id`, `friend_id`, `friendship_status`, `requested_at`, `confirmed_at`, `created_at`, `updated_at`) VALUES (75, 75, 'FRIENDSHIP', '1975-08-17 07:12:08', '1976-11-21 15:19:20', '2015-03-08 13:55:53', '2016-11-18 09:01:55');
INSERT INTO `friendship` (`user_id`, `friend_id`, `friendship_status`, `requested_at`, `confirmed_at`, `created_at`, `updated_at`) VALUES (76, 76, 'FOLLOWING', '1999-01-25 05:26:57', '2004-10-04 00:22:46', '1997-06-18 01:58:27', '2013-10-05 11:43:07');
INSERT INTO `friendship` (`user_id`, `friend_id`, `friendship_status`, `requested_at`, `confirmed_at`, `created_at`, `updated_at`) VALUES (77, 77, 'FRIENDSHIP', '1983-06-20 04:00:18', '1987-01-24 00:35:21', '1994-03-01 08:27:22', '2008-03-15 22:57:25');
INSERT INTO `friendship` (`user_id`, `friend_id`, `friendship_status`, `requested_at`, `confirmed_at`, `created_at`, `updated_at`) VALUES (78, 78, 'BLOCKED', '2012-07-25 11:19:27', '2005-10-07 10:31:00', '1976-08-07 04:36:48', '2018-08-29 16:36:25');
INSERT INTO `friendship` (`user_id`, `friend_id`, `friendship_status`, `requested_at`, `confirmed_at`, `created_at`, `updated_at`) VALUES (79, 79, 'FRIENDSHIP', '1972-11-09 17:47:53', '2009-06-13 16:13:26', '2011-11-03 00:58:31', '1993-12-02 14:09:38');
INSERT INTO `friendship` (`user_id`, `friend_id`, `friendship_status`, `requested_at`, `confirmed_at`, `created_at`, `updated_at`) VALUES (80, 80, 'FRIENDSHIP', '2018-02-13 06:05:24', '2001-08-28 03:42:45', '2002-01-24 17:20:52', '2019-10-25 13:44:27');
INSERT INTO `friendship` (`user_id`, `friend_id`, `friendship_status`, `requested_at`, `confirmed_at`, `created_at`, `updated_at`) VALUES (81, 81, 'BLOCKED', '1991-01-20 17:36:37', '2015-12-27 08:56:12', '2014-02-07 05:25:44', '1985-02-01 10:34:45');
INSERT INTO `friendship` (`user_id`, `friend_id`, `friendship_status`, `requested_at`, `confirmed_at`, `created_at`, `updated_at`) VALUES (82, 82, 'FOLLOWING', '1996-02-07 21:17:24', '1997-08-15 07:33:51', '2018-05-04 14:17:32', '2019-01-08 04:46:13');
INSERT INTO `friendship` (`user_id`, `friend_id`, `friendship_status`, `requested_at`, `confirmed_at`, `created_at`, `updated_at`) VALUES (83, 83, 'FOLLOWING', '1982-12-21 05:06:58', '2005-11-25 16:54:55', '2001-03-19 04:27:29', '1971-08-23 09:01:20');
INSERT INTO `friendship` (`user_id`, `friend_id`, `friendship_status`, `requested_at`, `confirmed_at`, `created_at`, `updated_at`) VALUES (84, 84, 'FOLLOWING', '2013-12-22 08:22:16', '2019-06-23 04:14:21', '2021-03-31 05:12:12', '1974-11-11 20:33:14');
INSERT INTO `friendship` (`user_id`, `friend_id`, `friendship_status`, `requested_at`, `confirmed_at`, `created_at`, `updated_at`) VALUES (85, 85, 'FOLLOWING', '2007-03-16 18:20:27', '1993-05-04 03:16:30', '1980-02-27 03:40:06', '1979-07-15 17:05:49');
INSERT INTO `friendship` (`user_id`, `friend_id`, `friendship_status`, `requested_at`, `confirmed_at`, `created_at`, `updated_at`) VALUES (86, 86, 'FOLLOWING', '2019-10-27 02:00:54', '1992-04-18 13:18:06', '1987-11-10 16:51:03', '1976-11-06 20:38:48');
INSERT INTO `friendship` (`user_id`, `friend_id`, `friendship_status`, `requested_at`, `confirmed_at`, `created_at`, `updated_at`) VALUES (87, 87, 'FOLLOWING', '2012-09-06 18:46:11', '2004-04-13 11:41:33', '2004-06-05 02:40:41', '2002-09-05 21:12:02');
INSERT INTO `friendship` (`user_id`, `friend_id`, `friendship_status`, `requested_at`, `confirmed_at`, `created_at`, `updated_at`) VALUES (88, 88, 'FOLLOWING', '1980-01-20 15:14:59', '1982-04-13 07:33:37', '2017-10-07 02:41:51', '2014-07-22 12:03:27');
INSERT INTO `friendship` (`user_id`, `friend_id`, `friendship_status`, `requested_at`, `confirmed_at`, `created_at`, `updated_at`) VALUES (89, 89, 'FOLLOWING', '1975-08-24 18:26:23', '1990-09-18 20:24:33', '2005-12-01 04:18:37', '2018-10-08 08:05:38');
INSERT INTO `friendship` (`user_id`, `friend_id`, `friendship_status`, `requested_at`, `confirmed_at`, `created_at`, `updated_at`) VALUES (90, 90, 'BLOCKED', '2005-05-28 21:44:13', '1993-11-25 00:31:48', '1975-09-22 19:18:40', '2007-04-05 19:27:11');
INSERT INTO `friendship` (`user_id`, `friend_id`, `friendship_status`, `requested_at`, `confirmed_at`, `created_at`, `updated_at`) VALUES (91, 91, 'FOLLOWING', '2015-07-19 10:34:51', '2017-03-03 19:44:20', '1982-02-22 15:55:18', '2011-07-29 12:41:39');
INSERT INTO `friendship` (`user_id`, `friend_id`, `friendship_status`, `requested_at`, `confirmed_at`, `created_at`, `updated_at`) VALUES (92, 92, 'FOLLOWING', '1981-07-14 11:20:59', '2005-10-27 03:35:18', '1971-11-16 14:17:03', '1981-08-04 10:04:43');
INSERT INTO `friendship` (`user_id`, `friend_id`, `friendship_status`, `requested_at`, `confirmed_at`, `created_at`, `updated_at`) VALUES (93, 93, 'FRIENDSHIP', '1970-01-01 06:32:54', '1985-11-28 07:27:20', '2017-03-10 04:44:38', '1977-04-04 23:44:15');
INSERT INTO `friendship` (`user_id`, `friend_id`, `friendship_status`, `requested_at`, `confirmed_at`, `created_at`, `updated_at`) VALUES (94, 94, 'BLOCKED', '2012-09-28 19:39:15', '2019-10-10 10:48:29', '2015-01-28 11:46:26', '1996-07-15 02:35:24');
INSERT INTO `friendship` (`user_id`, `friend_id`, `friendship_status`, `requested_at`, `confirmed_at`, `created_at`, `updated_at`) VALUES (95, 95, 'BLOCKED', '2000-09-21 21:58:53', '1974-09-17 02:10:10', '1982-03-27 17:31:57', '2017-08-23 06:58:03');
INSERT INTO `friendship` (`user_id`, `friend_id`, `friendship_status`, `requested_at`, `confirmed_at`, `created_at`, `updated_at`) VALUES (96, 96, 'BLOCKED', '1986-10-24 01:03:21', '1972-07-22 12:40:45', '2007-03-12 20:13:02', '2016-04-06 11:18:58');
INSERT INTO `friendship` (`user_id`, `friend_id`, `friendship_status`, `requested_at`, `confirmed_at`, `created_at`, `updated_at`) VALUES (97, 97, 'BLOCKED', '2014-02-23 20:46:04', '1980-11-09 02:16:34', '1999-07-29 21:45:36', '2011-03-10 19:17:20');
INSERT INTO `friendship` (`user_id`, `friend_id`, `friendship_status`, `requested_at`, `confirmed_at`, `created_at`, `updated_at`) VALUES (98, 98, 'FOLLOWING', '1982-03-18 18:58:51', '1976-08-08 06:21:21', '2012-12-11 07:47:18', '2007-11-19 16:55:11');
INSERT INTO `friendship` (`user_id`, `friend_id`, `friendship_status`, `requested_at`, `confirmed_at`, `created_at`, `updated_at`) VALUES (99, 99, 'FOLLOWING', '2002-11-04 02:59:57', '2019-06-29 09:09:31', '1991-05-25 09:01:03', '1990-05-31 07:01:45');
INSERT INTO `friendship` (`user_id`, `friend_id`, `friendship_status`, `requested_at`, `confirmed_at`, `created_at`, `updated_at`) VALUES (100, 100, 'FRIENDSHIP', '1974-11-09 21:34:00', '2008-09-12 00:31:00', '1983-05-19 18:58:44', '2012-04-04 06:15:04');


#
# TABLE STRUCTURE FOR: communities
#


INSERT INTO `communities` (`id`, `name`, `created_at`, `updated_at`) VALUES (1, 'animi', '1982-02-04 13:43:26', '2012-05-25 23:48:53');
INSERT INTO `communities` (`id`, `name`, `created_at`, `updated_at`) VALUES (2, 'labore', '1989-03-22 01:16:07', '1995-10-02 22:58:59');
INSERT INTO `communities` (`id`, `name`, `created_at`, `updated_at`) VALUES (3, 'distinctio', '1999-04-16 23:02:50', '2007-08-04 17:40:43');
INSERT INTO `communities` (`id`, `name`, `created_at`, `updated_at`) VALUES (4, 'cupiditate', '1981-03-07 09:24:19', '2004-11-08 21:09:14');
INSERT INTO `communities` (`id`, `name`, `created_at`, `updated_at`) VALUES (5, 'possimus', '1989-06-16 06:44:39', '1998-12-01 06:43:08');
INSERT INTO `communities` (`id`, `name`, `created_at`, `updated_at`) VALUES (6, 'aperiam', '1995-10-07 14:56:12', '2011-04-17 18:05:26');
INSERT INTO `communities` (`id`, `name`, `created_at`, `updated_at`) VALUES (7, 'reprehenderit', '1990-09-07 09:28:15', '2007-05-14 04:54:09');
INSERT INTO `communities` (`id`, `name`, `created_at`, `updated_at`) VALUES (8, 'aspernatur', '1986-11-17 08:28:09', '1972-05-14 21:22:48');
INSERT INTO `communities` (`id`, `name`, `created_at`, `updated_at`) VALUES (9, 'nihil', '1991-10-29 16:23:24', '2011-06-07 13:42:56');
INSERT INTO `communities` (`id`, `name`, `created_at`, `updated_at`) VALUES (10, 'dolores', '1996-06-21 00:03:01', '2010-05-17 04:12:54');
INSERT INTO `communities` (`id`, `name`, `created_at`, `updated_at`) VALUES (11, 'rerum', '2005-06-20 10:04:04', '1999-01-16 20:49:36');
INSERT INTO `communities` (`id`, `name`, `created_at`, `updated_at`) VALUES (12, 'in', '2005-09-03 04:20:32', '1994-01-29 03:57:20');
INSERT INTO `communities` (`id`, `name`, `created_at`, `updated_at`) VALUES (13, 'quae', '2001-12-14 03:34:23', '2003-09-05 00:12:50');
INSERT INTO `communities` (`id`, `name`, `created_at`, `updated_at`) VALUES (14, 'repudiandae', '1986-07-29 17:26:43', '1973-05-08 00:01:25');
INSERT INTO `communities` (`id`, `name`, `created_at`, `updated_at`) VALUES (15, 'tempore', '1978-12-06 03:04:54', '1978-01-04 06:27:09');
INSERT INTO `communities` (`id`, `name`, `created_at`, `updated_at`) VALUES (16, 'aliquid', '2002-01-08 18:19:07', '2002-09-30 06:22:20');
INSERT INTO `communities` (`id`, `name`, `created_at`, `updated_at`) VALUES (17, 'qui', '2007-09-15 04:45:06', '2016-04-01 12:50:28');
INSERT INTO `communities` (`id`, `name`, `created_at`, `updated_at`) VALUES (18, 'officiis', '1986-04-22 16:57:21', '1979-05-24 12:42:45');
INSERT INTO `communities` (`id`, `name`, `created_at`, `updated_at`) VALUES (19, 'eos', '2012-06-02 12:11:44', '2015-12-10 21:32:57');
INSERT INTO `communities` (`id`, `name`, `created_at`, `updated_at`) VALUES (20, 'suscipit', '1972-06-05 03:17:17', '1990-04-28 02:04:08');
INSERT INTO `communities` (`id`, `name`, `created_at`, `updated_at`) VALUES (21, 'voluptatem', '2011-10-22 02:07:17', '2006-07-05 14:46:38');
INSERT INTO `communities` (`id`, `name`, `created_at`, `updated_at`) VALUES (22, 'est', '1972-03-31 20:33:48', '2010-01-08 12:27:59');
INSERT INTO `communities` (`id`, `name`, `created_at`, `updated_at`) VALUES (23, 'adipisci', '1974-05-18 21:42:21', '2008-11-17 03:59:12');
INSERT INTO `communities` (`id`, `name`, `created_at`, `updated_at`) VALUES (24, 'eius', '1973-11-03 05:39:35', '2021-02-12 23:27:21');
INSERT INTO `communities` (`id`, `name`, `created_at`, `updated_at`) VALUES (25, 'voluptatibus', '1996-11-08 01:08:56', '1977-01-10 10:48:29');
INSERT INTO `communities` (`id`, `name`, `created_at`, `updated_at`) VALUES (26, 'numquam', '1985-11-21 10:15:34', '1981-11-08 10:52:20');
INSERT INTO `communities` (`id`, `name`, `created_at`, `updated_at`) VALUES (27, 'non', '2015-01-09 19:08:19', '1977-03-11 07:33:30');
INSERT INTO `communities` (`id`, `name`, `created_at`, `updated_at`) VALUES (28, 'facere', '1974-11-09 04:37:00', '1970-08-12 05:59:46');
INSERT INTO `communities` (`id`, `name`, `created_at`, `updated_at`) VALUES (29, 'quos', '1987-03-23 03:47:10', '2005-03-02 20:06:51');
INSERT INTO `communities` (`id`, `name`, `created_at`, `updated_at`) VALUES (30, 'nam', '1971-04-20 22:03:39', '2005-07-30 17:01:29');
INSERT INTO `communities` (`id`, `name`, `created_at`, `updated_at`) VALUES (31, 'et', '1977-01-26 07:19:17', '2005-05-07 03:01:49');
INSERT INTO `communities` (`id`, `name`, `created_at`, `updated_at`) VALUES (32, 'totam', '1999-10-12 01:56:14', '2020-09-28 13:54:51');
INSERT INTO `communities` (`id`, `name`, `created_at`, `updated_at`) VALUES (33, 'veritatis', '2005-01-18 08:13:25', '2001-05-29 03:08:52');
INSERT INTO `communities` (`id`, `name`, `created_at`, `updated_at`) VALUES (34, 'ea', '1975-12-10 06:38:23', '1987-08-31 05:24:13');
INSERT INTO `communities` (`id`, `name`, `created_at`, `updated_at`) VALUES (35, 'corrupti', '2000-10-19 02:46:18', '1991-05-05 20:59:02');
INSERT INTO `communities` (`id`, `name`, `created_at`, `updated_at`) VALUES (36, 'quas', '2010-12-30 23:17:44', '1994-04-22 02:03:31');
INSERT INTO `communities` (`id`, `name`, `created_at`, `updated_at`) VALUES (37, 'molestiae', '2018-10-30 06:05:04', '2001-08-12 11:51:11');
INSERT INTO `communities` (`id`, `name`, `created_at`, `updated_at`) VALUES (38, 'vel', '2004-04-04 15:16:49', '1975-04-12 14:01:01');
INSERT INTO `communities` (`id`, `name`, `created_at`, `updated_at`) VALUES (39, 'sint', '2009-07-08 11:16:10', '2006-04-16 15:36:14');
INSERT INTO `communities` (`id`, `name`, `created_at`, `updated_at`) VALUES (40, 'voluptas', '2000-08-12 07:40:13', '1996-11-12 03:20:46');
INSERT INTO `communities` (`id`, `name`, `created_at`, `updated_at`) VALUES (41, 'itaque', '2009-09-09 01:48:34', '1988-06-02 23:25:28');
INSERT INTO `communities` (`id`, `name`, `created_at`, `updated_at`) VALUES (42, 'laudantium', '2004-09-20 15:03:14', '1983-11-29 05:33:07');
INSERT INTO `communities` (`id`, `name`, `created_at`, `updated_at`) VALUES (43, 'aut', '2009-06-29 15:38:04', '1985-02-05 13:18:13');
INSERT INTO `communities` (`id`, `name`, `created_at`, `updated_at`) VALUES (44, 'at', '1974-07-07 06:18:57', '1995-12-14 12:58:37');
INSERT INTO `communities` (`id`, `name`, `created_at`, `updated_at`) VALUES (45, 'autem', '2013-03-24 01:21:44', '1988-05-10 06:57:17');
INSERT INTO `communities` (`id`, `name`, `created_at`, `updated_at`) VALUES (46, 'nobis', '1989-09-25 20:55:44', '2020-11-17 06:32:05');
INSERT INTO `communities` (`id`, `name`, `created_at`, `updated_at`) VALUES (47, 'expedita', '2013-08-08 00:15:34', '1990-10-13 17:12:54');
INSERT INTO `communities` (`id`, `name`, `created_at`, `updated_at`) VALUES (48, 'earum', '2007-10-28 07:09:06', '1992-03-13 13:24:51');
INSERT INTO `communities` (`id`, `name`, `created_at`, `updated_at`) VALUES (49, 'fugiat', '1992-02-28 22:47:38', '2002-04-18 16:43:15');
INSERT INTO `communities` (`id`, `name`, `created_at`, `updated_at`) VALUES (50, 'asperiores', '1980-02-23 01:35:25', '1995-07-11 08:59:38');
INSERT INTO `communities` (`id`, `name`, `created_at`, `updated_at`) VALUES (51, 'id', '2008-04-17 08:03:46', '1974-09-22 16:03:32');
INSERT INTO `communities` (`id`, `name`, `created_at`, `updated_at`) VALUES (52, 'dolorem', '1984-09-20 23:24:55', '2012-01-14 18:42:20');
INSERT INTO `communities` (`id`, `name`, `created_at`, `updated_at`) VALUES (53, 'fugit', '1974-03-25 05:20:24', '1991-01-17 14:35:47');
INSERT INTO `communities` (`id`, `name`, `created_at`, `updated_at`) VALUES (54, 'repellat', '2019-09-24 15:35:24', '2009-10-14 22:44:50');
INSERT INTO `communities` (`id`, `name`, `created_at`, `updated_at`) VALUES (55, 'ad', '1993-03-25 05:09:29', '1997-07-19 13:49:27');
INSERT INTO `communities` (`id`, `name`, `created_at`, `updated_at`) VALUES (56, 'ratione', '1974-01-22 18:07:09', '2011-09-02 19:37:44');
INSERT INTO `communities` (`id`, `name`, `created_at`, `updated_at`) VALUES (57, 'mollitia', '1986-01-15 01:24:15', '1974-07-25 15:06:55');
INSERT INTO `communities` (`id`, `name`, `created_at`, `updated_at`) VALUES (58, 'voluptate', '1996-12-01 05:18:30', '1979-02-17 16:38:33');
INSERT INTO `communities` (`id`, `name`, `created_at`, `updated_at`) VALUES (59, 'explicabo', '1998-06-04 03:02:08', '1975-12-01 19:28:26');
INSERT INTO `communities` (`id`, `name`, `created_at`, `updated_at`) VALUES (60, 'maiores', '1992-03-09 03:39:13', '1980-08-19 05:29:09');
INSERT INTO `communities` (`id`, `name`, `created_at`, `updated_at`) VALUES (61, 'quam', '2013-08-08 12:43:56', '1970-10-28 15:16:09');
INSERT INTO `communities` (`id`, `name`, `created_at`, `updated_at`) VALUES (62, 'debitis', '2020-02-15 05:50:33', '1993-08-31 05:12:20');
INSERT INTO `communities` (`id`, `name`, `created_at`, `updated_at`) VALUES (63, 'enim', '1981-01-21 08:50:25', '2008-10-15 20:45:43');
INSERT INTO `communities` (`id`, `name`, `created_at`, `updated_at`) VALUES (64, 'quis', '2007-04-01 12:40:30', '1971-11-22 05:14:38');
INSERT INTO `communities` (`id`, `name`, `created_at`, `updated_at`) VALUES (65, 'incidunt', '1990-06-25 07:51:40', '2001-04-18 04:09:31');
INSERT INTO `communities` (`id`, `name`, `created_at`, `updated_at`) VALUES (66, 'neque', '2002-03-07 02:58:18', '1987-08-29 16:16:50');
INSERT INTO `communities` (`id`, `name`, `created_at`, `updated_at`) VALUES (67, 'accusantium', '1992-10-30 03:02:47', '1978-02-08 23:08:49');
INSERT INTO `communities` (`id`, `name`, `created_at`, `updated_at`) VALUES (68, 'iure', '1987-09-29 22:35:28', '1990-05-11 10:37:31');
INSERT INTO `communities` (`id`, `name`, `created_at`, `updated_at`) VALUES (69, 'architecto', '1991-02-22 16:20:46', '1995-07-21 09:10:15');
INSERT INTO `communities` (`id`, `name`, `created_at`, `updated_at`) VALUES (70, 'inventore', '2003-03-26 01:28:18', '2011-04-11 00:19:13');
INSERT INTO `communities` (`id`, `name`, `created_at`, `updated_at`) VALUES (71, 'ut', '1976-10-29 21:04:57', '1975-01-10 11:28:04');
INSERT INTO `communities` (`id`, `name`, `created_at`, `updated_at`) VALUES (72, 'commodi', '1977-03-13 13:59:26', '2016-02-08 07:02:46');
INSERT INTO `communities` (`id`, `name`, `created_at`, `updated_at`) VALUES (73, 'odit', '2005-06-23 14:49:40', '2019-12-16 03:30:05');
INSERT INTO `communities` (`id`, `name`, `created_at`, `updated_at`) VALUES (74, 'consequuntur', '1975-05-07 23:07:46', '1999-01-29 17:44:55');
INSERT INTO `communities` (`id`, `name`, `created_at`, `updated_at`) VALUES (75, 'ab', '1972-11-03 10:28:14', '2014-03-27 22:50:03');
INSERT INTO `communities` (`id`, `name`, `created_at`, `updated_at`) VALUES (76, 'consequatur', '1970-01-27 17:02:46', '1997-07-08 19:59:50');
INSERT INTO `communities` (`id`, `name`, `created_at`, `updated_at`) VALUES (77, 'exercitationem', '1973-10-20 12:20:53', '1995-05-28 03:44:12');
INSERT INTO `communities` (`id`, `name`, `created_at`, `updated_at`) VALUES (78, 'alias', '2011-04-12 14:30:33', '1988-01-26 10:48:55');
INSERT INTO `communities` (`id`, `name`, `created_at`, `updated_at`) VALUES (79, 'provident', '2007-10-03 08:25:07', '1971-05-29 13:11:19');
INSERT INTO `communities` (`id`, `name`, `created_at`, `updated_at`) VALUES (80, 'atque', '1996-11-06 08:14:49', '2013-12-11 10:51:38');
INSERT INTO `communities` (`id`, `name`, `created_at`, `updated_at`) VALUES (81, 'a', '2019-11-02 13:11:20', '1998-02-10 13:00:54');
INSERT INTO `communities` (`id`, `name`, `created_at`, `updated_at`) VALUES (82, 'voluptatum', '2002-07-03 06:55:23', '2012-02-10 18:22:31');
INSERT INTO `communities` (`id`, `name`, `created_at`, `updated_at`) VALUES (83, 'laborum', '1987-10-19 03:13:00', '2000-08-09 09:03:11');
INSERT INTO `communities` (`id`, `name`, `created_at`, `updated_at`) VALUES (84, 'dolore', '2001-05-30 08:16:39', '1970-12-02 02:38:30');
INSERT INTO `communities` (`id`, `name`, `created_at`, `updated_at`) VALUES (85, 'quia', '1979-10-13 07:24:13', '1993-02-22 11:37:18');
INSERT INTO `communities` (`id`, `name`, `created_at`, `updated_at`) VALUES (86, 'ipsam', '1980-01-29 04:18:33', '2013-05-13 06:03:30');
INSERT INTO `communities` (`id`, `name`, `created_at`, `updated_at`) VALUES (87, 'temporibus', '2010-12-13 07:46:09', '2010-11-18 09:50:54');
INSERT INTO `communities` (`id`, `name`, `created_at`, `updated_at`) VALUES (88, 'consectetur', '1975-05-30 15:36:36', '1976-11-28 21:23:12');
INSERT INTO `communities` (`id`, `name`, `created_at`, `updated_at`) VALUES (89, 'deleniti', '2016-11-08 11:03:57', '2012-03-15 02:26:28');
INSERT INTO `communities` (`id`, `name`, `created_at`, `updated_at`) VALUES (90, 'quo', '1999-04-18 00:39:57', '2020-10-20 10:31:35');
INSERT INTO `communities` (`id`, `name`, `created_at`, `updated_at`) VALUES (91, 'beatae', '1989-12-27 00:21:27', '1986-02-22 00:25:10');
INSERT INTO `communities` (`id`, `name`, `created_at`, `updated_at`) VALUES (92, 'minus', '2004-04-05 13:34:52', '2007-09-23 14:03:55');
INSERT INTO `communities` (`id`, `name`, `created_at`, `updated_at`) VALUES (93, 'magnam', '2007-05-11 09:51:43', '1974-10-30 19:52:17');
INSERT INTO `communities` (`id`, `name`, `created_at`, `updated_at`) VALUES (94, 'sapiente', '1989-07-07 06:10:17', '1991-01-07 04:12:02');
INSERT INTO `communities` (`id`, `name`, `created_at`, `updated_at`) VALUES (95, 'eaque', '1970-02-22 10:24:30', '2005-08-07 17:01:46');
INSERT INTO `communities` (`id`, `name`, `created_at`, `updated_at`) VALUES (96, 'dignissimos', '2007-02-15 09:59:50', '2004-01-19 00:32:15');
INSERT INTO `communities` (`id`, `name`, `created_at`, `updated_at`) VALUES (97, 'quasi', '1972-02-17 04:39:12', '1983-02-23 18:58:09');
INSERT INTO `communities` (`id`, `name`, `created_at`, `updated_at`) VALUES (98, 'soluta', '1981-09-01 11:59:34', '2018-03-02 10:35:30');
INSERT INTO `communities` (`id`, `name`, `created_at`, `updated_at`) VALUES (99, 'excepturi', '2002-08-02 02:33:38', '2001-12-01 16:06:53');
INSERT INTO `communities` (`id`, `name`, `created_at`, `updated_at`) VALUES (100, 'ipsa', '1994-04-09 04:22:37', '1987-06-26 12:25:35');


#
# TABLE STRUCTURE FOR: communities_users
#

INSERT INTO `communities_users` (`community_id`, `user_id`, `created_at`) VALUES (1, 1, '1993-03-12 18:54:59');
INSERT INTO `communities_users` (`community_id`, `user_id`, `created_at`) VALUES (2, 2, '2013-06-20 05:15:54');
INSERT INTO `communities_users` (`community_id`, `user_id`, `created_at`) VALUES (3, 3, '1977-11-17 09:36:08');
INSERT INTO `communities_users` (`community_id`, `user_id`, `created_at`) VALUES (4, 4, '1971-11-22 17:30:54');
INSERT INTO `communities_users` (`community_id`, `user_id`, `created_at`) VALUES (5, 5, '1973-10-06 17:02:34');
INSERT INTO `communities_users` (`community_id`, `user_id`, `created_at`) VALUES (6, 6, '2018-03-12 22:59:44');
INSERT INTO `communities_users` (`community_id`, `user_id`, `created_at`) VALUES (7, 7, '1990-10-18 16:24:34');
INSERT INTO `communities_users` (`community_id`, `user_id`, `created_at`) VALUES (8, 8, '1982-02-08 20:19:16');
INSERT INTO `communities_users` (`community_id`, `user_id`, `created_at`) VALUES (9, 9, '2001-03-02 14:20:01');
INSERT INTO `communities_users` (`community_id`, `user_id`, `created_at`) VALUES (10, 10, '1971-12-02 13:57:04');
INSERT INTO `communities_users` (`community_id`, `user_id`, `created_at`) VALUES (11, 11, '1992-12-26 16:15:02');
INSERT INTO `communities_users` (`community_id`, `user_id`, `created_at`) VALUES (12, 12, '2018-11-08 17:49:08');
INSERT INTO `communities_users` (`community_id`, `user_id`, `created_at`) VALUES (13, 13, '1977-06-27 20:27:01');
INSERT INTO `communities_users` (`community_id`, `user_id`, `created_at`) VALUES (14, 14, '2009-11-03 11:01:31');
INSERT INTO `communities_users` (`community_id`, `user_id`, `created_at`) VALUES (15, 15, '1993-11-10 13:56:42');
INSERT INTO `communities_users` (`community_id`, `user_id`, `created_at`) VALUES (16, 16, '1975-07-15 16:33:15');
INSERT INTO `communities_users` (`community_id`, `user_id`, `created_at`) VALUES (17, 17, '1982-12-30 11:34:39');
INSERT INTO `communities_users` (`community_id`, `user_id`, `created_at`) VALUES (18, 18, '2013-08-23 05:46:06');
INSERT INTO `communities_users` (`community_id`, `user_id`, `created_at`) VALUES (19, 19, '2007-01-04 15:58:13');
INSERT INTO `communities_users` (`community_id`, `user_id`, `created_at`) VALUES (20, 20, '1993-12-13 10:27:07');
INSERT INTO `communities_users` (`community_id`, `user_id`, `created_at`) VALUES (21, 21, '2021-02-11 17:16:39');
INSERT INTO `communities_users` (`community_id`, `user_id`, `created_at`) VALUES (22, 22, '1980-03-06 13:10:01');
INSERT INTO `communities_users` (`community_id`, `user_id`, `created_at`) VALUES (23, 23, '2005-11-26 00:18:53');
INSERT INTO `communities_users` (`community_id`, `user_id`, `created_at`) VALUES (24, 24, '1998-09-09 15:05:02');
INSERT INTO `communities_users` (`community_id`, `user_id`, `created_at`) VALUES (25, 25, '1990-10-15 17:06:34');
INSERT INTO `communities_users` (`community_id`, `user_id`, `created_at`) VALUES (26, 26, '1989-03-24 13:21:07');
INSERT INTO `communities_users` (`community_id`, `user_id`, `created_at`) VALUES (27, 27, '2014-08-23 00:28:52');
INSERT INTO `communities_users` (`community_id`, `user_id`, `created_at`) VALUES (28, 28, '1995-07-14 14:04:49');
INSERT INTO `communities_users` (`community_id`, `user_id`, `created_at`) VALUES (29, 29, '1991-04-23 11:12:11');
INSERT INTO `communities_users` (`community_id`, `user_id`, `created_at`) VALUES (30, 30, '1986-11-08 23:23:27');
INSERT INTO `communities_users` (`community_id`, `user_id`, `created_at`) VALUES (31, 31, '2009-09-13 06:57:48');
INSERT INTO `communities_users` (`community_id`, `user_id`, `created_at`) VALUES (32, 32, '1977-12-12 16:49:11');
INSERT INTO `communities_users` (`community_id`, `user_id`, `created_at`) VALUES (33, 33, '2007-05-22 01:46:08');
INSERT INTO `communities_users` (`community_id`, `user_id`, `created_at`) VALUES (34, 34, '1980-03-07 21:59:02');
INSERT INTO `communities_users` (`community_id`, `user_id`, `created_at`) VALUES (35, 35, '1998-02-23 20:20:11');
INSERT INTO `communities_users` (`community_id`, `user_id`, `created_at`) VALUES (36, 36, '2018-12-19 02:23:19');
INSERT INTO `communities_users` (`community_id`, `user_id`, `created_at`) VALUES (37, 37, '1988-06-01 12:42:23');
INSERT INTO `communities_users` (`community_id`, `user_id`, `created_at`) VALUES (38, 38, '2011-04-21 12:23:08');
INSERT INTO `communities_users` (`community_id`, `user_id`, `created_at`) VALUES (39, 39, '1981-07-01 09:47:01');
INSERT INTO `communities_users` (`community_id`, `user_id`, `created_at`) VALUES (40, 40, '1991-11-11 15:44:13');
INSERT INTO `communities_users` (`community_id`, `user_id`, `created_at`) VALUES (41, 41, '1979-10-26 15:27:01');
INSERT INTO `communities_users` (`community_id`, `user_id`, `created_at`) VALUES (42, 42, '2011-05-22 17:35:54');
INSERT INTO `communities_users` (`community_id`, `user_id`, `created_at`) VALUES (43, 43, '2002-06-09 22:34:26');
INSERT INTO `communities_users` (`community_id`, `user_id`, `created_at`) VALUES (44, 44, '1973-02-05 09:31:01');
INSERT INTO `communities_users` (`community_id`, `user_id`, `created_at`) VALUES (45, 45, '1986-10-24 04:29:42');
INSERT INTO `communities_users` (`community_id`, `user_id`, `created_at`) VALUES (46, 46, '2008-11-19 03:12:41');
INSERT INTO `communities_users` (`community_id`, `user_id`, `created_at`) VALUES (47, 47, '1979-12-20 14:07:06');
INSERT INTO `communities_users` (`community_id`, `user_id`, `created_at`) VALUES (48, 48, '1977-01-21 13:56:35');
INSERT INTO `communities_users` (`community_id`, `user_id`, `created_at`) VALUES (49, 49, '2016-09-27 03:21:45');
INSERT INTO `communities_users` (`community_id`, `user_id`, `created_at`) VALUES (50, 50, '1982-10-26 10:27:22');
INSERT INTO `communities_users` (`community_id`, `user_id`, `created_at`) VALUES (51, 51, '2010-09-29 02:09:06');
INSERT INTO `communities_users` (`community_id`, `user_id`, `created_at`) VALUES (52, 52, '1979-05-29 10:54:20');
INSERT INTO `communities_users` (`community_id`, `user_id`, `created_at`) VALUES (53, 53, '2009-10-15 05:07:17');
INSERT INTO `communities_users` (`community_id`, `user_id`, `created_at`) VALUES (54, 54, '1994-09-23 17:50:30');
INSERT INTO `communities_users` (`community_id`, `user_id`, `created_at`) VALUES (55, 55, '1995-05-15 03:25:33');
INSERT INTO `communities_users` (`community_id`, `user_id`, `created_at`) VALUES (56, 56, '2016-10-12 09:15:32');
INSERT INTO `communities_users` (`community_id`, `user_id`, `created_at`) VALUES (57, 57, '2010-12-21 19:03:08');
INSERT INTO `communities_users` (`community_id`, `user_id`, `created_at`) VALUES (58, 58, '1996-02-26 18:12:51');
INSERT INTO `communities_users` (`community_id`, `user_id`, `created_at`) VALUES (59, 59, '2003-08-20 23:08:41');
INSERT INTO `communities_users` (`community_id`, `user_id`, `created_at`) VALUES (60, 60, '2014-03-04 08:16:44');
INSERT INTO `communities_users` (`community_id`, `user_id`, `created_at`) VALUES (61, 61, '2001-04-05 23:18:48');
INSERT INTO `communities_users` (`community_id`, `user_id`, `created_at`) VALUES (62, 62, '2001-03-30 07:18:59');
INSERT INTO `communities_users` (`community_id`, `user_id`, `created_at`) VALUES (63, 63, '1979-05-10 20:10:51');
INSERT INTO `communities_users` (`community_id`, `user_id`, `created_at`) VALUES (64, 64, '1986-12-02 06:43:21');
INSERT INTO `communities_users` (`community_id`, `user_id`, `created_at`) VALUES (65, 65, '1987-10-11 20:45:17');
INSERT INTO `communities_users` (`community_id`, `user_id`, `created_at`) VALUES (66, 66, '1992-11-18 02:18:55');
INSERT INTO `communities_users` (`community_id`, `user_id`, `created_at`) VALUES (67, 67, '2008-06-02 14:50:57');
INSERT INTO `communities_users` (`community_id`, `user_id`, `created_at`) VALUES (68, 68, '1980-04-29 14:36:28');
INSERT INTO `communities_users` (`community_id`, `user_id`, `created_at`) VALUES (69, 69, '2009-02-07 06:08:28');
INSERT INTO `communities_users` (`community_id`, `user_id`, `created_at`) VALUES (70, 70, '1999-09-12 03:22:14');
INSERT INTO `communities_users` (`community_id`, `user_id`, `created_at`) VALUES (71, 71, '1996-04-06 12:21:04');
INSERT INTO `communities_users` (`community_id`, `user_id`, `created_at`) VALUES (72, 72, '1983-09-07 21:22:38');
INSERT INTO `communities_users` (`community_id`, `user_id`, `created_at`) VALUES (73, 73, '1997-05-29 06:30:08');
INSERT INTO `communities_users` (`community_id`, `user_id`, `created_at`) VALUES (74, 74, '2015-07-18 07:53:09');
INSERT INTO `communities_users` (`community_id`, `user_id`, `created_at`) VALUES (75, 75, '1980-03-24 13:05:17');
INSERT INTO `communities_users` (`community_id`, `user_id`, `created_at`) VALUES (76, 76, '1991-11-18 19:27:53');
INSERT INTO `communities_users` (`community_id`, `user_id`, `created_at`) VALUES (77, 77, '2010-05-09 13:00:54');
INSERT INTO `communities_users` (`community_id`, `user_id`, `created_at`) VALUES (78, 78, '2015-08-22 19:32:59');
INSERT INTO `communities_users` (`community_id`, `user_id`, `created_at`) VALUES (79, 79, '2003-05-23 13:55:35');
INSERT INTO `communities_users` (`community_id`, `user_id`, `created_at`) VALUES (80, 80, '2014-07-27 03:17:30');
INSERT INTO `communities_users` (`community_id`, `user_id`, `created_at`) VALUES (81, 81, '2011-02-11 22:46:45');
INSERT INTO `communities_users` (`community_id`, `user_id`, `created_at`) VALUES (82, 82, '2015-09-02 11:39:18');
INSERT INTO `communities_users` (`community_id`, `user_id`, `created_at`) VALUES (83, 83, '2016-10-26 19:10:02');
INSERT INTO `communities_users` (`community_id`, `user_id`, `created_at`) VALUES (84, 84, '1972-08-05 05:29:17');
INSERT INTO `communities_users` (`community_id`, `user_id`, `created_at`) VALUES (85, 85, '2005-09-29 20:36:36');
INSERT INTO `communities_users` (`community_id`, `user_id`, `created_at`) VALUES (86, 86, '1988-09-19 17:28:57');
INSERT INTO `communities_users` (`community_id`, `user_id`, `created_at`) VALUES (87, 87, '1974-10-29 08:23:27');
INSERT INTO `communities_users` (`community_id`, `user_id`, `created_at`) VALUES (88, 88, '1971-02-01 22:50:40');
INSERT INTO `communities_users` (`community_id`, `user_id`, `created_at`) VALUES (89, 89, '1990-03-23 10:31:07');
INSERT INTO `communities_users` (`community_id`, `user_id`, `created_at`) VALUES (90, 90, '1999-08-07 06:12:00');
INSERT INTO `communities_users` (`community_id`, `user_id`, `created_at`) VALUES (91, 91, '2017-10-26 13:28:31');
INSERT INTO `communities_users` (`community_id`, `user_id`, `created_at`) VALUES (92, 92, '1993-04-27 05:30:48');
INSERT INTO `communities_users` (`community_id`, `user_id`, `created_at`) VALUES (93, 93, '1976-08-18 03:06:57');
INSERT INTO `communities_users` (`community_id`, `user_id`, `created_at`) VALUES (94, 94, '2018-08-28 14:05:02');
INSERT INTO `communities_users` (`community_id`, `user_id`, `created_at`) VALUES (95, 95, '1985-07-29 05:14:38');
INSERT INTO `communities_users` (`community_id`, `user_id`, `created_at`) VALUES (96, 96, '2008-10-19 09:12:02');
INSERT INTO `communities_users` (`community_id`, `user_id`, `created_at`) VALUES (97, 97, '1980-04-29 14:33:06');
INSERT INTO `communities_users` (`community_id`, `user_id`, `created_at`) VALUES (98, 98, '2003-11-13 12:25:53');
INSERT INTO `communities_users` (`community_id`, `user_id`, `created_at`) VALUES (99, 99, '1981-03-24 20:06:09');
INSERT INTO `communities_users` (`community_id`, `user_id`, `created_at`) VALUES (100, 100, '2010-12-15 14:16:35');